,Unnamed: 0,ampl,dur,ed,ederr,istart,istop,istart_no_sys_no_thruster,istop_no_sys_no_thruster
0,0,0.01742277752032791,0.08172826735972194,17.17711916779288,20.398955451540452,296,300,296,300
1,1,0.12125955867309107,0.16345667790301374,336.3874013636239,62.23026655694338,308,316,308,316
2,2,0.056995407816974576,0.06129581229470205,97.30215304403649,20.021505747372167,611,614,611,614
3,3,0.007201600450718798,0.04086361906956881,19.19222368987685,4.0415424878895925,915,917,915,917
4,4,0.0008493480740195326,0.04086333024315536,2.440271806764049,0.54851034141152,1186,1188,1186,1188
5,5,0.05591956065801795,0.16345319382526213,152.59217096777812,28.522112640199317,1421,1429,1421,1429
6,6,0.009019813042696024,0.06129464998230105,31.291918690991515,6.1719170044678835,2441,2444,2441,2444
7,7,6.70281625983508e-05,0.06129465158301173,-0.2297295075642226,0.2683611092116537,2452,2455,2452,2455
