,Unnamed: 0,ampl,dur,ed,ederr,istart,istop,istart_no_sys_no_thruster,istop_no_sys_no_thruster
0,0,0.014254588156261978,0.04086392698081909,35.161712034303235,8.37092710701581,430,432,430,432
1,1,0.06418034569070287,0.14302218883676687,258.8483978162734,46.914677911014756,1124,1131,1124,1131
2,2,0.03291054882108483,0.04086323478259146,72.18094349762754,15.956536317183144,1331,1333,1331,1333
3,3,0.02933549367322834,0.04086341406218708,69.83637267436939,15.210417690383297,1372,1374,1372,1374
4,4,0.005493256455264784,0.061294644132431124,18.0327889112734,36.63104434523992,2355,2358,2355,2358
5,5,0.011847759333267156,0.061294681596336886,56.317894304408895,16.110009160203376,2562,2565,2562,2565
6,6,0.03813959042754039,0.040863037182134576,72.43914430666689,15.827424698469953,2641,2643,2641,2643
