,Unnamed: 0,ampl,dur,ed,ederr,istart,istop,istart_no_sys_no_thruster,istop_no_sys_no_thruster
0,0,0.03577206714658498,0.04086299968184903,90.27591739413006,19.738830939645183,2435,2437,2435,2437
