,Unnamed: 0,ampl,dur,ed,ederr,istart,istop,istart_no_sys_no_thruster,istop_no_sys_no_thruster
0,0,0.033624341210456044,0.040863786816771615,82.04264069171919,17.90654169109784,1023,1025,1023,1025
1,1,0.0026012344324074232,0.06129552288621199,-1.5769732384495945,2.04849074944967,1029,1032,1029,1032
2,2,0.0015531721795650187,0.061295290295674924,2.5401394694510744,2.8555835472003483,1235,1238,1235,1238
3,3,0.046687691252448885,0.06129497248184634,130.8175142314195,27.340258222232194,1595,1598,1595,1595
4,4,0.01156914534411872,0.061294913568417535,51.860732332692145,12.787226393859171,1681,1684,1681,1684
5,5,0.03775145571018417,0.0817262790442328,224.76158110987552,262.3076015642832,3000,3003,3000,3003
