,Unnamed: 0,ampl,dur,ed,ederr,istart,istop,istart_no_sys_no_thruster,istop_no_sys_no_thruster
0,0,0.3845030785297745,0.04086410975287436,448.3203615366845,99.6204009035078,582,584,582,584
1,1,3.428126428350676,0.10215781680017244,8028.873498451559,1586.3416894562245,2076,2081,2076,2081
