,Unnamed: 0,ampl,dur,ed,ederr,istart,istop,istart_no_sys_no_thruster,istop_no_sys_no_thruster
0,0,0.006480550910096537,0.040863902773708105,18.7855419811657,4.657730838984357,501,503,501,503
