,Unnamed: 0,ampl,dur,ed,ederr,istart,istop,istart_no_sys_no_thruster,istop_no_sys_no_thruster
0,0,0.2354083032492013,0.06129665316984756,721.2861924478083,147.9274303161173,238,241,238,241
1,1,0.12018976771416455,0.14302407674404094,503.66745789334914,92.00382738831676,566,573,566,573
2,2,0.12391691089759127,0.28604521039960673,1366.3229500626835,227.43333320874237,1064,1076,1064,1076
3,3,0.047404499747013364,0.040863274938601535,117.40468718153838,38.06409078296673,1597,1599,1599,1599
4,4,0.17659606711811074,0.20431622929754667,815.9985986683718,148.08471139554678,1715,1725,1715,1725
5,5,0.0399827461234196,0.10215767593763304,287.9246361299804,555.5839428734155,2205,2209,2205,2209
6,6,-0.2843715172109279,0.08172611844929634,-2396.07617800098,5092.939960148026,2216,2219,2216,2219
7,7,0.009367402849335307,0.04086310310958652,31.71695166893669,9.023980491003776,2292,2294,2292,2294
8,8,0.2078066332773995,0.4494958804643829,1936.0203713406434,310.89988934649534,3093,3113,3093,3113
