,Unnamed: 0,ampl,dur,ed,ederr,istart,istop,istart_no_sys_no_thruster,istop_no_sys_no_thruster
0,0,0.09447343501898688,0.061295768529817,121.5053033875424,27.346526900866746,724,726,724,726
1,1,1.0351533917769922,0.3269073192132055,3982.4350293628704,718.9349138031772,1286,1302,1289,1302
