,Unnamed: 0,ampl,dur,ed,ederr,istart,istop,istart_no_sys_no_thruster,istop_no_sys_no_thruster
0,0,0.03366922782060384,0.061295487961615436,111.51148301391164,22.837922076639572,951,954,951,954
1,1,0.033645358115743214,0.040863448281015735,55.13176867005091,12.234006174811062,1099,1101,1099,1101
