,Unnamed: 0,ampl,dur,ed,ederr,istart,istop,istart_no_sys_no_thruster,istop_no_sys_no_thruster
0,0,0.006541724324015978,0.06129610474454239,24.12975219653212,5.49664514875994,607,610,607,610
1,1,0.003071475478340539,0.04086401068343548,7.013541906859165,1.5126434595569083,669,671,669,671
2,2,0.042214560503730895,0.040863389724108856,124.11461203078751,27.849352924320478,1462,1464,1462,1464
3,3,0.0262222548947858,0.04086324525269447,53.16934379381829,13.235543792174878,2101,2103,2101,2103
4,4,6.187006402764307e-14,0.04086312617437216,-1.6712799615766671,0.4331022089615594,2727,2729,2727,2729
5,5,0.01623582698578425,0.061294801882468164,48.69235933346592,10.103791069856833,2774,2777,2774,2777
