,Unnamed: 0,ampl,dur,ed,ederr,istart,istop,istart_no_sys_no_thruster,istop_no_sys_no_thruster
0,0,0.009912161494223377,0.04086379753425717,26.5765068913974,6.2117918614404095,682,684,682,684
1,1,0.13310217243820968,0.08172649237531003,284.9799563854897,59.6331575829951,1648,1652,1648,1652
2,2,0.048667637598052114,0.04086324141098885,70.13551591630424,39.95207945455913,1660,1662,1660,1662
3,3,0.008747754731877956,0.04086315185850253,26.117179621530205,8.357293183300202,2780,2782,2780,2782
4,4,0.013573304972509078,0.04086330846621422,41.24093923998162,9.135119762929103,2968,2970,2968,2970
5,5,0.10162402792966688,0.18388462000439176,428.2940491722182,78.16038177647067,3071,3079,3071,3079
