,Unnamed: 0,ampl,dur,ed,ederr,istart,istop,istart_no_sys_no_thruster,istop_no_sys_no_thruster
0,0,-0.03479739816075742,0.10216126572777284,-414.1765924449951,567.6656600606076,165,170,165,170
