,Unnamed: 0,ampl,dur,ed,ederr,istart,istop,istart_no_sys_no_thruster,istop_no_sys_no_thruster
0,0,0.041632679779239706,0.10215808548673523,280.9780974655929,53.71254085721653,1702,1707,1702.0,1707.0
1,1,0.1286207538702055,0.0408630179008469,241.23191415821753,53.21330862164782,2024,2026,3170.0,3172.0
2,2,0.013064140655490322,0.04086333745362936,36.52736220721224,59.74596078958294,3170,3172,,
