,Unnamed: 0,ampl,dur,ed,ederr,istart,istop,istart_no_sys_no_thruster,istop_no_sys_no_thruster
0,0,0.12996188875535206,0.20431559519056464,599.8338243313549,109.449606699926,2100,2110,2100,2110
1,1,0.007800535254186875,0.08172631041816203,39.981353253040034,7.079447716403678,2427,2431,2427,2431
2,2,0.0005823884984151401,0.08172611390909879,0.3453905838001886,0.05293233469299105,2451,2455,2451,2455
3,3,0.008205422872926565,0.040863213063857984,23.81888669443644,5.607844187617464,2516,2518,2516,2518
4,4,0.03610061309333363,0.0612948154375772,89.9080126288228,20.613048541164755,2930,2931,2930,2931
