,Unnamed: 0,ampl,dur,ed,ederr,istart,istop,istart_no_sys_no_thruster,istop_no_sys_no_thruster
0,0,0.07358920577078297,0.2451805398668512,232.85524115208455,39.79705071230181,1164,1176,1164.0,1176.0
1,1,0.1760556935018182,0.040863270398403984,243.2480842908067,53.55857391681362,1232,1233,1232.0,1233.0
2,2,-0.002952969693224601,0.06129467271239264,-17.9455263959084,23.7075999891525,1964,1967,1964.0,1967.0
3,3,0.018672786929555582,0.040863007765437935,54.49746266314916,12.526538898923386,2025,2027,2865.0,2867.0
4,4,-0.0013077600867674698,0.040863324364181615,-10.102489250591805,19.827676095598985,2865,2867,,
