,Unnamed: 0,ampl,dur,ed,ederr,istart,istop,istart_no_sys_no_thruster,istop_no_sys_no_thruster
0,0,-0.0427139026018878,0.040863903930585366,-217.85532348788672,441.97449377328763,678,680,678,680
1,1,0.0010215377284021477,0.061295374587643885,1.0771711785274585,0.26013771336038555,948,951,948,951
