,Unnamed: 0,ampl,dur,ed,ederr,istart,istop,istart_no_sys_no_thruster,istop_no_sys_no_thruster
0,0,0.0008385794417788693,0.04086324863601476,2.6643659335566108,1.1444664865707146,2738,2740,2738,2740
