,Unnamed: 0,ampl,dur,ed,ederr,istart,istop,istart_no_sys_no_thruster,istop_no_sys_no_thruster
0,0,0.003315599907751364,0.04086344851384638,10.119110163666052,2.680671206382037,1358,1360,1358,1360
1,1,0.008646144324084936,0.0408631056707236,14.685917722165536,3.5096913002069017,2411,2413,2411,2413
