,Unnamed: 0,ampl,dur,ed,ederr,istart,istop,istart_no_sys_no_thruster,istop_no_sys_no_thruster
0,0,0.16207670323512333,0.08172814139834372,448.01254265677596,94.84605056823256,595,599,595,599
1,1,0.057409172298826125,0.08172812416887609,197.22548874655945,114.10185594036793,604,608,606,608
2,2,0.04277334693420714,0.04086338571505621,64.89802419408842,14.698753845128133,3198,3200,3198,3200
