,Unnamed: 0,ampl,dur,ed,ederr,istart,istop,istart_no_sys_no_thruster,istop_no_sys_no_thruster
0,0,0.5314889481984102,0.12258940217725467,1872.3919075296951,354.7561407929924,2432,2438,2432,2438
1,1,0.011843616775800495,0.06129465391859412,48.738862459513776,64.40586466840989,2483,2486,2483,2486
2,2,0.14761427882547884,0.040863206777430605,259.60011113801295,58.8805943359931,2539,2541,2539,2541
