,Unnamed: 0,ampl,dur,ed,ederr,istart,istop,istart_no_sys_no_thruster,istop_no_sys_no_thruster
0,0,0.03991774041838876,0.04086321777867852,97.6707353696533,244.01839207567838,2542,2544,2542,2544
1,1,-0.02172275535157777,0.10215790068468776,-245.73438414755088,508.69891412397766,2556,2561,2556,2561
2,2,0.21363909399676706,0.08172623684367862,434.67377561873695,90.31566139823497,2804,2807,2804,2807
3,3,0.008611487482553084,0.04086317063047318,19.013461022545627,51.03101649400514,2813,2815,2813,2815
