,Unnamed: 0,ampl,dur,ed,ederr,istart,istop,istart_no_sys_no_thruster,istop_no_sys_no_thruster
0,0,0.7987647152641791,0.040863947237085085,1188.5629886677416,260.6439250625241,811,813,811,813
1,1,0.060990984353131175,0.04086322488001315,196.86922384554057,48.782066905110504,2230,2232,2230,2232
