,Unnamed: 0,ampl,dur,ed,ederr,istart,istop,istart_no_sys_no_thruster,istop_no_sys_no_thruster
0,0,0.04180293083035788,0.06129621218860847,152.826823225953,29.740451826670128,588,591,588,591
1,1,0.06379970715353232,0.04086410369927762,116.13831650235277,26.04610681928993,663,665,663,665
2,2,0.018823984966115846,0.0817270473271492,98.82012015074345,18.20560896988962,1164,1168,1164,1168
3,3,0.08533197214397685,0.06129500996757997,235.37916446699924,48.022233378803854,1544,1547,1544,1547
4,4,-0.007160921519926937,0.061294725797779386,-100.44975439995022,125.40990861355247,2068,2071,2068,2071
5,5,0.03658579787243915,0.1634525317713269,399.8222366818538,63.53711070647313,2521,2528,2521,2528
6,6,0.07528585688561873,0.04086314298183424,128.5039430268885,29.669003943577717,2802,2804,2802,2804
