,Unnamed: 0,ampl,dur,ed,ederr,istart,istop,istart_no_sys_no_thruster,istop_no_sys_no_thruster
0,0,0.1199042976524857,0.08172716339322507,222.25124484370247,45.82915589122056,1052,1055,1052,1055
