,Unnamed: 0,ampl,dur,ed,ederr,istart,istop,istart_no_sys_no_thruster,istop_no_sys_no_thruster
0,0,0.04652330672244966,0.1634535224729916,242.5999123146469,43.54148326040311,1399,1407,1399,1407
1,1,0.003117637021136065,0.06129473848704947,12.991996070971705,2.358802299598914,1911,1914,1911,1914
