,Unnamed: 0,ampl,dur,ed,ederr,istart,istop,istart_no_sys_no_thruster,istop_no_sys_no_thruster
0,0,0.06820982277581578,0.040863011905457824,115.15144100787079,26.37586307591701,2504,2506,2504,2506
1,1,3.8802855207092666,0.14302151642186803,24112.213479365462,5387.030493246173,3074,3075,3074,3075
