,Unnamed: 0,ampl,dur,ed,ederr,istart,istop,istart_no_sys_no_thruster,istop_no_sys_no_thruster
0,0,0.20505632880233648,0.16345670573355164,703.7706023157942,131.0901265376474,351,359,351,359
1,1,0.32565945215954545,0.04086316120083211,510.78544203919074,112.94901637596986,2728,2730,2728,2730
