,Unnamed: 0,ampl,dur,ed,ederr,istart,istop,istart_no_sys_no_thruster,istop_no_sys_no_thruster
0,0,0.0065976224749452065,0.04086395294871181,18.84676210370481,31.63900075031547,609,611,609,611
1,1,0.07996571139305661,0.04086384409310995,95.92332823239192,21.54478327631959,619,621,619,621
2,2,0.019005694868946585,0.18388632467394928,101.1203855916774,18.181747740500203,986,994,986,994
3,3,0.001805677075138391,0.14302091734862188,4.710973609788066,4.628855566776349,1977,1984,1977,1984
4,4,0.00463099423902691,0.06129478385992115,20.540238994638216,3.743732275415116,2868,2871,2868,2871
