,Unnamed: 0,ampl,dur,ed,ederr,istart,istop,istart_no_sys_no_thruster,istop_no_sys_no_thruster
0,0,0.042087646724954714,0.04086455969809322,101.48444580999217,26.797879020002398,141,143,1166.0,1169.0
1,1,0.17407951643007494,0.06129535385844065,372.0088266330793,78.76993360000597,1166,1169,,
