,Unnamed: 0,ampl,dur,ed,ederr,istart,istop,istart_no_sys_no_thruster,istop_no_sys_no_thruster
0,0,0.3378968317741938,0.04086348915006965,352.69547426373384,78.39128429866442,1140,1142,1140,1142
1,1,0.07313851166463232,0.040863241301849484,201.8060685932516,43.93190016001315,1960,1962,1960,1962
