,Unnamed: 0,ampl,dur,ed,ederr,istart,istop,istart_no_sys_no_thruster,istop_no_sys_no_thruster
0,0,1.506136507729226,0.040864022324967664,3837.428986963253,856.2077918378067,517,519,517,519
1,1,0.20023665102134391,0.06129493616026594,757.2559996572278,166.80216180517445,1521,1524,1521,1524
