,Unnamed: 0,ampl,dur,ed,ederr,istart,istop,istart_no_sys_no_thruster,istop_no_sys_no_thruster
0,0,0.03443978432504887,0.06129576899547829,140.49308339935237,31.153166706411238,732,734,732,734
1,1,0.11477505853150735,0.20431751476280624,708.9201606629177,125.59888359563185,1195,1205,1195,1205
2,2,0.003743655208428923,0.061294666709727615,3.2975508361796484,0.8433270867650137,2268,2271,2268,2271
3,3,0.02143985873936169,0.061294664679735426,-4.982030164838979,1.770582442152531,2296,2298,2296,2298
4,4,0.023126993120077776,0.04086329188430682,67.8159833806748,18.262600092687595,3137,3139,3137,3139
