,Unnamed: 0,ampl,dur,ed,ederr,istart,istop,istart_no_sys_no_thruster,istop_no_sys_no_thruster
0,0,0.1293093714812717,0.04086404979898362,280.29427051320505,61.65534986503793,503,505,503,505
1,1,0.02430755212982363,0.04086301978531992,65.38809061974689,13.954027700377074,2557,2559,2557,2559
