,Unnamed: 0,ampl,dur,ed,ederr,istart,istop,istart_no_sys_no_thruster,istop_no_sys_no_thruster
0,0,0.014888785348713346,0.04086318798363209,39.59152417424436,8.437763487272898,1577,1579,1577,1579
1,1,0.027217567346102443,0.061294577251828734,91.58501094086884,19.08291415769108,2514,2517,2514,2517
