,Unnamed: 0,ampl,dur,ed,ederr,istart,istop,istart_no_sys_no_thruster,istop_no_sys_no_thruster
0,0,0.15859057150996075,0.08172663620644016,322.8704337855542,73.17275987141518,3106,3109,3106,3109
1,1,0.07538215606882,0.08172654580994276,312.3369869762231,129.5733021286083,3117,3120,3117,3120
2,2,0.030242250378759005,0.1634532747339108,297.08403113485235,49.50614526554392,3162,3169,3162,3169
