,Unnamed: 0,ampl,dur,ed,ederr,istart,istop,istart_no_sys_no_thruster,istop_no_sys_no_thruster
0,0,0.1459506022076533,0.0408637440923485,390.75606226002924,84.89505620354127,780,782,780,782
1,1,0.42918489966916745,0.08172633602953283,690.4275181553467,136.63409879095454,1826,1830,1826,1830
