,Unnamed: 0,ampl,dur,ed,ederr,istart,istop,istart_no_sys_no_thruster,istop_no_sys_no_thruster
0,0,0.011888463262070029,0.040864095899451065,28.141048262046233,7.141327374378303,411,413,411,413
1,1,0.16492429690953506,0.1634546542627504,912.557540508733,163.43014008002243,856,864,856,864
2,2,0.008755072725025652,0.040863373542379115,24.21468566029907,47.32797656367825,1528,1530,1528,1530
3,3,0.09895087513023987,0.04086336888576625,150.2314581837408,33.08471451346931,1539,1541,1539,1541
4,4,0.009938177683767044,0.08172632811329095,42.848109704853094,9.75649979290411,2151,2155,2151,2155
5,5,0.3911406831576614,0.08172631559136789,1084.565036875728,227.93487464904956,2337,2340,2337,2340
6,6,0.10094991286331743,0.06129466852144105,198.40619753336102,85.23475269048053,2430,2433,2430,2433
7,7,0.015364868351766425,0.040863149508368224,33.3558221516476,8.852618584324143,2991,2993,2991,2993
