,Unnamed: 0,ampl,dur,ed,ederr,istart,istop,istart_no_sys_no_thruster,istop_no_sys_no_thruster
0,0,0.014088313439659559,0.08172664336598245,37.214594772457275,64.92158223355432,1606,1610,1606,1610
1,1,0.034497643025713946,0.08172663672303315,180.44827412858214,33.70234755626349,3112,3116,3112,3116
