,Unnamed: 0,ampl,dur,ed,ederr,istart,istop,istart_no_sys_no_thruster,istop_no_sys_no_thruster
0,0,0.04533440782437576,0.06129524093557848,196.68756860321116,37.19913308276596,1129,1132,1129,1132
1,1,0.3449975577633996,0.04086325062235119,361.67071205618765,81.13312762794395,2680,2682,2680,2682
