,Unnamed: 0,ampl,dur,ed,ederr,istart,istop,istart_no_sys_no_thruster,istop_no_sys_no_thruster
0,0,0.19403445151396695,0.061294787614315276,234.0264510231472,48.558402901987115,1851,1854,1851,1854
