,Unnamed: 0,ampl,dur,ed,ederr,istart,istop,istart_no_sys_no_thruster,istop_no_sys_no_thruster
0,0,0.0762828434973394,0.061295249783142935,113.34626410969456,23.49247036150102,1151,1154,1151,1154
1,1,0.10112373394065853,0.040863169509975705,148.892268660825,32.904133278885745,2790,2792,2790,2792
2,2,0.009499754978338756,0.04086347039992688,32.534432233639265,6.8173723325012805,3284,3286,3284,3286
