,Unnamed: 0,ampl,dur,ed,ederr,istart,istop,istart_no_sys_no_thruster,istop_no_sys_no_thruster
0,0,0.15215703696701974,0.040864006026822615,256.0759854091695,57.402791787475024,500,502,500,502
1,1,2.1024978938555927,0.16345288416050607,7803.712796982556,1476.4891050112353,1730,1738,1730,1738
