,Unnamed: 0,ampl,dur,ed,ederr,istart,istop,istart_no_sys_no_thruster,istop_no_sys_no_thruster
0,0,0.0425053543109383,0.04086329437996028,115.68795579400391,24.658136400396643,1357,1359,1357,1359
1,1,0.0074871822697369465,0.04086311026912881,22.485125588806877,5.621309904537437,2296,2298,2296,2298
2,2,0.030595425880678283,0.061294741892197635,47.90292637874436,28.75136249783927,2782,2784,2782,2784
3,3,0.00802503303325159,0.04086319712223485,19.177965164176953,5.819866441489882,2903,2905,2903,2905
