,Unnamed: 0,ampl,dur,ed,ederr,istart,istop,istart_no_sys_no_thruster,istop_no_sys_no_thruster
0,0,0.11486174905349925,0.04086397762148408,263.1584747321832,58.88058538728052,593,595,593,595
1,1,0.3629086939346686,0.040863856665964704,550.0042775065621,121.84002385169451,616,618,616,618
