,Unnamed: 0,ampl,dur,ed,ederr,istart,istop,istart_no_sys_no_thruster,istop_no_sys_no_thruster
0,0,0.0162142382692582,0.0408640539899352,53.7845341897916,13.020951933941847,525,527,525,527
1,1,0.4164874335262535,0.08172786862996873,1365.3878954992065,269.6589597203499,647,651,647,651
2,2,0.09180414747409557,0.040863517788238816,269.995783606543,59.01839536422,1159,1161,1159,1161
