,Unnamed: 0,ampl,dur,ed,ederr,istart,istop,istart_no_sys_no_thruster,istop_no_sys_no_thruster
0,0,0.005195995396918083,0.04086332931183279,7.202295035055013,10.001737108352973,1300,1302,1300,1302
1,1,0.15140212647465065,0.0408631277969107,294.0398979490078,64.81881609970513,2127,2129,2127,2129
