,Unnamed: 0,ampl,dur,ed,ederr,istart,istop,istart_no_sys_no_thruster,istop_no_sys_no_thruster
0,0,0.006348225891993521,0.04086457355879247,15.219901480493107,3.5582389216282486,106,108,106,108
1,1,0.0016158779016950202,0.061294663399166886,7.383949433167305,1.8109356381438304,2459,2461,2459,2461
