,Unnamed: 0,ampl,dur,ed,ederr,istart,istop,istart_no_sys_no_thruster,istop_no_sys_no_thruster
0,0,0.13748061737263834,0.04086324980016798,126.98658169819143,27.22868151740819,1605,1607,1605,1607
1,1,0.17202645528736238,0.14302089698321652,784.5010843249902,144.52399891055626,2146,2153,2146,2153
