,Unnamed: 0,ampl,dur,ed,ederr,istart,istop,istart_no_sys_no_thruster,istop_no_sys_no_thruster
0,0,0.015641371075629764,0.22475020555430086,211.58667462271103,24.47575546066772,1094,1104,1094,1104
1,1,0.014289729488762754,0.0817264803845319,59.83990326011834,9.634206419535417,1692,1696,1692,1696
