,Unnamed: 0,ampl,dur,ed,ederr,istart,istop,istart_no_sys_no_thruster,istop_no_sys_no_thruster
0,0,0.2205544673802473,0.06129563278955175,374.4336524313229,77.1857214992082,834,837,834,837
1,1,0.012304285616573577,0.040863746653485584,27.991105723574353,74.74897079944532,845,847,845,847
2,2,0.0035571144966825654,0.04086338099295972,-0.7307949064606574,4.247528778786623,1560,1561,1560,1561
