,Unnamed: 0,ampl,dur,ed,ederr,istart,istop,istart_no_sys_no_thruster,istop_no_sys_no_thruster
0,0,0.0364983737394188,0.061294996230572,75.10048647101176,16.092061362639708,1499,1502,1499,1502
1,1,0.05544983983998451,0.04086316574102966,76.90534267153551,17.315763461165012,1936,1938,1936,1938
2,2,0.05720402318215211,0.08172621938138036,176.68241601223926,35.888252984768904,2510,2514,2510,2514
3,3,0.005519152562500308,0.04086312476283638,16.249573392880652,4.477457352913786,3024,3026,3024,3026
4,4,0.02400052005195693,0.040863396367058165,55.43162772814783,13.557295659914011,3196,3198,3196,3198
