,Unnamed: 0,ampl,dur,ed,ederr,istart,istop,istart_no_sys_no_thruster,istop_no_sys_no_thruster
0,0,0.2659614760891821,0.08172647257742938,1053.3917659159397,208.7606624079669,1691,1695,1691,1695
1,1,0.024248249327729447,0.04086320683563826,68.14643405235842,17.522415064551545,2313,2315,2313,2315
