,Unnamed: 0,ampl,dur,ed,ederr,istart,istop,istart_no_sys_no_thruster,istop_no_sys_no_thruster
0,0,0.2260912339297941,0.06129522929404629,584.8820392978009,130.1473369186369,1122,1124,1122,1124
1,1,0.0117851226533665,0.06129522277478827,34.60067721425528,68.92158626699053,1128,1131,1128,1131
2,2,0.3714981648894505,0.061295134997635614,625.5165986289436,129.71272772189855,1222,1225,1222,1225
