,Unnamed: 0,ampl,dur,ed,ederr,istart,istop,istart_no_sys_no_thruster,istop_no_sys_no_thruster
0,0,0.30463346248554296,0.04086345573887229,483.4113824730529,106.53229819934744,1016,1018,1016,1018
1,1,0.00841269202205978,0.04086316125903977,17.021336799058833,56.55732602376092,3004,3006,3004,3006
2,2,0.1307339260360373,0.3882011397072347,2471.85517129281,343.29941796299926,3010,3027,3010,3027
