,Unnamed: 0,ampl,dur,ed,ederr,istart,istop,istart_no_sys_no_thruster,istop_no_sys_no_thruster
0,0,0.2757591062284831,0.04086412849574117,731.1787033361177,169.47863749163824,506,508,506,508
1,1,0.024383204004203376,0.18388852608768505,-36.57632161348933,36.280426053110034,514,523,514,523
2,2,0.017495264900169494,0.04086410428863019,49.796839397472674,12.34306051300679,530,532,530,532
