,Unnamed: 0,ampl,dur,ed,ederr,istart,istop,istart_no_sys_no_thruster,istop_no_sys_no_thruster
0,0,-0.0316978581115275,0.06129502673138632,-578.3747096216853,1235.1472289833239,1421,1424,1421,1424
1,1,-0.01070182256990867,0.04086326190008549,-57.30813477409294,133.7543744789975,1921,1923,1921,1923
