,Unnamed: 0,ampl,dur,ed,ederr,istart,istop,istart_no_sys_no_thruster,istop_no_sys_no_thruster
0,0,0.15129557140533895,0.04086323442606954,379.7249048237216,81.73119730024945,1984,1986,1984,1986
1,1,0.5272709677454618,0.04086318238842068,735.9634059970532,163.08905799119253,2781,2783,2781,2783
