,Unnamed: 0,ampl,dur,ed,ederr,istart,istop,istart_no_sys_no_thruster,istop_no_sys_no_thruster
0,0,0.21445806407665846,0.08172913849557517,483.732513387209,98.90251214998526,38,42,38,42
1,1,0.0864355226595034,0.06129493825574173,362.42377201532935,74.57796194287232,1544,1547,1544,1547
2,2,0.1006648172259699,0.04086326307151466,105.15551173860884,23.588095862099358,1917,1919,1917,1919
