,Unnamed: 0,ampl,dur,ed,ederr,istart,istop,istart_no_sys_no_thruster,istop_no_sys_no_thruster
0,0,0.7949575872515882,0.3269076421420323,3867.6844215318897,653.0090424681177,1244,1259,1244,1259
1,1,0.18690924108105847,0.04086327004915802,365.04967905197935,81.48864097532342,1894,1896,1894,1896
