,Unnamed: 0,ampl,dur,ed,ederr,istart,istop,istart_no_sys_no_thruster,istop_no_sys_no_thruster
0,0,0.0409696200065548,0.2451864012691658,315.59244423106355,125.75937900718073,141,153,145,153
1,1,0.010968794799442558,0.04086434502823977,25.613819606436362,6.472944286768506,195,197,195,197
2,2,0.0889803791798056,0.12259250598435754,272.0622178736657,51.35456889371539,387,393,387,393
3,3,0.02820675829576856,0.040863248985260725,71.83529352358548,16.046240466431176,3005,3007,3005,3007
4,4,0.019274848272762518,0.061294883307709824,81.71501037784351,22.42688664218937,3020,3023,3020,3023
