,Unnamed: 0,ampl,dur,ed,ederr,istart,istop,istart_no_sys_no_thruster,istop_no_sys_no_thruster
0,0,0.13088406969265576,0.04086315317545086,343.41217838152517,74.59935277428417,1954,1956,1954,1956
1,1,0.029192900121391217,0.06129495804634644,128.9456975033733,26.811262778658534,3188,3191,3188,3191
