,Unnamed: 0,ampl,dur,ed,ederr,istart,istop,istart_no_sys_no_thruster,istop_no_sys_no_thruster
0,0,0.4740174794592683,0.10215895976580214,1736.1462009289328,333.71471349880784,1013,1018,1013,1018
1,1,0.028084676223743308,0.04086323082447052,82.55237876154887,18.4106155276084,1479,1481,1479,1481
2,2,0.027346850308496158,0.14302089331613388,205.01011176372867,330.56943831946967,2426,2432,2426,2432
3,3,0.046613521920895636,0.04086321405338822,92.09782343882615,21.055045577539435,2462,2464,2462,2464
