,Unnamed: 0,ampl,dur,ed,ederr,istart,istop,istart_no_sys_no_thruster,istop_no_sys_no_thruster
0,0,0.32106187204736325,0.04086315754102543,338.43462919157747,75.58938792365106,2782,2784,2782,2784
