,Unnamed: 0,ampl,dur,ed,ederr,istart,istop,istart_no_sys_no_thruster,istop_no_sys_no_thruster
0,0,0.0019072587559836641,0.040863584486942266,5.653481231480925,1.5613938078091567,897,899,897,899
1,1,0.04641205387832836,0.2043157097432413,332.37955290231616,60.300489700169656,1986,1996,1986,1996
2,2,0.003938324093180196,0.040863010566681617,12.734788051034474,3.3554899491027546,2257,2259,2257,2259
3,3,0.02291486105414697,0.04086323507362977,39.03955917336406,9.359934442412166,2970,2972,2970,2972
