,Unnamed: 0,ampl,dur,ed,ederr,istart,istop,istart_no_sys_no_thruster,istop_no_sys_no_thruster
0,0,0.03439311260243611,0.04086308775004,76.2832532694346,17.395385936575305,1860,1862,1860.0,1862.0
1,1,0.15902110363014274,0.08172619330434827,190.41077595386867,38.776280302307335,2023,2027,,
