,Unnamed: 0,ampl,dur,ed,ederr,istart,istop,istart_no_sys_no_thruster,istop_no_sys_no_thruster
0,0,0.09219357919552087,0.08172644813748775,425.4290028322468,82.22396061234714,1711,1715,1711,1715
