,Unnamed: 0,ampl,dur,ed,ederr,istart,istop,istart_no_sys_no_thruster,istop_no_sys_no_thruster
0,0,0.01819451400556453,0.04086324234958738,48.37572118877711,13.897078258386419,1621,1623,1621,1623
1,1,0.4930906263398806,0.08172648608888268,793.5665399814762,160.9130593591341,1757,1761,1757,1761
