,Unnamed: 0,ampl,dur,ed,ederr,istart,istop,istart_no_sys_no_thruster,istop_no_sys_no_thruster
0,0,0.002417874303535193,0.24518123499001376,36.7400713572428,13.966808275880627,1104,1115,1104,1115
1,1,0.0012225580161987107,0.16345420396100965,11.166551368857698,8.170049888419083,1124,1132,1124,1132
