,Unnamed: 0,ampl,dur,ed,ederr,istart,istop,istart_no_sys_no_thruster,istop_no_sys_no_thruster
0,0,0.23131280231140056,0.061294727311178576,493.81270925988235,102.63781210140723,1985,1988,1985,1988
1,1,0.0304945373842419,0.061294663399166886,100.06318610650581,21.54838774864961,2341,2344,2341,2344
2,2,0.4733616978766873,0.16345268591248896,2393.0666191783275,475.42370106241503,2823,2827,2823,2827
3,3,0.011717663981845605,0.04086317450855858,36.480817906957924,199.60172221547643,2834,2836,2834,2836
