,Unnamed: 0,ampl,dur,ed,ederr,istart,istop,istart_no_sys_no_thruster,istop_no_sys_no_thruster
0,0,3.709250000503341,0.06129470177256735,8190.688625160885,1814.9618364741461,2794,2796,2794,2796
