,Unnamed: 0,ampl,dur,ed,ederr,istart,istop,istart_no_sys_no_thruster,istop_no_sys_no_thruster
0,0,0.2714222877047189,0.08172710971848574,404.69133879708335,82.19211816955189,1102,1106,1102,1106
1,1,0.1750792137585842,0.20431744398229054,894.7858882450963,154.88965428629132,1154,1164,1154,1164
2,2,0.2553826045631165,0.04086337156331865,360.61543941124603,79.59927323720676,1321,1323,1321,1323
3,3,-0.002145067879294645,0.04086320922215237,-10.505260272006756,16.288591471134687,2340,2342,2340,2342
