,Unnamed: 0,ampl,dur,ed,ederr,istart,istop,istart_no_sys_no_thruster,istop_no_sys_no_thruster
0,0,0.16483062833355652,0.061296308231248986,467.5460781717511,96.40059415686176,321,324,321,324
1,1,0.045313706346231386,0.040863878442905836,140.1999208366115,31.188818419075012,655,657,655,657
2,2,0.2330281529064908,0.06129487154976233,619.3176179002252,128.84822211418822,3016,3019,3016,3019
