,Unnamed: 0,ampl,dur,ed,ederr,istart,istop,istart_no_sys_no_thruster,istop_no_sys_no_thruster
0,0,0.004968805185288678,0.04086352232116042,14.044309118100502,3.773886440082081,967,969,967,969
1,1,0.005158377121966046,0.04086371231096564,14.612838413486646,4.336464495762991,981,983,981,983
2,2,0.052242703307132994,0.16345255313353846,257.54631532734254,46.8187216840216,2315,2323,2315,2323
