,Unnamed: 0,ampl,dur,ed,ederr,istart,istop,istart_no_sys_no_thruster,istop_no_sys_no_thruster
0,0,0.00674875329188064,0.04086354793253122,11.915263786659615,2.8897303288079548,1035,1037,1035,1037
