,Unnamed: 0,ampl,dur,ed,ederr,istart,istop,istart_no_sys_no_thruster,istop_no_sys_no_thruster
0,0,0.02498520202117812,0.08172613329224987,133.71936235708762,26.307907495325843,2482,2486,2482,2486
