,Unnamed: 0,ampl,dur,ed,ederr,istart,istop,istart_no_sys_no_thruster,istop_no_sys_no_thruster
0,0,0.002358291306299618,0.06129552732454612,9.015893930834334,1.5146121897937947,960,963,960,963
1,1,-0.002215593125634528,0.18388507868075976,-60.97746081225422,432.93812964384836,1502,1511,1502,1511
2,2,0.02257903427106488,0.04086331941653043,39.980342252211905,8.343995839624599,1525,1527,1525,1527
3,3,0.038738982272356656,0.04086330276913941,100.9211390805755,22.120991573337406,1821,1823,1821,1823
4,4,0.004247316219962991,0.04086303680378478,12.441106548533062,2.8736790383242634,2658,2660,2658,2660
