,Unnamed: 0,ampl,dur,ed,ederr,istart,istop,istart_no_sys_no_thruster,istop_no_sys_no_thruster
0,0,0.014782123226768862,0.040864341310225434,33.05182257292637,135.99440155615514,295,297,295,297
