,Unnamed: 0,ampl,dur,ed,ederr,istart,istop,istart_no_sys_no_thruster,istop_no_sys_no_thruster
0,0,0.02079914266993005,0.06129591009084834,80.73972023171795,16.992496920992163,604,607,606,607
1,1,0.014385882456922247,0.0408635515414062,41.87647320147829,9.469190590595897,1075,1077,1075,1077
2,2,0.1062822054791396,0.12258933453995267,345.079465686027,65.50890871183319,2317,2323,2317,2323
