,Unnamed: 0,ampl,dur,ed,ederr,istart,istop,istart_no_sys_no_thruster,istop_no_sys_no_thruster
0,0,0.11808423763744955,0.04086436168290675,175.8496959046093,39.078196080049096,382,384,382,384
1,1,0.0062044921651661965,0.0408640731984633,16.69386827253033,24.47965071267097,466,468,466,468
2,2,0.7857123302113834,0.061295211366086726,1185.7011213959386,247.4469043814063,1289,1292,1289,1292
3,3,0.680703345289662,0.06129517737281276,1600.4376962509893,332.43509454051326,1326,1329,1326,1329
