,Unnamed: 0,ampl,dur,ed,ederr,istart,istop,istart_no_sys_no_thruster,istop_no_sys_no_thruster
0,0,0.007764234458968614,0.04086385887785582,16.861116828072483,3.972396374767686,708,710,708,710
1,1,0.0005866348711204853,0.04086346492840676,1.2615050390193359,0.25522155712456474,1220,1222,1220,1222
2,2,4.056535602659768e-05,0.1021579524021945,-0.6110099281757407,0.06014406118886464,2813,2818,2813,2818
3,3,0.0002670028232538317,0.06129484652046813,1.0775604702312782,0.16129293347519333,2966,2969,2966,2969
