,Unnamed: 0,ampl,dur,ed,ederr,istart,istop,istart_no_sys_no_thruster,istop_no_sys_no_thruster
0,0,0.007525132111791933,0.04086340253707022,13.28410811368067,2.8533183444285064,1353,1355,1353,1355
1,1,0.0693947297092872,0.04086313047446311,121.7654806973782,26.81242267766367,1727,1729,1727,1729
