,Unnamed: 0,ampl,dur,ed,ederr,istart,istop,istart_no_sys_no_thruster,istop_no_sys_no_thruster
0,0,0.3399430641333738,0.061295114042877685,458.40136217715695,95.63343745441912,1293,1296,1293,1296
