,Unnamed: 0,ampl,dur,ed,ederr,istart,istop,istart_no_sys_no_thruster,istop_no_sys_no_thruster
0,0,0.09547081114698054,0.08172686502075521,168.65441370459214,34.460765027848666,1239,1243,1239,1243
1,1,0.10763933440015916,0.08172669633495389,295.0949661517316,59.295686042082366,1472,1476,1472,1476
2,2,0.0039711517929369245,0.040863245842047036,11.677512080303767,2.9175505012846363,3040,3042,3040,3042
