,Unnamed: 0,ampl,dur,ed,ederr,istart,istop,istart_no_sys_no_thruster,istop_no_sys_no_thruster
0,0,0.197772324730388,0.10215779515419854,910.6966125841634,173.144538168773,2321,2326,2321,2326
