,Unnamed: 0,ampl,dur,ed,ederr,istart,istop,istart_no_sys_no_thruster,istop_no_sys_no_thruster
0,0,5.044287061788,0.14302555720496454,16086.646979603627,3025.217559724805,141,148,145,148
1,1,0.009281195862909123,0.04086446051951498,26.37125075804936,595.4489040661023,155,157,155,157
