,Unnamed: 0,ampl,dur,ed,ederr,istart,istop,istart_no_sys_no_thruster,istop_no_sys_no_thruster
0,0,0.07179602053192348,0.040863041642296594,116.785939802105,25.99906029573627,2137,2139,2137,2139
1,1,0.02146945608680721,0.04086303000076441,71.18481689212314,19.225485628667972,2219,2221,2219,2221
