,Unnamed: 0,ampl,dur,ed,ederr,istart,istop,istart_no_sys_no_thruster,istop_no_sys_no_thruster
0,0,0.11849606056166108,0.08172846689558355,152.73880406208218,31.08871224739573,401,405,401,405
1,1,0.028690082125774858,0.040863128866476466,51.592243756239185,12.4197652423702,2576,2578,2576,2578
