,Unnamed: 0,ampl,dur,ed,ederr,istart,istop,istart_no_sys_no_thruster,istop_no_sys_no_thruster
0,0,0.3226058856942346,0.0408638347798842,781.1410083210263,171.60234225642142,967,969,967,969
1,1,0.2812003307207773,0.04086315083986847,366.3402515540266,81.409431335769,2126,2128,2126,2128
