,Unnamed: 0,ampl,dur,ed,ederr,istart,istop,istart_no_sys_no_thruster,istop_no_sys_no_thruster
0,0,0.033182140961338355,0.04086384781840025,82.51789701457373,22.518239768297175,836,838,836,838
1,1,0.047115925122628056,0.04086363059468568,122.6480728365285,29.5759253214748,857,859,857,859
2,2,-0.0009589321106463262,0.040863281807105516,-7.6893973230750525,12.743146348903954,1361,1363,1361,1363
