,ampl,dur,ed,ederr,istart,istop,istart_no_sys_no_thruster,istop_no_sys_no_thruster,istart_no_sys_no_thruster.1,istop_no_sys_no_thruster.1,istart_no_sys_no_thruster.2,istop_no_sys_no_thruster.2,corrected,myed,myenerg,myenerg_err,L_bol,L_bol_err,count_true,falsepos_corrected,ED_true,energ_true
0,0.10582821707177248,0.06129687016800745,323.9094228167898,66.70416581300921,172,175,172.0,175.0,172.0,175.0,172.0,175.0,3.0,351.57103694796035,7.018162340482498e+31,3.96527006576404e+31,1.30116155957454e+28,1.12351320399495e+28,3.0,0.0,700.4553036642609,1.3982690599440371e+32
1,0.11614396785200932,0.08172766188363312,288.4748886956805,75.16667946561333,827,831,827.0,831.0,827.0,831.0,827.0,831.0,2.142857142857143,276.3956592618102,5.517489790238885e+31,3.4188150317544166e+31,1.30116155957454e+28,1.12351320399495e+28,2.142857142857143,0.0,712.340737547906,1.4219951055269215e+32
2,0.022623667733835947,0.06129538598906947,85.50742507635387,19.3831037285975,1122,1124,1122.0,1124.0,1122.0,1124.0,1122.0,1124.0,14.0,127.5894516970474,2.546977398128426e+31,1.491891615304644e+31,1.30116155957454e+28,1.12351320399495e+28,14.0,0.0,374.98357247272224,7.485530120665751e+31
3,0.009279327125183829,0.06129472544853343,6.518287938378488,1.699860827352627,2028,2031,2047.0,2050.0,2047.0,2050.0,2047.0,2050.0,3.5,238.7529717839359,4.766055616522027e+31,2.8706064313473746e+31,1.30116155957454e+28,1.12351320399495e+28,3.5,0.0,585.9353873886433,1.1696611033222535e+32
4,0.02871309175133225,0.061294719045690726,112.98258712383652,27.4814069228392,2047,2050,2893.0,2895.0,2893.0,2895.0,2893.0,2895.0,1.7777777777777777,554.7401763850376,1.1073883242647118e+32,6.425916088158704e+31,1.30116155957454e+28,1.12351320399495e+28,1.7777777777777777,0.0,921.6659346255296,1.8398560953847716e+32
5,0.2601693396950517,0.04086316175380489,542.7801990460438,120.06846575797218,2893,2895,3007.0,3009.0,3007.0,3009.0,3007.0,3009.0,24.0,136.4971693577965,2.7247958247230316e+31,1.527049536801881e+31,1.30116155957454e+28,1.12351320399495e+28,24.0,0.0,347.2780985527319,6.932465467278852e+31
