,ampl,dur,ed,ederr,istart,istop,istart_no_sys_no_thruster,istop_no_sys_no_thruster,istart_no_sys_no_thruster.1,istop_no_sys_no_thruster.1,istart_no_sys_no_thruster.2,istop_no_sys_no_thruster.2,corrected,myed,myenerg,myenerg_err,L_bol,L_bol_err,count_true,falsepos_corrected,ED_true,energ_true
0,1.2396933849532483,0.04086397494393168,1406.9315052936502,313.1000650059414,380,382,380,382,380,382,380,382,2.25,1407.1646163086261,1.1287171098443888e+32,6.101707492827718e+31,2.01526064735913e+27,1.16007728127667e+27,2.25,0.0,4874.54780320086,3.9099800012456164e+32
1,0.5780191387103458,0.04086322210059734,602.9933401560424,134.48386855549882,2570,2572,2570,2572,2570,2572,2570,2572,3.0,640.1152569133776,5.134502633003258e+31,2.778145257836007e+31,2.01526064735913e+27,1.16007728127667e+27,3.0,0.0,1823.9777828484018,1.463051946884293e+32
