,ampl,dur,ed,ederr,istart,istop,istart_no_sys_no_thruster,istop_no_sys_no_thruster,istart_no_sys_no_thruster.1,istop_no_sys_no_thruster.1,istart_no_sys_no_thruster.2,istop_no_sys_no_thruster.2,corrected,myed,myenerg,myenerg_err,L_bol,L_bol_err,count_true,falsepos_corrected,ED_true,energ_true
0,0.011510159448078157,0.12259314929542595,63.00970933436719,129.0757268885628,135,141,135,139,135,139,135,139,,85.09097709714098,1.698610602745438e+31,2.712613643991738e+32,1.30116155957454e+28,1.12351320399495e+28,,0.0,69.77290973150525,1.39282692827742e+31
1,0.006251510489313245,0.06129619507555618,29.58999762306138,38.74216254551872,398,401,398,401,398,401,398,401,,99.1380584499988,1.9790224882071896e+31,3.301733519201906e+31,1.30116155957454e+28,1.12351320399495e+28,,0.0,69.77290973150525,1.39282692827742e+31
2,-0.0025171278089446,0.0817269086765009,-37.23750465939463,6.6333372416569825,1199,1203,1199,1203,1199,1203,1199,1203,,130.59411137449024,2.606957280365759e+31,1.4004639302494546e+31,1.30116155957454e+28,1.12351320399495e+28,,0.0,356.5204719008976,7.116964387132642e+31
3,0.052363227124443766,0.06129472556494875,188.69883290784185,39.05614473628443,1893,1896,1893,1896,1893,1896,1893,1896,3.0,303.3852154112006,6.056263086806051e+31,3.4281031639449885e+31,1.30116155957454e+28,1.12351320399495e+28,3.0,0.0,630.09570777161,1.2578152072967665e+32
4,0.05193398524508887,0.1225895829120418,324.599101474259,53.04569050138504,2898,2904,2898,2904,2898,2904,2898,2904,2.6666666666666665,605.5494069277365,1.2088151742803589e+32,6.315885882995623e+31,1.30116155957454e+28,1.12351320399495e+28,2.6666666666666665,0.0,1210.1312821385552,2.4156989338691546e+32
