,ampl,dur,ed,ederr,istart,istop,istart_no_sys_no_thruster,istop_no_sys_no_thruster,istart_no_sys_no_thruster.1,istop_no_sys_no_thruster.1,istart_no_sys_no_thruster.2,istop_no_sys_no_thruster.2,corrected,myed,myenerg,myenerg_err,L_bol,L_bol_err,count_true,falsepos_corrected,ED_true,energ_true
0,0.3845030785297745,0.04086410975287436,448.3203615366845,99.6204009035078,582,584,582,584,582,584,582,584,3.2,447.6892904886974,8.936902612970872e+31,5.194794758464643e+31,1.30116155957454e+28,1.12351320399495e+28,3.2,0.14285714285714285,673.7015017460955,1.3448623496766638e+32
1,3.4281264283506765,0.10215781680017244,8028.873498451559,1586.3416894562245,2076,2081,2080,2081,2080,2081,2080,2081,3.5,87.20674138916624,1.7408460991746483e+31,1.9508537917083512e+32,1.30116155957454e+28,1.12351320399495e+28,3.5,0.0,218.80560207259612,4.367860474751779e+31
