,ampl,dur,ed,ederr,istart,istop,istart_no_sys_no_thruster,istop_no_sys_no_thruster,istart_no_sys_no_thruster.1,istop_no_sys_no_thruster.1,istart_no_sys_no_thruster.2,istop_no_sys_no_thruster.2,corrected,myed,myenerg,myenerg_err,L_bol,L_bol_err,count_true,falsepos_corrected,ED_true,energ_true
0,0.039078481537440125,0.040864015805709634,111.51692134853121,31.633698171192503,538,540,538,540,538,540,538,540,2.2857142857142856,99.2744345442139,1.981744867095028e+31,1.273734430483345e+31,1.30116155957454e+28,1.12351320399495e+28,2.2857142857142856,0.0,460.31689663971724,9.188978525448982e+31
1,0.03545115624227878,0.04086322203511372,82.74239468848224,18.807148569850472,2997,2999,2997,2999,2997,2999,2997,2999,,105.2441956943393,2.100914959288052e+31,1.2319012627892226e+31,1.30116155957454e+28,1.12351320399495e+28,,0.0,261.04378604701236,5.211031273669148e+31
