,ampl,dur,ed,ederr,istart,istop,istart_no_sys_no_thruster,istop_no_sys_no_thruster,istart_no_sys_no_thruster.1,istop_no_sys_no_thruster.1,istart_no_sys_no_thruster.2,istop_no_sys_no_thruster.2,corrected,myed,myenerg,myenerg_err,L_bol,L_bol_err,count_true,falsepos_corrected,ED_true,energ_true
0,0.02059244604976581,0.0408643889168161,47.053493069234754,10.579447074793846,296,298,296,298,296,298,296,298,,86.17185588765608,7.679769838666032e+31,4.225480509943564e+31,2.4228762028039504e+29,8.08937400878224e+28,,0.0,168.44243124965877,1.5011851488369898e+32
1,0.005390988910701408,0.04086406609712867,14.732734367049172,3.5200561562095287,689,691,690,691,690,691,690,691,,14.421397898228832,1.2852574134484275e+31,8.545519200439906e+30,2.4228762028039504e+29,8.08937400878224e+28,,1.0,146.70924256299156,1.3074955906226428e+32
2,0.027660671998645053,0.04086335980537115,86.38062620318289,18.299921987416752,1802,1804,1804,1804,1804,1804,1804,1804,,,,,,,,1.0,65.70418967777691,5.8556595881981575e+31
3,1.0257264120565104,0.08172643393481849,1600.122340015601,322.97727607603315,1915,1919,1915,1919,1915,1919,1915,1919,2.4166666666666665,1581.8357425000993,1.409756619471433e+33,7.432461183403395e+32,2.4228762028039504e+29,8.08937400878224e+28,2.4166666666666665,0.14285714285714285,2565.720520679402,2.2866100382993786e+33
4,0.00419642690156356,0.0612948181151296,19.44792888017664,66.17375047455546,1929,1932,1929,1932,1929,1932,1929,1932,,24.076207709075387,2.1457090820310653e+31,7.999165375900553e+31,2.4228762028039504e+29,8.08937400878224e+28,,1.0,146.70924256299156,1.3074955906226428e+32
5,0.022573056111081558,0.2043156223007827,8.074624670919237,10.05008923572501,2782,2791,2784,2791,2784,2791,2784,2791,,85.86842968424772,7.6527280234330585e+31,2.110423114286313e+32,2.4228762028039504e+29,8.08937400878224e+28,,0.0,168.44243124965877,1.5011851488369898e+32
