,ampl,dur,ed,ederr,istart,istop,istart_no_sys_no_thruster,istop_no_sys_no_thruster,istart_no_sys_no_thruster.1,istop_no_sys_no_thruster.1,istart_no_sys_no_thruster.2,istop_no_sys_no_thruster.2,corrected,myed,myenerg,myenerg_err,L_bol,L_bol_err,count_true,falsepos_corrected,ED_true,energ_true
0,0.06423057466821842,0.040863416848878835,178.5023436331453,41.65270475771474,1393,1395,1393,1395,1393,1395,1393,1395,9.0,194.3307645609178,3.8792867162162762e+31,2.298135944851134e+31,1.30116155957454e+28,1.12351320399495e+28,9.0,0.0,669.2947347558751,1.3360654344351435e+32
1,-0.01840799315347555,0.0817266089070472,-175.80782880843182,311.1253770519541,3016,3019,3019,3019,3019,3019,3019,3019,4.333333333333333,,,,,,4.333333333333333,0.6,1181.4882579978362,2.358520903765474e+32
