,ampl,dur,ed,ederr,istart,istop,istart_no_sys_no_thruster,istop_no_sys_no_thruster,istart_no_sys_no_thruster.1,istop_no_sys_no_thruster.1,istart_no_sys_no_thruster.2,istop_no_sys_no_thruster.2,corrected,myed,myenerg,myenerg_err,L_bol,L_bol_err,count_true,falsepos_corrected,ED_true,energ_true
0,0.06722491898823127,0.04086407820432214,162.91452764297964,35.91187476912897,544,546,712.0,721.0,712.0,721.0,712.0,721.0,2.25,429.4524367078539,1.2699437800906755e+32,7.570205923209206e+31,2.53706284034917e+28,2.19067615356642e+28,2.25,0.0,710.4516394719697,2.1008930523694257e+32
1,0.08349282610254144,0.20431955238018407,473.1732708559017,82.53361930991551,712,721,1376.0,1379.0,1376.0,1379.0,1376.0,1379.0,2.0,289.09726719641503,8.548962467921772e+31,5.334836048906669e+31,2.53706284034917e+28,2.19067615356642e+28,2.0,0.0,746.3092967992098,2.2069285641025432e+32
2,0.07007573940345314,0.061295104031160015,256.31466278972357,51.86613034973321,1376,1379,1625.0,1632.0,1625.0,1632.0,1625.0,1632.0,2.0,505.214193302528,1.493980631048402e+32,8.978058131310428e+31,2.53706284034917e+28,2.19067615356642e+28,2.0,0.0,929.2825505049639,2.7480030245197937e+32
3,0.10408304825385252,0.2043164728456759,465.46121923598366,81.73394382404044,1625,1635,2583.0,2585.0,2583.0,2585.0,2583.0,2585.0,6.5,112.16405951446602,3.316829468289089e+31,2.141014552487247e+31,2.53706284034917e+28,2.19067615356642e+28,6.5,0.0,282.8527005056007,8.364302935211847e+31
