,ampl,dur,ed,ederr,istart,istop,istart_no_sys_no_thruster,istop_no_sys_no_thruster,istart_no_sys_no_thruster.1,istop_no_sys_no_thruster.1,istart_no_sys_no_thruster.2,istop_no_sys_no_thruster.2,corrected,myed,myenerg,myenerg_err,L_bol,L_bol_err,count_true,falsepos_corrected,ED_true,energ_true
0,0.07853377504699115,0.040863851783797145,202.779941210222,71.89264794296686,739,741,739,741,739,741,739,741,2.0,258.16390000420284,5.153542158678374e+31,3.6775773016881593e+31,1.30116155957454e+28,1.12351320399495e+28,2.0,0.0,812.1281444564595,1.6211936024507952e+32
1,0.1608294113398178,0.06129561625857605,134.20666839574193,32.909421596210585,747,750,747,750,747,750,747,750,4.333333333333333,222.04174407183055,4.432461273795537e+31,2.6784524267289767e+31,1.30116155957454e+28,1.12351320399495e+28,4.333333333333333,0.0,543.1241065963309,1.084199991049543e+32
2,0.2937881383696628,0.08172739086148795,407.1745229805474,81.6784892319927,805,809,805,809,805,809,805,809,4.5,465.469107058063,9.2918284343669e+31,5.200309250825731e+31,1.30116155957454e+28,1.12351320399495e+28,4.5,0.0,933.8044224699693,1.864087294575637e+32
