,ampl,dur,ed,ederr,istart,istop,istart_no_sys_no_thruster,istop_no_sys_no_thruster,istart_no_sys_no_thruster.1,istop_no_sys_no_thruster.1,istart_no_sys_no_thruster.2,istop_no_sys_no_thruster.2,corrected,myed,myenerg,myenerg_err,L_bol,L_bol_err,count_true,falsepos_corrected,ED_true,energ_true
0,0.3068421458521974,0.0612959813370253,676.1221250067708,139.6232678000545,402,405,402,405,1183.0,1191.0,1183.0,1191.0,2.0,656.3061936085178,1.940778296189095e+32,1.2191693628770461e+32,2.53706284034917e+28,2.19067615356642e+28,2.0,0.0,1785.2895734490653,5.279321283732076e+32
1,0.14040322743889927,0.2247484891267959,1938.7810569927915,308.601986468332,1183,1191,1183,1191,1207.0,1213.0,1207.0,1213.0,1.4545454545454546,1987.7657084301752,5.878068167571466e+32,3.414293589997816e+32,2.53706284034917e+28,2.19067615356642e+28,1.4545454545454546,0.0,3634.604406349707,1.0747973149990416e+33
2,0.01631801404438779,0.12259010049456265,129.20852137829954,19.26678383717654,1207,1213,1207,1213,,,,,2.571428571428571,364.8187151219537,1.0788139000477214e+32,6.157801653695508e+31,2.53706284034917e+28,2.19067615356642e+28,2.571428571428571,0.0,846.7339274778973,2.503896573123436e+32
