,ampl,dur,ed,ederr,istart,istop,istart_no_sys_no_thruster,istop_no_sys_no_thruster,istart_no_sys_no_thruster.1,istop_no_sys_no_thruster.1,istart_no_sys_no_thruster.2,istop_no_sys_no_thruster.2,corrected,myed,myenerg,myenerg_err,L_bol,L_bol_err,count_true,falsepos_corrected,ED_true,energ_true
0,0.041632679779239706,0.10215808548673523,280.9780974655929,53.71254085721653,1702,1707,1702.0,1707.0,1702.0,1707.0,1702.0,1707.0,6.333333333333334,205.57708922623738,1.333062334542048e+32,8.338567683714408e+31,1.42669527973314e+29,4.76337656086982e+28,6.333333333333334,0.0,529.2795837586126,3.4321075378892466e+32
1,0.1286207538702055,0.0408630179008469,241.23191415821753,53.21330862164782,2024,2026,3170.0,3172.0,3170.0,3172.0,3170.0,3172.0,19.0,31.304392967176412,2.0299298587850544e+31,4.201967909722327e+31,1.42669527973314e+29,4.76337656086982e+28,19.0,1.0,155.6876596131887,1.009554886512407e+32
