,ampl,dur,ed,ederr,istart,istop,istart_no_sys_no_thruster,istop_no_sys_no_thruster,istart_no_sys_no_thruster.1,istop_no_sys_no_thruster.1,istart_no_sys_no_thruster.2,istop_no_sys_no_thruster.2,corrected,myed,myenerg,myenerg_err,L_bol,L_bol_err,count_true,falsepos_corrected,ED_true,energ_true
0,0.10020261665133062,0.061296690539165866,159.87269747184817,32.98623812527001,148,151,148,151,148,151,148,151,2.142857142857143,166.37657153778838,1.0788670162713812e+32,6.912140562637863e+31,1.42669527973314e+29,4.76337656086982e+28,2.142857142857143,0.0,323.80113083261585,2.0996848093323025e+32
1,0.019346305173974367,0.04086354758328525,52.96105561337071,12.193923779283953,1112,1114,1112,1114,1112,1114,1112,1114,19.0,74.12868720122054,4.8068664260659415e+31,3.1946443709168215e+31,1.42669527973314e+29,4.76337656086982e+28,19.0,0.0,221.73556505686923,1.4378417902415998e+32
2,0.202873119687926,0.16345242758688985,644.0585252305177,120.53864927710475,2232,2239,2232,2239,2232,2239,2232,2239,2.142857142857143,697.2166101844234,4.521093306419473e+32,2.809912782963135e+32,1.42669527973314e+29,4.76337656086982e+28,2.142857142857143,0.2,876.0004232457827,5.6804149415050966e+32
