,ampl,dur,ed,ederr,istart,istop,istart_no_sys_no_thruster,istop_no_sys_no_thruster,istart_no_sys_no_thruster.1,istop_no_sys_no_thruster.1,istart_no_sys_no_thruster.2,istop_no_sys_no_thruster.2,corrected,myed,myenerg,myenerg_err,L_bol,L_bol_err,count_true,falsepos_corrected,ED_true,energ_true
0,0.021653064110098773,0.04086339601781218,53.31935379221436,11.872067348755744,1525,1527,1525,1527,1525,1527,1525,1527,12.0,70.24005675984037,6.25990311817903e+31,3.4306157769631056e+31,2.4228762028039504e+29,8.08937400878224e+28,12.0,0.0,155.643967991645,1.3871232534563088e+32
1,0.00928287144725742,0.06129493464686675,40.80039159203906,8.469040771119321,1902,1905,1902,1905,1902,1905,1902,1905,,49.8293871344452,4.440872491979638e+31,2.3667322727929256e+31,2.4228762028039504e+29,8.08937400878224e+28,,0.5,22.46568783148619,2.0021770453460648e+31
