,ampl,dur,ed,ederr,istart,istop,istart_no_sys_no_thruster,istop_no_sys_no_thruster,istart_no_sys_no_thruster.1,istop_no_sys_no_thruster.1,istart_no_sys_no_thruster.2,istop_no_sys_no_thruster.2,corrected,myed,myenerg,myenerg_err,L_bol,L_bol_err,count_true,falsepos_corrected,ED_true,energ_true
0,0.16207670323512333,0.08172814139834372,448.01254265677596,94.84605056823256,595,599,595.0,599.0,595.0,599.0,595.0,599.0,1.4166666666666665,354.6776482648689,4.121443491875457e+32,2.240569063709811e+32,4.7242320799195404e+29,1.3597432953833699e+29,1.4166666666666665,0.0,473.38798639241816,5.500887482461386e+32
1,0.057409172298826125,0.08172812416887609,197.22548874655945,114.10185594036793,604,608,3198.0,3200.0,3198.0,3200.0,3198.0,3200.0,2.0,58.5640060235729,6.805284817490354e+31,3.8002273659382595e+31,4.7242320799195404e+29,1.3597432953833699e+29,2.0,0.0,127.95025702975774,1.4868141725279407e+32
