,ampl,dur,ed,ederr,istart,istop,istart_no_sys_no_thruster,istop_no_sys_no_thruster,istart_no_sys_no_thruster.1,istop_no_sys_no_thruster.1,istart_no_sys_no_thruster.2,istop_no_sys_no_thruster.2,corrected,myed,myenerg,myenerg_err,L_bol,L_bol_err,count_true,falsepos_corrected,ED_true,energ_true
0,-0.0427139026018878,0.040863903930585366,-217.85532348788672,441.97449377328763,678,680,679,680,679,680,679,680,9.0,11.402819251530754,7.394145383135703e+30,3.108581931986207e+31,1.42669527973314e+29,4.76337656086982e+28,9.0,0.0,243.8280072402684,1.5810999843506085e+32
1,0.0010215377284021477,0.061295374587643885,1.0771711785274585,0.26013771336038555,948,951,948,951,948,951,948,951,9.0,58.090003937663454,3.766839804676795e+31,2.545848030711999e+31,1.42669527973314e+29,4.76337656086982e+28,9.0,1.0,243.8280072402684,1.5810999843506085e+32
