,ampl,dur,ed,ederr,istart,istop,istart_no_sys_no_thruster,istop_no_sys_no_thruster,istart_no_sys_no_thruster.1,istop_no_sys_no_thruster.1,istart_no_sys_no_thruster.2,istop_no_sys_no_thruster.2,corrected,myed,myenerg,myenerg_err,L_bol,L_bol_err,count_true,falsepos_corrected,ED_true,energ_true
0,0.009912161494223377,0.04086379753425717,26.5765068913974,6.2117918614404095,682,684,682,684,682,684,682,684,10.0,42.6389750224516,3.8000517797361922e+31,2.1246203038442245e+31,2.4228762028039504e+29,8.08937400878224e+28,10.0,0.0,260.2364091148595,2.31926735829922e+32
1,0.13310217243820968,0.08172649237531003,284.9799563854897,59.6331575829951,1648,1652,1648,1652,1648,1652,1648,1652,1.6666666666666667,241.6088218197301,2.153255402768452e+32,1.151182902507803e+32,2.4228762028039504e+29,8.08937400878224e+28,1.6666666666666667,0.0,509.8823563758805,4.54415087319058e+32
2,0.048667637598052114,0.04086324141098885,70.13551591630424,39.95207945455913,1660,1662,1660,1662,1660,1662,1660,1662,5.0,81.81657893861482,7.291620782251481e+31,6.526086244977097e+31,2.4228762028039504e+29,8.08937400878224e+28,5.0,0.0,269.85951651294744,2.4050299883236085e+32
3,0.008747754731877956,0.04086315185850253,26.117179621530205,8.357293183300202,2780,2782,2780,2780,2780,2780,2780,2780,2.0,,,,,,2.0,1.0,23188.58539318162,2.0666028005252457e+34
4,0.013573304972509078,0.04086330846621422,41.24093923998162,9.135119762929103,2968,2970,2968,2970,2968,2970,2968,2970,10.0,43.447785509466506,3.8721342284590307e+31,2.1175797923172404e+31,2.4228762028039504e+29,8.08937400878224e+28,10.0,0.0,260.2364091148595,2.31926735829922e+32
5,0.10162402792966688,0.18388462000439176,428.2940491722182,78.16038177647067,3071,3079,3071,3079,3071,3079,3071,3079,2.0,444.89394261186396,3.9649640206544994e+32,2.0136580551811162e+32,2.4228762028039504e+29,8.08937400878224e+28,2.0,0.0,1019.5823694302113,9.08667667433566e+32
