,ampl,dur,ed,ederr,istart,istop,istart_no_sys_no_thruster,istop_no_sys_no_thruster,istart_no_sys_no_thruster.1,istop_no_sys_no_thruster.1,istart_no_sys_no_thruster.2,istop_no_sys_no_thruster.2,corrected,myed,myenerg,myenerg_err,L_bol,L_bol_err,count_true,falsepos_corrected,ED_true,energ_true
0,0.0978064631065792,0.08172783684858588,262.54202177880103,52.48197131824124,681,685,681.0,685.0,681.0,685.0,681.0,685.0,1.8571428571428572,260.1307498140284,7.692386851244694e+31,4.781427114030407e+31,2.53706284034917e+28,2.19067615356642e+28,1.8571428571428572,0.0,461.26936103911123,1.3640303463838897e+32
1,0.4002122689633797,0.16345413272210862,1335.6629101191752,246.71041687330663,1128,1136,1132.0,1136.0,1132.0,1136.0,1132.0,1136.0,1.5384615384615383,146.59596544939603,4.335023359885929e+31,9.27616500416632e+31,2.53706284034917e+28,2.19067615356642e+28,1.5384615384615383,0.0,405.1876408028339,1.198189788261046e+32
2,0.24819575480765066,0.10215844451158773,656.1029697768881,128.91891771194508,1414,1419,1414.0,1419.0,1414.0,1419.0,1414.0,1419.0,1.7142857142857142,624.3949754355103,1.8464128913852658e+32,1.1414002095866304e+32,2.53706284034917e+28,2.19067615356642e+28,1.7142857142857142,0.0,1046.1466900432813,3.0935846872064474e+32
