,ampl,dur,ed,ederr,istart,istop,istart_no_sys_no_thruster,istop_no_sys_no_thruster,istart_no_sys_no_thruster.1,istop_no_sys_no_thruster.1,istart_no_sys_no_thruster.2,istop_no_sys_no_thruster.2,corrected,myed,myenerg,myenerg_err,L_bol,L_bol_err,count_true,falsepos_corrected,ED_true,energ_true
0,0.02347323531544081,0.06129640136350645,68.45862620131015,14.413691478887449,388,391,388.0,391.0,388.0,391.0,388.0,391.0,1.3333333333333333,70.63241972669177,1.1064975297027173e+32,5.929470095124816e+31,8.40100463596628e+29,3.38520490716622e+29,1.3333333333333333,0.0,123.98199854773637,1.942249404048579e+32
1,0.008380440273009096,0.040863592410460114,24.086111440540872,5.6179783573400615,995,997,995.0,997.0,995.0,997.0,995.0,997.0,10.5,26.747356958279042,4.190127495975953e+31,2.340508511949158e+31,8.40100463596628e+29,3.38520490716622e+29,10.5,0.0,50.90187338429021,7.974071591330944e+31
2,0.08203578315140601,0.061294840816117364,132.44103562413312,27.973757820066105,2005,2008,3233.0,3236.0,3233.0,3236.0,3233.0,3236.0,1.8888888888888888,47.03743114288785,7.368684460274655e+31,3.968360909418246e+31,8.40100463596628e+29,3.38520490716622e+29,1.8888888888888888,0.0625,79.7496682115518,1.2493244775153402e+32
