,ampl,dur,ed,ederr,istart,istop,istart_no_sys_no_thruster,istop_no_sys_no_thruster,istart_no_sys_no_thruster.1,istop_no_sys_no_thruster.1,istart_no_sys_no_thruster.2,istop_no_sys_no_thruster.2,corrected,myed,myenerg,myenerg_err,L_bol,L_bol_err,count_true,falsepos_corrected,ED_true,energ_true
0,0.07854369055348723,0.06129609309573425,239.31317820533417,54.21832881310743,466,469,466.0,469.0,466.0,469.0,466.0,469.0,2.0,294.29513554340747,8.702669840677553e+31,5.641400135903047e+31,2.53706284034917e+28,2.19067615356642e+28,2.0,0.1,567.6734150097581,1.678680246969689e+32
1,0.008390087810243807,0.04086379753425717,18.009177415711807,29.50559261526681,639,641,650.0,652.0,650.0,652.0,650.0,652.0,2.0,228.9240162346213,6.769565280830024e+31,4.352390990434744e+31,2.53706284034917e+28,2.19067615356642e+28,2.0,0.0,487.38659815467923,1.4412622351637686e+32
2,0.0942315487411719,0.040863886817533064,223.1411272746031,49.37115030419686,650,652,897.0,897.0,897.0,897.0,897.0,897.0,1.7272727272727273,,,,,,1.7272727272727273,0.8571428571428571,9778.113018272583,2.8915085227532094e+33
3,0.11665024751554515,0.04086377494240878,268.9746563266541,58.962297594788396,895,897,2207.0,2214.0,2207.0,2214.0,2207.0,2214.0,2.2,509.68178573220194,1.5071918524389197e+32,9.257899736342907e+31,2.53706284034917e+28,2.19067615356642e+28,2.2,0.0,1542.6703799472598,4.5618664287073846e+32
4,0.3596645668278594,0.14302086950920054,416.37986249903963,80.18162514516021,2207,2214,2883.0,2885.0,2883.0,2885.0,2883.0,2885.0,2.5,179.0198994326475,5.293839046292485e+31,3.419024720323684e+31,2.53706284034917e+28,2.19067615356642e+28,2.5,0.0,578.1405509697795,1.709632857949599e+32
5,0.1297738623748956,0.04086309388367226,183.9689241930881,41.24030611131482,2883,2885,3002.0,3007.0,3002.0,3007.0,3002.0,3007.0,2.0,733.2712966392634,2.168373590855974e+32,1.337688083685343e+32,2.53706284034917e+28,2.19067615356642e+28,2.0,0.0,1337.6633813466096,3.9556354692471136e+32
6,0.3303644249382361,0.10215819549921434,738.276030158594,144.13265723013936,3002,3007,3013.0,3014.0,3013.0,3014.0,3013.0,3014.0,8.0,85.62070388797116,2.5319097309833926e+31,4.548130900676157e+31,2.53706284034917e+28,2.19067615356642e+28,8.0,0.0,330.00044782034934,9.758519927124817e+31
