,ampl,dur,ed,ederr,istart,istop,istart_no_sys_no_thruster,istop_no_sys_no_thruster,istart_no_sys_no_thruster.1,istop_no_sys_no_thruster.1,istart_no_sys_no_thruster.2,istop_no_sys_no_thruster.2,corrected,myed,myenerg,myenerg_err,L_bol,L_bol_err,count_true,falsepos_corrected,ED_true,energ_true
0,0.09447343501898688,0.061295768529817,121.5053033875424,27.346526900866746,724,726,724,726,724,726,724,726,3.5999999999999996,119.02842019822255,4.101520744502994e+32,2.124220922978335e+32,5.42414417135138e+30,1.62364195645655e+30,3.5999999999999996,0.0,225.9393399576971,7.78549264362703e+32
1,1.0351533917769922,0.3269073192132055,3982.4350293628704,718.9349138031772,1286,1302,1300,1302,1300,1302,1300,1302,10.0,34.238216695035476,1.1797918160689303e+32,1.899910930285999e+33,5.42414417135138e+30,1.62364195645655e+30,10.0,1.0,108.25126332617124,3.7301579018821395e+32
