,ampl,dur,ed,ederr,istart,istop,istart_no_sys_no_thruster,istop_no_sys_no_thruster,istart_no_sys_no_thruster.1,istop_no_sys_no_thruster.1,istart_no_sys_no_thruster.2,istop_no_sys_no_thruster.2,corrected,myed,myenerg,myenerg_err,L_bol,L_bol_err,count_true,falsepos_corrected,ED_true,energ_true
0,0.03575587399377398,0.04086361743975432,93.40982914030451,19.12758417541795,969,971,969,971,969,971,969,971,16.0,99.56574838021135,2.9442818821758996e+31,1.8444465094328718e+31,2.53706284034917e+28,2.19067615356642e+28,16.0,0.0,368.37284883914475,1.0893239114528443e+32
1,0.14320854729769714,0.04086318495683372,289.5703209993572,64.79288616310747,1513,1515,1513,1515,1513,1515,1513,1515,3.75,336.83903688357464,9.96074543344665e+31,6.429014548685841e+31,2.53706284034917e+28,2.19067615356642e+28,3.75,0.0,849.7653808235874,2.5128609542560855e+32
2,0.8809585494793059,0.040863184724003083,990.2002202255032,220.64454406224,1778,1780,1778,1780,1778,1780,1778,1780,2.6666666666666665,969.2105736558685,2.866075109616151e+32,1.8472083969186234e+32,2.53706284034917e+28,2.19067615356642e+28,2.6666666666666665,0.14285714285714285,1151.2029394472308,3.404248963588141e+32
3,-0.005796641041748962,0.04086300101334928,-42.7917696063761,97.80785606995221,2328,2330,2328,2330,2328,2330,2328,2330,,45.85655533398811,1.3560348538061297e+31,3.671260450726674e+31,2.53706284034917e+28,2.19067615356642e+28,,0.0,210.16615194480704,6.214872117013148e+31
4,0.21225645280258104,0.08172624000144424,511.52535379633423,100.57046988350142,2573,2577,2573,2577,2573,2577,2573,2577,2.3333333333333335,546.1449672664726,1.6150179738756578e+32,9.985474823431876e+31,2.53706284034917e+28,2.19067615356642e+28,2.3333333333333335,0.0,1302.1771049493711,3.850698176692156e+32
5,0.2358535235907687,0.1430210816397448,1248.7739963017095,225.76438341784942,2670,2677,2670,2677,2670,2677,2670,2677,1.7142857142857142,1374.8335883928526,4.0655523522549766e+32,2.4493677740719513e+32,2.53706284034917e+28,2.19067615356642e+28,1.7142857142857142,0.0,2496.3735457433368,7.382084222184313e+32
6,0.031615438597427145,0.04086316662142053,97.96681268298548,22.780358880012265,2791,2793,2791,2793,2791,2793,2791,2793,13.0,121.28378985853655,3.5865111335123605e+31,2.3463357417455755e+31,2.53706284034917e+28,2.19067615356642e+28,13.0,0.0,425.9147982525027,1.2594825472076517e+32
