,ampl,dur,ed,ederr,istart,istop,istart_no_sys_no_thruster,istop_no_sys_no_thruster,istart_no_sys_no_thruster.1,istop_no_sys_no_thruster.1,istart_no_sys_no_thruster.2,istop_no_sys_no_thruster.2,corrected,myed,myenerg,myenerg_err,L_bol,L_bol_err,count_true,falsepos_corrected,ED_true,energ_true
0,0.5314889481984102,0.12258940217725467,1872.3919075296951,354.7561407929924,2432,2438,2432,2438,2432,2438,2432,2438,2.1666666666666665,1905.0004757721076,5.633321174801759e+32,3.4427852498914534e+32,2.53706284034917e+28,2.19067615356642e+28,2.1666666666666665,0.0,3307.0921032968517,9.779478907988739e+32
1,0.011843616775800495,0.06129465391859412,48.738862459513776,64.40586466840989,2483,2486,2483,2486,2483,2486,2483,2486,,38.98053000420103,1.1527023109464575e+31,2.0093072733720395e+31,2.53706284034917e+28,2.19067615356642e+28,,1.0,132.9086753610709,3.93027332406788e+31
2,0.14761427882547884,0.040863206777430605,259.60011113801295,58.8805943359931,2539,2541,2539,2541,2539,2541,2539,2541,2.375,228.0165955599157,6.742731733194294e+31,4.372610820385595e+31,2.53706284034917e+28,2.19067615356642e+28,2.375,0.1,351.57061213724137,1.0396376268557235e+32
