,ampl,dur,ed,ederr,istart,istop,istart_no_sys_no_thruster,istop_no_sys_no_thruster,istart_no_sys_no_thruster.1,istop_no_sys_no_thruster.1,istart_no_sys_no_thruster.2,istop_no_sys_no_thruster.2,corrected,myed,myenerg,myenerg_err,L_bol,L_bol_err,count_true,falsepos_corrected,ED_true,energ_true
0,0.03366922782060384,0.061295487961615436,111.51148301391164,22.837922076639572,951,954,951,954,951,954,951,954,1.823529411764706,113.2348757368512,3.9018848697014736e+32,1.9417707184370928e+32,5.42414417135138e+30,1.62364195645655e+30,1.823529411764706,0.0,238.15493730394127,8.206421744749927e+32
1,0.033645358115743214,0.040863448281015735,55.13176867005091,12.234006174811062,1099,1101,1099,1101,1099,1101,1099,1101,15.5,55.69610992404831,1.9191950112517284e+32,9.879074174241771e+31,5.42414417135138e+30,1.62364195645655e+30,15.5,0.1111111111111111,66.02237235164245,2.275020783696885e+32
