,ampl,dur,ed,ederr,istart,istop,istart_no_sys_no_thruster,istop_no_sys_no_thruster,istart_no_sys_no_thruster.1,istop_no_sys_no_thruster.1,istart_no_sys_no_thruster.2,istop_no_sys_no_thruster.2,corrected,myed,myenerg,myenerg_err,L_bol,L_bol_err,count_true,falsepos_corrected,ED_true,energ_true
0,0.12996188875535206,0.20431559519056464,599.8338243313549,109.449606699926,2100,2110,2100,2110,2100,2110,2100,2110,1.8571428571428572,520.5148088724909,1.4283895383517116e+33,7.324364973563924e+32,2.65663092832871e+30,4.89369501852531e+29,1.8571428571428572,0.09090909090909093,601.5148672806322,1.650668778181004e+33
1,0.007800535254186875,0.08172631041816203,39.981353253040034,7.079447716403678,2427,2431,2427,2431,2427,2431,2427,2431,8.0,43.784446257464054,1.2015267176001705e+32,6.09622245996569e+31,2.65663092832871e+30,4.89369501852531e+29,8.0,0.0,90.91436424831548,2.4948594077368977e+32
2,0.0005823884984151401,0.08172611390909879,0.3453905838001886,0.05293233469299105,2451,2455,2454,2455,2454,2455,2454,2455,8.0,11.538445263340119,3.166364188311939e+31,2.234001446911458e+31,2.65663092832871e+30,4.89369501852531e+29,8.0,1.0,94.10954366278526,2.5825410792472925e+32
3,0.008205422872926565,0.040863213063857984,23.81888669443644,5.607844187617464,2516,2518,2516,2518,2516,2518,2516,2518,8.0,27.58721779532688,7.570446146658643e+31,4.282912993498233e+31,2.65663092832871e+30,4.89369501852531e+29,8.0,1.0,94.10954366278526,2.5825410792472925e+32
4,0.03610061309333363,0.0612948154375772,89.9080126288228,20.613048541164755,2930,2931,2930,2931,2930,2931,2930,2931,8.0,44.80732699229923,1.2295964692328853e+32,1.085568569780237e+32,2.65663092832871e+30,4.89369501852531e+29,8.0,0.0,102.13928525117971,2.8028921371811695e+32
