,ampl,dur,ed,ederr,istart,istop,istart_no_sys_no_thruster,istop_no_sys_no_thruster,istart_no_sys_no_thruster.1,istop_no_sys_no_thruster.1,istart_no_sys_no_thruster.2,istop_no_sys_no_thruster.2,corrected,myed,myenerg,myenerg_err,L_bol,L_bol_err,count_true,falsepos_corrected,ED_true,energ_true
0,0.17748182251977201,0.040864030132070184,339.223655283056,74.16887566018669,748,750,748,750,748,750,748,750,11.0,340.3134328489804,2.729727495381231e+31,1.4650167739397082e+31,2.01526064735913e+27,1.16007728127667e+27,11.0,0.0,993.047778292904,7.965450561090029e+31
1,1.5256130815739204,0.14302338885318022,3671.4734651078857,694.2593939371145,892,899,897,899,897,899,897,899,,104.50023074905499,8.382189053229822e+30,5.694795033882408e+31,2.01526064735913e+27,1.16007728127667e+27,,0.5,183.83665345572757,1.4745934751851627e+31
2,0.012678023543543606,0.08172754988481756,57.852918353609006,10.651439927873119,919,923,919,923,919,923,919,923,,263.5688001470894,2.114142232538401e+31,1.0616358946057143e+31,2.01526064735913e+27,1.16007728127667e+27,,0.0,211.75036153375711,1.6984953523480779e+31
3,0.020639754759616248,0.10215931366838048,114.78568435725029,16.664493026710108,930,935,930,935,930,935,930,935,,268.95291483936376,2.157329378548912e+31,9.993309539756135e+30,2.01526064735913e+27,1.16007728127667e+27,,0.0,516.7541876548208,4.1449968712246875e+31
4,0.13873488262998454,0.08172707933408674,642.6076562271579,124.17664496316245,1221,1225,1221,1225,1221,1225,1221,1225,4.75,771.0082665052635,6.184423713828559e+31,3.1620056909267876e+31,2.01526064735913e+27,1.16007728127667e+27,4.75,0.0,2000.3306515610989,1.6045083891364659e+32
5,0.023303740986145648,0.040863148860808,70.91299784328541,17.81498184490484,1753,1755,1753,1755,1753,1755,1753,1755,,104.23096987911111,8.360591057700735e+30,4.759432334034188e+30,2.01526064735913e+27,1.16007728127667e+27,,0.5,183.83665345572757,1.4745934751851627e+31
6,0.1255785435033425,0.04086320881469874,306.4364212977884,66.13889476607518,3051,3053,3051,3053,3051,3053,3051,3053,11.0,339.52334457910604,2.723390026842305e+31,1.4539610556901964e+31,2.01526064735913e+27,1.16007728127667e+27,11.0,0.0,993.047778292904,7.965450561090029e+31
