,ampl,dur,ed,ederr,istart,istop,istart_no_sys_no_thruster,istop_no_sys_no_thruster,istart_no_sys_no_thruster.1,istop_no_sys_no_thruster.1,istart_no_sys_no_thruster.2,istop_no_sys_no_thruster.2,corrected,myed,myenerg,myenerg_err,L_bol,L_bol_err,count_true,falsepos_corrected,ED_true,energ_true
0,0.20307699792701397,0.18388718125788728,785.7674245702119,144.07332609407155,788,797,790,797,790,797,790,797,5.6,201.22510453112207,2.3382863327559125e+32,2.3122115564574833e+32,4.7242320799195404e+29,1.3597432953833699e+29,5.6,0.0,364.9039262771936,4.240275414795308e+32
1,0.09584295804233348,0.204316067363834,505.77760906026185,91.04555394879459,1756,1766,1756,1766,1760,1766,1760,1766,5.6,484.4098857360924,5.6289647253897836e+32,2.881714754981744e+32,4.7242320799195404e+29,1.3597432953833699e+29,5.6,0.1111111111111111,366.55428139504374,4.259452956410976e+32
