,ampl,dur,ed,ederr,istart,istop,istart_no_sys_no_thruster,istop_no_sys_no_thruster,istart_no_sys_no_thruster.1,istop_no_sys_no_thruster.1,istart_no_sys_no_thruster.2,istop_no_sys_no_thruster.2,corrected,myed,myenerg,myenerg_err,L_bol,L_bol_err,count_true,falsepos_corrected,ED_true,energ_true
0,0.006541724324015978,0.06129610474454239,24.12975219653212,5.496645148759941,607,610,609.0,609.0,609.0,609.0,609.0,609.0,9.666666666666666,,,,,,9.666666666666666,1.0,73.32508805022205,1.1486797296021935e+32
1,0.003071475478340539,0.04086401068343548,7.013541906859166,1.5126434595569085,669,671,1462.0,1464.0,1462.0,1464.0,1462.0,1464.0,1.2777777777777777,111.13473709473331,1.740989655108945e+32,9.570490473720146e+31,8.40100463596628e+29,3.38520490716622e+29,1.2777777777777777,0.0,194.32433100122654,3.0442025495657086e+32
2,0.042214560503730895,0.040863389724108856,124.11461203078751,27.849352924320478,1462,1464,2101.0,2103.0,2101.0,2103.0,2101.0,2103.0,2.0,44.316289551470476,6.942401959898017e+31,3.9867661804267185e+31,8.40100463596628e+29,3.38520490716622e+29,2.0,0.0,86.08165642944729,1.3485187193142007e+32
3,0.0262222548947858,0.04086324525269447,53.16934379381829,13.235543792174878,2101,2103,2727.0,2729.0,2727.0,2729.0,2727.0,2729.0,12.0,17.044810540798636,2.670167726183304e+31,1.560647320322015e+31,8.40100463596628e+29,3.38520490716622e+29,12.0,0.0,58.16099154805135,9.111254254349139e+31
4,6.187006402764307e-14,0.04086312617437216,-1.6712799615766671,0.4331022089615594,2727,2729,2774.0,2777.0,2774.0,2777.0,2774.0,2777.0,1.3888888888888888,81.55764234219329,1.2776474334194719e+32,6.807739495572582e+31,8.40100463596628e+29,3.38520490716622e+29,1.3888888888888888,0.0,148.17830017648637,2.3212984028475856e+32
