,ampl,dur,ed,ederr,istart,istop,istart_no_sys_no_thruster,istop_no_sys_no_thruster,istart_no_sys_no_thruster.1,istop_no_sys_no_thruster.1,istart_no_sys_no_thruster.2,istop_no_sys_no_thruster.2,corrected,myed,myenerg,myenerg_err,L_bol,L_bol_err,count_true,falsepos_corrected,ED_true,energ_true
0,0.12454846744147866,0.040864184848032885,207.09204000636456,47.101849717557144,371,373,371,373,371,373,371,373,10.0,276.28085875257307,8.169965475585902e+31,5.30331941980283e+31,2.53706284034917e+28,2.19067615356642e+28,10.0,0.0,886.8927589288751,2.622651186807402e+32
1,0.07271839490443409,0.04086304152588127,179.03164010756382,37.149330037590616,1980,1982,1980,1982,1980,1982,1980,1982,10.0,238.63962709846078,7.056867867372519e+31,4.440049214933415e+31,2.53706284034917e+28,2.19067615356642e+28,10.0,0.0,886.8927589288751,2.622651186807402e+32
