,ampl,dur,ed,ederr,istart,istop,istart_no_sys_no_thruster,istop_no_sys_no_thruster,istart_no_sys_no_thruster.1,istop_no_sys_no_thruster.1,istart_no_sys_no_thruster.2,istop_no_sys_no_thruster.2,corrected,myed,myenerg,myenerg_err,L_bol,L_bol_err,count_true,falsepos_corrected,ED_true,energ_true
0,0.014936780182193285,0.04086458286474226,32.60000557640528,7.3398379203646735,47,49,47,49,47,49,47,49,1.625,34.73467822255864,1.1559135408228256e+32,6.106430679044369e+31,3.75259092847031e+30,6.912527945600349e+29,1.625,0.0,63.61288911407697,2.116933383596666e+32
1,0.018516038994006303,0.06129466261336348,91.02151345818342,100.03631050491413,2418,2421,2418,2421,2418,2421,2418,2421,11.0,13.961648176944827,4.6462092081375975e+31,6.514772304946745e+31,3.75259092847031e+30,6.912527945600349e+29,11.0,0.3333333333333333,15.34342376820512,5.106041628660474e+31
2,0.029128009767721192,0.12258949122042395,87.32424266180305,17.825181782448734,2733,2737,2733,2737,2733,2737,2733,2737,1.1500000000000001,84.61279568845849,2.8157760851126665e+32,1.428317842827935e+32,3.75259092847031e+30,6.912527945600349e+29,1.1500000000000001,0.0,117.90303214586292,3.923620955640818e+32
