,ampl,dur,ed,ederr,istart,istop,istart_no_sys_no_thruster,istop_no_sys_no_thruster,istart_no_sys_no_thruster.1,istop_no_sys_no_thruster.1,istart_no_sys_no_thruster.2,istop_no_sys_no_thruster.2,corrected,myed,myenerg,myenerg_err,L_bol,L_bol_err,count_true,falsepos_corrected,ED_true,energ_true
0,0.5119361327795762,0.12258969676622655,1743.3731789159353,333.11654537576345,1659,1665,1659,1665,1659,1665,1659,1665,4.0,1512.5503573826943,2.262177638983102e+32,1.3097889938622983e+32,6.372813724560239e+27,2.2744616118030298e+27,4.0,0.0,5480.050423874515,8.195989950933077e+32
