,ampl,dur,ed,ederr,istart,istop,istart_no_sys_no_thruster,istop_no_sys_no_thruster,istart_no_sys_no_thruster.1,istop_no_sys_no_thruster.1,istart_no_sys_no_thruster.2,istop_no_sys_no_thruster.2,corrected,myed,myenerg,myenerg_err,L_bol,L_bol_err,count_true,falsepos_corrected,ED_true,energ_true
0,0.2785483401046437,0.06129670544032706,655.0566084298757,136.4838658567672,107,110,109,110,109,110,109,110,4.666666666666667,281.02114921799995,4.202965916072624e+31,2.754992274918563e+31,6.372813724560239e+27,2.2744616118030298e+27,4.666666666666667,0.25,415.4310826200561,6.213207388796091e+31
