,ampl,dur,ed,ederr,istart,istop
0,0.06582015090237602,0.14302102515648585,48.2764241746096,3.970893710151692,2679,2686
