,ampl,dur,ed,ederr,istart,istop,istart_no_sys_no_thruster,istop_no_sys_no_thruster,istart_no_sys_no_thruster.1,istop_no_sys_no_thruster.1,istart_no_sys_no_thruster.2,istop_no_sys_no_thruster.2,corrected,myed,myenerg,myenerg_err,L_bol,L_bol_err,count_true,falsepos_corrected,ED_true,energ_true
0,0.02501732211085421,0.18389054659201065,322.67602722058245,319.28267443142875,50,59,50.0,59.0,50.0,59.0,50.0,59.0,18.0,113.07928452387337,7.332613550620322e+31,1.0440473581734467e+32,1.42669527973314e+29,4.76337656086982e+28,18.0,0.0,261.05001168507187,1.6927758794471577e+32
1,-0.03582043493941473,0.040864371570933145,-245.73578199045662,396.3458653691909,221,223,221.0,223.0,221.0,223.0,221.0,223.0,11.0,29.76599156633919,1.930172392105198e+31,3.9515480836639115e+31,1.42669527973314e+29,4.76337656086982e+28,11.0,0.0,208.58717821542785,1.3525812229075393e+32
2,0.7021561025521312,0.10215867943770718,2089.0812414543493,407.474013922724,1286,1291,1512.0,1514.0,1512.0,1514.0,1512.0,1514.0,2.2222222222222223,273.254412993969,1.7719151831592666e+32,1.1519247850744172e+32,1.42669527973314e+29,4.76337656086982e+28,2.2222222222222223,0.0,548.09733660333,3.554131045627543e+32
