,ampl,dur,ed,ederr,istart,istop
0,0.0015174091213095936,0.06129470833548112,6.08463170052263,1.9750319078971212,2025,2028
