,ampl,dur,ed,ederr,istart,istop,istart_no_sys_no_thruster,istop_no_sys_no_thruster,istart_no_sys_no_thruster.1,istop_no_sys_no_thruster.1,istart_no_sys_no_thruster.2,istop_no_sys_no_thruster.2,corrected,myed,myenerg,myenerg_err,L_bol,L_bol_err,count_true,falsepos_corrected,ED_true,energ_true
0,0.04050836901209634,0.06129593057994497,127.737948857351,25.875091805443386,684,687,684.0,686.0,684.0,686.0,684.0,686.0,10.5,150.71790894168134,3.0086743258300564e+31,1.8148428299645479e+31,1.30116155957454e+28,1.12351320399495e+28,10.5,0.125,287.37696050620156,5.7367016898081e+31
1,0.07113626361736833,0.08172749669029145,236.8438725989244,46.20545984891685,851,855,851.0,855.0,851.0,855.0,851.0,855.0,1.625,279.38996597437233,5.577263003608187e+31,3.090667212256011e+31,1.30116155957454e+28,1.12351320399495e+28,1.625,0.0,720.2348515748434,1.4377535634068088e+32
2,0.0887274462938191,0.0408632176622632,220.45995601487687,48.06478593332147,1801,1803,2010.0,2015.0,2010.0,2015.0,2010.0,2015.0,,341.29024764063917,6.812934262045091e+31,6.171886875008071e+31,1.30116155957454e+28,1.12351320399495e+28,,0.0625,374.6317195254083,7.478506330749313e+31
