,ampl,dur,ed,ederr,istart,istop,istart_no_sys_no_thruster,istop_no_sys_no_thruster,istart_no_sys_no_thruster.1,istop_no_sys_no_thruster.1,istart_no_sys_no_thruster.2,istop_no_sys_no_thruster.2,corrected,myed,myenerg,myenerg_err,L_bol,L_bol_err,count_true,falsepos_corrected,ED_true,energ_true
0,0.3004353625752787,0.10215793417592067,1445.3342740904175,262.7746687900333,2655,2660,2655,2660,2655,2660,2655,2660,1.2999999999999998,1662.5069158360973,3.318744208511029e+32,1.795027388847534e+32,1.30116155957454e+28,1.12351320399495e+28,1.2999999999999998,0.0,3558.5668319005454,7.103713645624133e+32
1,0.23474540805749555,0.20431578059651656,3800.235396872346,2943.8654173291475,2666,2672,2666,2672,2666,2672,2666,2672,3.0,611.4953667841195,1.2206846706712874e+32,1.3839146265886134e+32,1.30116155957454e+28,1.12351320399495e+28,3.0,0.2,642.8405944589696,1.2832569173305152e+32
