,ampl,dur,ed,ederr,istart,istop,istart_no_sys_no_thruster,istop_no_sys_no_thruster,istart_no_sys_no_thruster.1,istop_no_sys_no_thruster.1,istart_no_sys_no_thruster.2,istop_no_sys_no_thruster.2,corrected,myed,myenerg,myenerg_err,L_bol,L_bol_err,count_true,falsepos_corrected,ED_true,energ_true
0,0.16030274088809285,0.061296450257941615,313.1382677780647,66.08574486387506,229,232,229,229,229,229,229,229,3.75,,,,,,3.75,1.0,999.5524250528806,1.9953353517805412e+32
1,0.19928864386905626,0.04086425364221213,449.86376764212935,99.00256927318651,366,368,366,368,366,368,366,368,3.5,453.1940226538652,9.046789662573714e+31,5.239347784851208e+31,1.30116155957454e+28,1.12351320399495e+28,3.5,0.0,1428.7357556022025,2.852083482619872e+32
2,0.02072277075830489,0.040864111731934834,69.75968582254299,18.442914935585197,407,409,407,409,408,409,408,409,10.5,74.03081855630437,1.47782453110281e+31,9.213414298588552e+30,1.30116155957454e+28,1.12351320399495e+28,10.5,1.0,534.6081976773626,1.0672002882899185e+32
3,0.8435649659539932,0.061296195424802136,1648.5176402142856,344.72144019936945,455,458,455,458,455,458,455,458,1.909090909090909,1663.1875502516677,3.3201029105430456e+32,1.8864044920231104e+32,1.30116155957454e+28,1.12351320399495e+28,1.909090909090909,0.14285714285714285,2996.414389754268,5.981528742871392e+32
4,0.04296419684476102,0.0612956767945434,167.50027089041546,35.30124222230558,755,758,811,813,811,813,811,813,3.5,454.9362143873882,9.081567795949703e+31,5.232637264802654e+31,1.30116155957454e+28,1.12351320399495e+28,3.5,0.0,1428.7357556022025,2.852083482619872e+32
5,0.13617146413285974,0.040863736874598544,318.33515866090147,69.11552509492617,811,813,2002,2002,2002,2002,2002,2002,3.75,,,,,,3.75,1.0,999.5524250528806,1.9953353517805412e+32
6,0.6412846221753161,0.20431565351464087,1791.1361367630172,409.01973859538117,2002,2012,2010,2012,2010,2012,2010,2012,10.5,65.45290865449394,1.3065898220222413e+31,8.114464593747324e+31,1.30116155957454e+28,1.12351320399495e+28,10.5,1.0,534.6081976773626,1.0672002882899185e+32
