,ampl,dur,ed,ederr,istart,istop,istart_no_sys_no_thruster,istop_no_sys_no_thruster,istart_no_sys_no_thruster.1,istop_no_sys_no_thruster.1,corrected,myed,myenerg,myenerg_err,L_bol,L_bol_err,count_true,falsepos_corrected,ED_true,energ_true
0,0.005195995396918083,0.04086332931183279,7.202295035055013,10.001737108352973,1300,1302,1300,1302,1300,1302,9.0,76.30631940237825,1.5232487346500883e+31,2.662264169459857e+31,1.30116155957454e+28,1.12351320399495e+28,9.0,0.0,743.4101496881109,1.4840167612686008e+32
1,0.15140212647465065,0.0408631277969107,294.0398979490078,64.81881609970513,2127,2129,2127,2129,2127,2129,4.666666666666667,310.5973566447767,6.20023392820166e+31,3.5930901910918523e+31,1.30116155957454e+28,1.12351320399495e+28,4.666666666666667,0.0,1069.013587320509,2.1339957253382677e+32
