,ampl,dur,ed,ederr,istart,istop,istart_no_sys_no_thruster,istop_no_sys_no_thruster,istart_no_sys_no_thruster.1,istop_no_sys_no_thruster.1,corrected,myed,myenerg,myenerg_err,L_bol,L_bol_err,count_true,falsepos_corrected,ED_true,energ_true
0,0.0024199608311090237,0.06129570565826725,3.5309151725644283,5.882125675181418,786,789,1238.0,1239.0,1238.0,1239.0,19.0,47.26145550644421,3.0646637934415684e+31,2.340589655883292e+31,1.42669527973314e+29,4.76337656086982e+28,19.0,0.0,140.18305116715726,9.090154265510821e+31
1,0.020524121745979843,0.06129519575915765,90.29617522187692,17.536799296313028,1238,1241,2627.0,2630.0,2627.0,2630.0,2.833333333333333,166.3921276712455,1.0789678898447004e+32,6.944903367548993e+31,1.42669527973314e+29,4.76337656086982e+28,2.833333333333333,0.0,305.7167082071171,1.9824165731940725e+32
