,ampl,dur,ed,ederr,istart,istop,istart_no_sys_no_thruster,istop_no_sys_no_thruster,istart_no_sys_no_thruster.1,istop_no_sys_no_thruster.1,istart_no_sys_no_thruster.2,istop_no_sys_no_thruster.2,corrected,myed,myenerg,myenerg_err,L_bol,L_bol_err,count_true,falsepos_corrected,ED_true,energ_true
0,0.1638963672966773,0.0817274782966706,297.34011804183194,59.18345863011729,916,920,916,920,916,920,916,920,35.5,304.72334507018405,1.9759751210490297e+32,1.2515825328465182e+32,1.42669527973314e+29,4.76337656086982e+28,35.5,0.0,1428.8793421280636,9.265552103911384e+32
1,0.0933322953448128,0.04086332058068365,243.74760699138528,64.8552980335962,1483,1484,1483,1484,1483,1484,1483,1484,,124.63268970649024,8.0817928167835955e+31,7.104058474458675e+31,1.42669527973314e+29,4.76337656086982e+28,,0.0,482.4319092001933,3.128324316472071e+32
2,-0.010083981515948512,0.04086329973506509,-47.97778192246521,72.89618041540666,1776,1778,1776,1778,1776,1778,1776,1778,,55.10026327530747,3.5729704059983503e+31,6.980621929762447e+31,1.42669527973314e+29,4.76337656086982e+28,,0.0,482.4319092001933,3.128324316472071e+32
3,0.4221489827219607,0.04086314746382413,418.81331744126993,93.59932357000015,1975,1977,1975,1977,1975,1977,1975,1977,17.75,501.823077641108,3.254066131227004e+32,2.1406677510371833e+32,1.42669527973314e+29,4.76337656086982e+28,17.75,0.0,1951.3427059500677,1.2653459939899766e+33
4,0.25642215784606964,0.122589715916547,640.9656043695363,122.21129588679071,3010,3016,3010,3014,3010,3014,3010,3014,18.333333333333336,677.9576789583879,4.396208982404601e+32,2.7780817893835824e+32,1.42669527973314e+29,4.76337656086982e+28,18.333333333333336,0.0,2082.928915270617,1.3506729241700944e+33
