,ampl,dur,ed,ederr,istart,istop,istart_no_sys_no_thruster,istop_no_sys_no_thruster,istart_no_sys_no_thruster.1,istop_no_sys_no_thruster.1,istart_no_sys_no_thruster.2,istop_no_sys_no_thruster.2,corrected,myed,myenerg,myenerg_err,L_bol,L_bol_err,count_true,falsepos_corrected,ED_true,energ_true
0,0.04652330672244966,0.1634535224729916,242.5999123146469,43.54148326040311,1399,1407,1399,1407,1399,1407,1399,1407,3.666666666666667,246.20285146789962,8.193230061826452e+32,3.9541155570764834e+32,3.75259092847031e+30,6.912527945600349e+29,3.666666666666667,0.0,447.74330510359385,1.4900168237225308e+33
1,0.003117637021136065,0.06129473848704947,12.991996070971705,2.358802299598914,1911,1914,1911,1914,1911,1914,1911,1914,,42.29753994799102,1.407593266190784e+32,6.822424508926608e+31,3.75259092847031e+30,6.912527945600349e+29,,0.0,127.60504006740872,4.246487983739603e+32
