,ampl,dur,ed,ederr,istart,istop,istart_no_sys_no_thruster,istop_no_sys_no_thruster,istart_no_sys_no_thruster.1,istop_no_sys_no_thruster.1,istart_no_sys_no_thruster.2,istop_no_sys_no_thruster.2,corrected,myed,myenerg,myenerg_err,L_bol,L_bol_err,count_true,falsepos_corrected,ED_true,energ_true
0,0.007991843392715152,0.16345454540714854,32.2626477237104,6.1410154067629925,977,985,977,985,977,985,977,985,1.1333333333333333,30.65897248221142,4.1064587925993346e+32,2.529502712815216e+32,6.98765129706233e+31,2.574345873865e+31,1.1333333333333333,0.0,49.30112069669439,6.603385703399113e+32
1,0.0026646947800405447,0.061294717714190476,11.302319295819151,2.8326150964875465,2685,2688,2685,2688,2685,2688,2685,2688,3.75,14.237180867533905,1.9069261564207062e+32,1.289577015343416e+32,6.98765129706233e+31,2.574345873865e+31,3.75,0.0,25.25987483122728,3.383304354405095e+32
2,0.001353677572983956,0.040863179303414654,3.044427982732159,0.7838501711184618,2816,2818,2816,2818,2816,2818,2816,2818,15.0,4.6804835337586725,6.2690335665917785e+31,4.282423903466265e+31,6.98765129706233e+31,2.574345873865e+31,15.0,0.0,9.649584379706884,1.2924640786304117e+32
