,ampl,dur,ed,ederr,istart,istop,istart_no_sys_no_thruster,istop_no_sys_no_thruster,istart_no_sys_no_thruster.1,istop_no_sys_no_thruster.1,istart_no_sys_no_thruster.2,istop_no_sys_no_thruster.2,corrected,myed,myenerg,myenerg_err,L_bol,L_bol_err,count_true,falsepos_corrected,ED_true,energ_true
0,0.3524197454107919,0.04086353908496676,412.8201962987423,91.5735805393731,1404,1406,1404,1406,1404,1406,1404,1406,,415.1655938350292,8.287655209061892e+31,4.8142237776740365e+31,1.30116155957454e+28,1.12351320399495e+28,,0.3333333333333333,95.29484775905026,1.9023032090199588e+31
1,0.021631180685097118,0.040863435133360326,45.95878190614539,126.65237759682549,1410,1412,1410,1412,1410,1412,1410,1412,16.0,53.11482283189207,1.0602933977617793e+31,3.302653220448513e+31,1.30116155957454e+28,1.12351320399495e+28,16.0,0.0,430.3567463902365,8.590905373515175e+31
