,ampl,dur,ed,ederr,istart,istop,istart_no_sys_no_thruster,istop_no_sys_no_thruster,istart_no_sys_no_thruster.1,istop_no_sys_no_thruster.1,istart_no_sys_no_thruster.2,istop_no_sys_no_thruster.2,corrected,myed,myenerg,myenerg_err,L_bol,L_bol_err,count_true,falsepos_corrected,ED_true,energ_true
0,0.07473069258718303,0.061295485647860914,254.4647901491775,51.51981741952078,940,943,940,943,940,943,940,943,2.5999999999999996,311.8347193160415,9.221336948220095e+31,5.755435231337289e+31,2.53706284034917e+28,2.19067615356642e+28,2.5999999999999996,0.0,523.9272513451714,1.5493174498353852e+32
1,0.0155376325292667,0.040863281341444235,43.05433773987259,9.756895086591827,1351,1353,1351,1351,1351,1351,1351,1351,17.0,,,,,,17.0,0.7142857142857143,164.39576318013113,4.861385314851309e+31
2,0.031346827118342274,0.04086329566052882,86.2654399487558,19.48843845474769,1521,1523,1521,1523,1521,1523,1521,1523,,87.57821972632648,2.589795886721739e+31,1.6771318170094382e+31,2.53706284034917e+28,2.19067615356642e+28,,1.0,80.61293542371394,2.383823846034882e+31
