,ampl,dur,ed,ederr,istart,istop
0,0.00381531919723479,0.040863303816877306,10.245038824957337,2.421279450217759,1526,1528
