,ampl,dur,ed,ederr,istart,istop,istart_no_sys_no_thruster,istop_no_sys_no_thruster,istart_no_sys_no_thruster.1,istop_no_sys_no_thruster.1,istart_no_sys_no_thruster.2,istop_no_sys_no_thruster.2,corrected,myed,myenerg,myenerg_err,L_bol,L_bol_err,count_true,falsepos_corrected,ED_true,energ_true
0,0.030947443726249774,0.0612950586291845,115.67458539997831,25.57985969321623,1456,1458,1456,1458,1456,1458,1456,1458,5.333333333333333,159.6950678623602,4.722379961274387e+31,3.035622317533513e+31,2.53706284034917e+28,2.19067615356642e+28,5.333333333333333,0.0,473.640844592564,1.4006143478850602e+32
