,ampl,dur,ed,ederr,istart,istop,istart_no_sys_no_thruster,istop_no_sys_no_thruster,istart_no_sys_no_thruster.1,istop_no_sys_no_thruster.1,istart_no_sys_no_thruster.2,istop_no_sys_no_thruster.2,corrected,myed,myenerg,myenerg_err,L_bol,L_bol_err,count_true,falsepos_corrected,ED_true,energ_true
0,0.010540899163841058,0.061294681210711126,48.05436214274354,476.1440112229197,2147,2150,2147,2150,2147,2150,2147,2150,,64.0037104727596,1.277660510349593e+31,1.3118394247539051e+32,1.30116155957454e+28,1.12351320399495e+28,,0.0,166.53735308730964,3.32446662804592e+31
1,0.012765302537506507,0.040863043963327066,25.229861476520988,67.58213659159212,2711,2713,2711,2713,2711,2713,2711,2713,,40.04798352285642,7.994493864236536e+30,2.4285059703913073e+31,1.30116155957454e+28,1.12351320399495e+28,,0.0,166.53735308730964,3.32446662804592e+31
2,0.2808290404025709,0.1634525843692245,897.0994607664989,167.1987689800604,2718,2726,2718,2726,2718,2726,2718,2726,6.75,793.6519901889806,1.5843109709340928e+32,8.641523316474308e+31,1.30116155957454e+28,1.12351320399495e+28,6.75,0.0,1911.5715247313435,3.8159341572821374e+32
