,ampl,dur,ed,ederr,istart,istop,istart_no_sys_no_thruster,istop_no_sys_no_thruster,istart_no_sys_no_thruster.1,istop_no_sys_no_thruster.1,istart_no_sys_no_thruster.2,istop_no_sys_no_thruster.2,corrected,myed,myenerg,myenerg_err,L_bol,L_bol_err,count_true,falsepos_corrected,ED_true,energ_true
0,0.23131280231140056,0.061294727311178576,493.81270925988235,102.63781210140723,1985,1988,1985,1988,1985,1988,1985,1988,2.5,559.7157304384378,1.1173206686306607e+32,6.334249695768861e+31,1.30116155957454e+28,1.12351320399495e+28,2.5,0.0,1292.7555425934909,2.5806358633070818e+32
1,0.0304945373842419,0.061294663399166886,100.0631861065058,21.54838774864961,2341,2344,2343,2344,2343,2344,2343,2344,,54.03685455516989,1.0786992606941014e+31,8.456132059814046e+30,1.30116155957454e+28,1.12351320399495e+28,,0.0,96.53877557834474,1.927134854571419e+31
2,0.4733616978766873,0.16345268591248896,2393.0666191783275,475.42370106241515,2823,2827,2823,2827,2823,2827,2823,2827,2.6363636363636367,2374.1352533216027,4.739317200506443e+32,2.6432769315964427e+32,1.30116155957454e+28,1.12351320399495e+28,2.6363636363636367,0.0,4417.036863571208,8.817416258617157e+32
3,0.011717663981845605,0.04086317450855858,36.480817906957924,199.60172221547646,2834,2836,2834,2836,2834,2836,2834,2836,,45.60658334042023,9.104117576249356e+30,5.308139663952531e+31,1.30116155957454e+28,1.12351320399495e+28,,0.0,96.53877557834474,1.927134854571419e+31
