,ampl,dur,ed,ederr,istart,istop
0,0.0043074601754298815,0.22474719854653813,4.83178931307101,2.41012877361907,2309,2319
