,ampl,dur,ed,ederr,istart,istop,istart_no_sys_no_thruster,istop_no_sys_no_thruster,istart_no_sys_no_thruster.1,istop_no_sys_no_thruster.1,corrected,myed,myenerg,myenerg_err,L_bol,L_bol_err,count_true,falsepos_corrected,ED_true,energ_true
0,0.15411941614669927,0.2247502355967299,1054.995038257425,213.6235963946009,940,950,940,950,940,950,2.0,953.811857595289,6.184982316782339e+32,3.938873540362147e+32,1.42669527973314e+29,4.76337656086982e+28,2.0,0.0,1748.7533396361507,1.1339771461148036e+33
1,0.4410760391473701,0.06129476910427911,651.4883474334747,135.1801552985397,1898,1901,1898,1901,1898,1901,1.6,680.331721199166,4.411603432747802e+32,2.8315935594425428e+32,1.42669527973314e+29,4.76337656086982e+28,1.6,0.0,1252.0654598625797,8.119004463026768e+32
2,0.11879764627750394,0.040863060268748086,186.64263683205672,41.38590953075458,1975,1977,1975,1977,1975,1977,15.0,187.62607442441922,1.2166591799435517e+32,7.982449226699483e+31,1.42669527973314e+29,4.76337656086982e+28,15.0,0.0,348.008049332644,2.2566543014540842e+32
3,0.03671454007954917,0.04086311723222025,77.28013766005874,17.557169383204187,2539,2541,2539,2541,2539,2541,14.0,116.80240914171844,7.574039149821873e+31,5.010572427607001e+31,1.42669527973314e+29,4.76337656086982e+28,14.0,0.0,252.9075453972379,1.6399761479233565e+32
