,ampl,dur,ed,ederr,istart,istop
0,0.00042204041681180853,0.040863788104616106,1.3683615866108636,1.8764684748371363,805,807
