,ampl,dur,ed,ederr,istart,istop,istart_no_sys_no_thruster,istop_no_sys_no_thruster,istart_no_sys_no_thruster.1,istop_no_sys_no_thruster.1,istart_no_sys_no_thruster.2,istop_no_sys_no_thruster.2,corrected,myed,myenerg,myenerg_err,L_bol,L_bol_err,count_true,falsepos_corrected,ED_true,energ_true
0,0.011135899777234698,0.04086438228114275,5.188944724427632,25.85818080693209,204,206,204,206,204,206,204,206,10.5,173.02995841786793,3.45407388641995e+31,1.8453003764533386e+32,1.30116155957454e+28,1.12351320399495e+28,10.5,0.0,768.8545433059478,1.5348095929578473e+32
