,ampl,dur,ed,ederr,istart,istop,istart_no_sys_no_thruster,istop_no_sys_no_thruster,istart_no_sys_no_thruster.1,istop_no_sys_no_thruster.1,istart_no_sys_no_thruster.2,istop_no_sys_no_thruster.2,corrected,myed,myenerg,myenerg_err,L_bol,L_bol_err,count_true,falsepos_corrected,ED_true,energ_true
0,0.05952128157397508,0.06129471008171095,222.13917149525392,44.36164767495096,1821,1824,1821,1824,1821,1824,1821,1824,4.5,301.7738223884885,8.923823827250867e+31,5.545102233548799e+31,2.53706284034917e+28,2.19067615356642e+28,4.5,0.0,663.8535254258496,1.963096686489023e+32
1,1.0806358004546393,0.061294656065001625,1260.2793141766322,264.14362713024485,2096,2099,2096,2099,2096,2099,2096,2099,1.8333333333333335,1264.0995754400235,3.738098229344527e+32,2.3597535570993687e+32,2.53706284034917e+28,2.19067615356642e+28,1.8333333333333335,0.0,4595.844900906422,1.3590479753495872e+33
2,0.6774826563266694,0.14302096240135145,7743.418060147909,12346.941379058235,2103,2110,2103,2110,2103,2110,2103,2110,,536.4628247214581,1.5863866851647337e+32,3.1984533595554307e+32,2.53706284034917e+28,2.19067615356642e+28,,0.5,631.7746758628602,1.8682355750065046e+32
3,0.0208162017142752,0.04086300107155694,62.769290030178176,15.273942176963198,2188,2190,2188,2190,2188,2190,2188,2190,,132.19674292962054,3.9092206047004905e+31,2.599688162650924e+31,2.53706284034917e+28,2.19067615356642e+28,,0.0,640.247199938562,1.8932898728330306e+32
4,0.2190269495850852,0.04086322725197533,462.50984671177423,102.9363218296788,2497,2499,2497,2499,2497,2499,2497,2499,5.0,483.927388596377,1.4310329261947183e+32,9.219287831021568e+31,2.53706284034917e+28,2.19067615356642e+28,5.0,0.0,1108.321893048773,3.2774444248248725e+32
5,0.08034002165881934,0.04086323692899897,217.37156775752743,48.15427794143231,2874,2876,2874,2876,2874,2876,2874,2876,,231.1592173415412,6.83566293217286e+31,4.396764022927808e+31,2.53706284034917e+28,2.19067615356642e+28,,0.5,303.94769812901035,8.98810801193332e+31
