,ampl,dur,ed,ederr,istart,istop,istart_no_sys_no_thruster,istop_no_sys_no_thruster,istart_no_sys_no_thruster.1,istop_no_sys_no_thruster.1,istart_no_sys_no_thruster.2,istop_no_sys_no_thruster.2,corrected,myed,myenerg,myenerg_err,L_bol,L_bol_err,count_true,falsepos_corrected,ED_true,energ_true
0,0.0162142382692582,0.0408640539899352,53.7845341897916,13.020951933941848,525,527,525,527,525,527,525,527,32.0,112.24605866422229,9.003498628274032e+30,5.0432330642216373e+30,2.01526064735913e+27,1.16007728127667e+27,32.0,0.0,800.701601844297,6.422600365352345e+31
1,0.4164874335262535,0.08172786862996873,1365.3878954992065,269.6589597203499,647,651,647,651,647,651,647,651,5.0,1273.3045810650835,1.0213450864487824e+32,5.265472964838499e+31,2.01526064735913e+27,1.16007728127667e+27,5.0,0.0,3039.684612894408,2.438196634097389e+32
2,0.09180414747409556,0.040863517788238816,269.995783606543,59.01839536422,1159,1161,1161,1161,1161,1161,1161,1161,,,,,,,,1.0,676.3890788673175,5.425462787944229e+31
