,ampl,dur,ed,ederr,istart,istop
0,0.08115659968307873,0.040863219554012176,272.78324926765407,63.476419913810346,2541,2543
