,ampl,dur,ed,ederr,istart,istop,istart_no_sys_no_thruster,istop_no_sys_no_thruster,istart_no_sys_no_thruster.1,istop_no_sys_no_thruster.1,istart_no_sys_no_thruster.2,istop_no_sys_no_thruster.2,corrected,myed,myenerg,myenerg_err,L_bol,L_bol_err,count_true,falsepos_corrected,ED_true,energ_true
0,0.03583358028872826,0.040863989263016265,97.47931270275619,21.178828856522426,598,600,598,600,598,600,598,600,,110.36952181998419,7.156899291327246e+31,4.66359185904291e+31,1.42669527973314e+29,4.76337656086982e+28,,0.0,235.14007243720462,1.524763168343958e+32
1,0.032326761872974175,0.040863570633518975,88.39669952383522,19.250973769532425,1088,1090,1088,1090,1088,1090,1088,1090,,108.41531568549256,7.030179013224907e+31,4.58463498360133e+31,1.42669527973314e+29,4.76337656086982e+28,,0.0,235.14007243720462,1.524763168343958e+32
2,0.024254529822439624,0.061294744780752815,114.1808236177204,26.796263593035,1930,1932,1930,1932,1930,1932,1930,1932,,104.36304256100959,6.767409815944346e+31,4.527665676338928e+31,1.42669527973314e+29,4.76337656086982e+28,,0.0,235.14007243720462,1.524763168343958e+32
3,0.03712961837263151,0.2043158553497051,443.8041065960231,68.89223685364234,2751,2761,2751,2756,2751,2756,2751,2756,3.5,205.3074407003453,1.3313138016934486e+32,8.891438082541096e+31,1.42669527973314e+29,4.76337656086982e+28,3.5,0.0,524.8387893430909,3.403311256197264e+32
