,ampl,dur,ed,ederr,istart,istop,istart_no_sys_no_thruster,istop_no_sys_no_thruster,istart_no_sys_no_thruster.1,istop_no_sys_no_thruster.1,istart_no_sys_no_thruster.2,istop_no_sys_no_thruster.2,corrected,myed,myenerg,myenerg_err,L_bol,L_bol_err,count_true,falsepos_corrected,ED_true,energ_true
0,0.3882690952821857,0.04086310322600184,701.4587539739473,151.37126352316238,1763,1765,1763,1765,1763,1765,1763,1765,3.5,718.1412578862298,2.1236322016715487e+32,1.353761947627619e+32,2.53706284034917e+28,2.19067615356642e+28,3.5,0.0,1471.7248797971686,4.3520718416008244e+32
1,0.3733299802515005,0.061294786290091,736.3411205359909,164.1472153590722,2578,2580,2578,2580,2578,2580,2578,2580,3.5,745.8269481977421,2.2055021998444542e+32,1.421672446432989e+32,2.53706284034917e+28,2.19067615356642e+28,3.5,0.0,1471.7248797971686,4.3520718416008244e+32
