,ampl,dur,ed,ederr,istart,istop,istart_no_sys_no_thruster,istop_no_sys_no_thruster,istart_no_sys_no_thruster.1,istop_no_sys_no_thruster.1,corrected,myed,myenerg,myenerg_err,L_bol,L_bol_err,count_true,falsepos_corrected,ED_true,energ_true
0,1.0511084777472066,0.14302374473481905,3495.244713746068,702.5761855900415,576,580,576,580,576,580,2.4,3593.792578350937,7.174032295675535e+32,4.018001286727745e+32,1.30116155957454e+28,1.12351320399495e+28,2.4,0.0,4903.612815137943,9.788733193230162e+32
1,0.0331624786297709,0.04086329496203689,52.8274767000979,167.07614099300815,3080,3082,3080,3082,3080,3082,6.0,60.00057347311001,1.1977487361072473e+31,4.218161531300419e+31,1.30116155957454e+28,1.12351320399495e+28,6.0,0.0,576.8962966895597,1.1516170100183147e+32
2,0.5366643368573468,0.2451799192640465,3178.4081349410426,572.8896281407832,3093,3101,3093,3101,3093,3101,2.4,2547.2458678357175,5.084885597171774e+32,2.7423335253551707e+32,1.30116155957454e+28,1.12351320399495e+28,2.4,0.0,4862.885369092944,9.70743189192321e+32
3,0.09466164476757634,0.3064748317920021,1309.232452930572,183.54684023906142,3105,3119,3105,3119,3105,3119,1.9166666666666667,1417.7303279413964,2.8301141308153296e+32,1.4129650349952754e+32,1.30116155957454e+28,1.12351320399495e+28,1.9166666666666667,0.0,3051.340607189315,6.091174040747525e+32
