,ampl,dur,ed,ederr,istart,istop,istart_no_sys_no_thruster,istop_no_sys_no_thruster,istart_no_sys_no_thruster.1,istop_no_sys_no_thruster.1,corrected,myed,myenerg,myenerg_err,L_bol,L_bol_err,count_true,falsepos_corrected,ED_true,energ_true
0,0.2757591062284831,0.04086412849574117,731.1787033361177,169.47863749163824,506,508,506,508,506,508,2.2857142857142856,810.4995017865242,1.6179424590257084e+32,9.559691009249221e+31,1.30116155957454e+28,1.12351320399495e+28,2.2857142857142856,0.25,1037.1708722424253,2.070430379990209e+32
1,0.024383204004203376,0.18388852608768505,-36.57632161348933,36.280426053110034,514,523,514,523,514,523,4.333333333333333,290.4577935855982,5.798202167443676e+31,7.833236326216626e+31,1.30116155957454e+28,1.12351320399495e+28,4.333333333333333,0.0,836.5343783619736,1.6699140298089908e+32
2,0.017495264900169494,0.04086410428863019,49.79683939747267,12.34306051300679,530,532,530,532,530,532,9.5,92.54276673194954,1.8473653745782282e+31,1.1212305463422333e+31,1.30116155957454e+28,1.12351320399495e+28,9.5,0.0,210.27405834947982,4.197551340690154e+31
