,ampl,dur,ed,ederr,istart,istop,istart_no_sys_no_thruster,istop_no_sys_no_thruster,istart_no_sys_no_thruster.1,istop_no_sys_no_thruster.1,istart_no_sys_no_thruster.2,istop_no_sys_no_thruster.2,corrected,myed,myenerg,myenerg_err,L_bol,L_bol_err,count_true,falsepos_corrected,ED_true,energ_true
0,0.014088313439659559,0.08172664336598245,37.21459477245728,64.92158223355432,1606,1610,1606,1610,1606,1610,1606,1610,3.0,52.093371994792896,1.73358260842602e+32,3.549767804339522e+32,3.75259092847031e+30,6.912527945600349e+29,3.0,0.0,160.71951520720972,5.348483803769319e+32
1,0.034497643025713946,0.08172663672303315,180.44827412858209,33.70234755626349,3112,3116,3112,3116,3112,3116,3112,3116,1.625,180.06067318454532,5.99212605253142e+32,2.9355379061227483e+32,3.75259092847031e+30,6.912527945600349e+29,1.625,0.0,309.14990027046235,1.028800536388934e+33
