,ampl,dur,ed,ederr,istart,istop,istart_no_sys_no_thruster,istop_no_sys_no_thruster,istart_no_sys_no_thruster.1,istop_no_sys_no_thruster.1,istart_no_sys_no_thruster.2,istop_no_sys_no_thruster.2,corrected,myed,myenerg,myenerg_err,L_bol,L_bol_err,count_true,falsepos_corrected,ED_true,energ_true
0,0.13748061737263834,0.04086324980016798,126.98658169819143,27.22868151740819,1605,1607,1605,1607,1605,1607,1605,1607,6.0,153.28430541083532,3.0599054716233025e+31,1.7548199409377672e+31,1.30116155957454e+28,1.12351320399495e+28,6.0,0.0,420.05028937120653,8.385164908820799e+31
1,0.17202645528736238,0.14302089698321652,784.5010843249902,144.52399891055626,2146,2153,2146,2153,2146,2153,2146,2153,3.666666666666667,572.536238693813,1.1429133366174258e+32,6.209341336890352e+31,1.30116155957454e+28,1.12351320399495e+28,3.666666666666667,0.0,1066.2345666319707,2.128448164165699e+32
