,ampl,dur,ed,ederr,istart,istop
0,0.007806896209140183,0.20431586843187688,25.052597601973982,4.352351923658385,2715,2724
