,ampl,dur,ed,ederr,istart,istop,istart_no_sys_no_thruster,istop_no_sys_no_thruster,istart_no_sys_no_thruster.1,istop_no_sys_no_thruster.1,istart_no_sys_no_thruster.2,istop_no_sys_no_thruster.2,corrected,myed,myenerg,myenerg_err,L_bol,L_bol_err,count_true,falsepos_corrected,ED_true,energ_true
0,0.22379691261693002,0.08172633102367399,587.2896177202603,117.83062736748538,2184,2188,2188,2188,2188,2188,2188,2188,1.5,,,,,,1.5,0.7142857142857143,771.4145134369529,1.539919879095792e+32
1,0.16548848218885648,0.10215786517073866,344.89644884485534,69.14628532184987,2402,2406,2402,2406,2402,2406,2402,2406,1.6428571428571428,266.0378059076704,5.310723337093815e+31,2.971619244045873e+31,1.30116155957454e+28,1.12351320399495e+28,1.6428571428571428,0.0,508.09442605915615,1.0142727334235052e+32
