,ampl,dur,ed,ederr,istart,istop,istart_no_sys_no_thruster,istop_no_sys_no_thruster,istart_no_sys_no_thruster.1,istop_no_sys_no_thruster.1,istart_no_sys_no_thruster.2,istop_no_sys_no_thruster.2,corrected,myed,myenerg,myenerg_err,L_bol,L_bol_err,count_true,falsepos_corrected,ED_true,energ_true
0,0.13621879740333465,0.04086322325019864,292.244250644337,69.50223384687635,2047,2049,2047,2049,2047,2049,2047,2049,9.333333333333334,239.4571486734573,1.5527572008869604e+32,1.0437313982332857e+32,1.42669527973314e+29,4.76337656086982e+28,9.333333333333334,0.0,1003.4805338375186,6.507058292049283e+32
1,-0.01577783961006635,0.10215766313194764,-406.6333195374636,311.14857529333636,2372,2377,2376,2377,2376,2377,2376,2377,34.0,29.8692955978163,1.9368711304659174e+31,4.666717236067753e+31,1.42669527973314e+29,4.76337656086982e+28,34.0,0.0,445.6187220008725,2.8896096160423267e+32
2,0.015204397513681887,0.06129465856793104,39.71543703655181,12.206617083739385,2384,2387,2384,2387,2384,2387,2384,2387,34.0,125.68756848543518,8.15019631315627e+31,6.0450734016937815e+31,1.42669527973314e+29,4.76337656086982e+28,34.0,0.0,445.6187220008725,2.8896096160423267e+32
3,0.13461715560642998,0.04086340835056035,332.23377188117627,74.60567157950202,3124,3126,3124,3126,3124,3126,3124,3126,9.333333333333334,284.2417155935974,1.8431622239112727e+32,1.214486757725642e+32,1.42669527973314e+29,4.76337656086982e+28,9.333333333333334,1.0,1010.5557025358119,6.552937144297482e+32
