,ampl,dur,ed,ederr,istart,istop,istart_no_sys_no_thruster,istop_no_sys_no_thruster,istart_no_sys_no_thruster.1,istop_no_sys_no_thruster.1,corrected,myed,myenerg,myenerg_err,L_bol,L_bol_err,count_true,falsepos_corrected,ED_true,energ_true
0,0.057999941713010136,0.061295908693864476,177.70048988566657,37.1627992109981,656,659,656,659,656,659,2.3333333333333335,204.1901757669653,1.3240689097358898e+32,8.520233080424713e+31,1.42669527973314e+29,4.76337656086982e+28,2.3333333333333335,0.0,347.97468113480943,2.2564379257486383e+32
1,0.2125774768258003,0.061294941981032025,453.5124897069278,94.33186018234785,1565,1568,1565,1568,1565,1568,1.2307692307692308,423.3185086551092,2.7450041321560666e+32,1.763280205483478e+32,1.42669527973314e+29,4.76337656086982e+28,1.2307692307692308,0.0,776.8536192602438,5.037498600580094e+32
2,-0.01203519960455402,0.061294700069993276,-149.39988652840998,281.39017148584054,2101,2104,2101,2104,2101,2104,,57.78053742258061,3.746772483137626e+31,8.684369527615988e+31,1.42669527973314e+29,4.76337656086982e+28,,0.0,125.49942717605173,8.137996311003574e+31
3,0.08086737247892463,0.1634526784910122,474.99985748077415,92.76433997336643,2708,2713,2710,2713,2710,2713,2.0,191.20349507885544,1.2398569241435072e+32,1.1223795960270443e+32,1.42669527973314e+29,4.76337656086982e+28,2.0,0.0,370.9489869965953,2.4054145550114995e+32
