,ampl,dur,ed,ederr,istart,istop,istart_no_sys_no_thruster,istop_no_sys_no_thruster,istart_no_sys_no_thruster.1,istop_no_sys_no_thruster.1,corrected,myed,myenerg,myenerg_err,L_bol,L_bol_err,count_true,falsepos_corrected,ED_true,energ_true
0,2.0528071016128027,0.1838864330566139,3904.889669371053,736.5128091239626,962,971,962,971,962,971,3.8888888888888893,3846.718897240588,7.678931101207961e+32,4.2055933419985225e+32,1.30116155957454e+28,1.12351320399495e+28,3.8888888888888893,0.0,11336.29967506148,2.262984805307411e+33
1,0.13295443935784912,0.08172691053914605,633.7767898133969,132.09309019983533,1215,1218,1215,1218,1215,1218,5.5,584.2468428210647,1.1662903820030905e+32,6.6185657082400575e+31,1.30116155957454e+28,1.12351320399495e+28,5.5,0.0,1499.1164074973012,2.992579367865932e+32
2,0.0343184298457278,0.04086326120159356,94.09924377935728,20.08445833194406,1587,1589,1587,1589,1587,1589,,113.53893509303553,2.2664969371933117e+31,1.2975823418879716e+31,1.30116155957454e+28,1.12351320399495e+28,,0.0,294.63365731316514,5.881561962397818e+31
3,0.004894466497529477,0.0408633137049037,16.946908955947336,4.122172464222054,1714,1716,1714,1716,1714,1716,,55.946406851633384,1.116818293850424e+31,6.726674051242679e+30,1.30116155957454e+28,1.12351320399495e+28,,0.0,294.63365731316514,5.881561962397818e+31
4,0.1416013500166947,0.08172633870708522,272.8591243932705,60.922510217872976,2142,2145,2142,2145,2142,2145,18.0,228.05551721365813,4.552509946048442e+31,2.6511139089100613e+31,1.30116155957454e+28,1.12351320399495e+28,18.0,0.0,490.27911707485896,9.78709300302545e+31
5,1.3195085332336205,0.3473365957761416,5847.3681307988745,1038.6237912206686,2157,2174,2157,2165,2157,2165,4.375,4565.043152995777,9.112870678188076e+32,4.9416606954440654e+32,1.30116155957454e+28,1.12351320399495e+28,4.375,0.0,8241.585354635534,1.6452090156202715e+33
6,0.01660347022700731,0.040863218368031085,42.693020057388175,9.355386531547188,2923,2925,2171,2174,2171,2174,,82.49200579624693,1.6467291887749542e+31,1.3956612220907709e+32,1.30116155957454e+28,1.12351320399495e+28,,0.0,294.63365731316514,5.881561962397818e+31
