,ampl,dur,ed,ederr,istart,istop,istart_no_sys_no_thruster,istop_no_sys_no_thruster,istart_no_sys_no_thruster.1,istop_no_sys_no_thruster.1,istart_no_sys_no_thruster.2,istop_no_sys_no_thruster.2,corrected,myed,myenerg,myenerg_err,L_bol,L_bol_err,count_true,falsepos_corrected,ED_true,energ_true
0,0.39852239835779396,0.1021594435951556,746.6608494198558,146.67865696282743,712,717,712,717,712,717,712,717,1.3846153846153846,700.7488938827536,4.5439983605326716e+32,2.8663684364929872e+32,1.42669527973314e+29,4.76337656086982e+28,1.3846153846153846,0.0,963.5903174456354,6.2483906302543876e+32
1,0.06619041447405746,0.04086323839146644,104.19975505939634,23.95493190412109,1621,1623,1621,1623,1621,1623,1621,1623,3.0,92.87028954384374,6.02216353266236e+31,4.000229960600886e+31,1.42669527973314e+29,4.76337656086982e+28,3.0,0.0,223.59178225572234,1.4498784098952475e+32
2,0.17278739237567006,0.06129496311041294,236.79985358328216,50.034587098727954,2978,2981,2978,2981,2978,2981,2978,2981,1.3333333333333333,181.8735299167401,1.1793568694583372e+32,7.614539090388555e+31,1.42669527973314e+29,4.76337656086982e+28,1.3333333333333333,0.0,329.7781021561779,2.1384424129936235e+32
