,ampl,dur,ed,ederr,istart,istop,istart_no_sys_no_thruster,istop_no_sys_no_thruster,istart_no_sys_no_thruster.1,istop_no_sys_no_thruster.1,istart_no_sys_no_thruster.2,istop_no_sys_no_thruster.2,corrected,myed,myenerg,myenerg_err,L_bol,L_bol_err,count_true,falsepos_corrected,ED_true,energ_true
0,0.02176817986218456,0.04086389392614365,58.43332390847833,12.670011942130554,584,586,584,586,584,586,584,586,,74.61049374209927,2.2063242482363683e+31,1.4087564403674353e+31,2.53706284034917e+28,2.19067615356642e+28,,0.0,162.9464878932702,4.818528458564794e+31
1,0.04834380439722052,0.04086301149072824,133.01178424611874,29.67636776074346,2274,2276,2274,2276,2274,2276,2274,2276,6.333333333333334,146.53389968316048,4.3331879986899e+31,2.7939990015244696e+31,2.53706284034917e+28,2.19067615356642e+28,6.333333333333334,0.0,336.44523171086587,9.949100129173076e+31
2,-0.458184618455781,0.06129488889564527,-2983.1678006307884,7747.996606227252,3081,3084,3081,3084,3081,3084,3081,3084,,53.25635357473953,1.574856007128889e+31,4.754360759763579e+31,2.53706284034917e+28,2.19067615356642e+28,,1.0,162.9464878932702,4.818528458564794e+31
