,ampl,dur,ed,ederr,istart,istop,istart_no_sys_no_thruster,istop_no_sys_no_thruster,istart_no_sys_no_thruster.1,istop_no_sys_no_thruster.1,istart_no_sys_no_thruster.2,istop_no_sys_no_thruster.2,corrected,myed,myenerg,myenerg_err,L_bol,L_bol_err,count_true,falsepos_corrected,ED_true,energ_true
0,0.04928991821814381,0.04086403920518933,112.63360945800457,26.64101032643153,397,399,397.0,399.0,397.0,399.0,397.0,399.0,2.3846153846153846,123.90729541329445,1.9410791364286833e+32,1.090613634294679e+32,8.40100463596628e+29,3.38520490716622e+29,2.3846153846153846,0.09523809523809523,101.68953652413224,1.5930251490173132e+32
1,0.001828401582513364,0.04086345736141084,5.535455803141587,25.55661921889599,1376,1378,1376.0,1378.0,1376.0,1378.0,1376.0,1378.0,,4.847911997568264,7.594533318102275e+30,3.7533904189388225e+31,8.40100463596628e+29,3.38520490716622e+29,,1.0,18.810804964577645,2.9468209223984988e+31
2,0.04405521717013378,0.1430216212029336,173.30812966833759,33.64916139431114,1506,1513,1506.0,1513.0,1506.0,1513.0,1506.0,1513.0,1.565217391304348,154.66831660256713,2.422968247530461e+32,1.2587062659224127e+32,8.40100463596628e+29,3.38520490716622e+29,1.565217391304348,0.0,229.60096663514994,3.596831361323781e+32
