,ampl,dur,ed,ederr,istart,istop,istart_no_sys_no_thruster,istop_no_sys_no_thruster,istart_no_sys_no_thruster.1,istop_no_sys_no_thruster.1,istart_no_sys_no_thruster.2,istop_no_sys_no_thruster.2,corrected,myed,myenerg,myenerg_err,L_bol,L_bol_err,count_true,falsepos_corrected,ED_true,energ_true
0,0.12234567847577113,0.08172783359623281,670.2097886430618,128.00413759854592,638,642,642,642,642,642,642,642,,,,,,,,0.8571428571428571,105.74474760096172,2.1109071206760054e+31
1,0.2514218638843051,0.08172684161399958,525.9739540932521,109.25359674500922,1224,1227,1224,1227,1224,1227,1224,1227,1.7,569.6196671506985,1.1370911924655917e+32,6.444843054204212e+31,1.30116155957454e+28,1.12351320399495e+28,1.7,0.0,1241.0454251563299,2.477410636914747e+32
2,-2.6088542564627797e-12,0.04086312209255994,-27.081153826629862,5.846686909069492,2030,2032,2032,2032,2032,2032,2032,2032,,,,,,,,0.8571428571428571,105.74474760096172,2.1109071206760054e+31
3,1.123752899692275,0.4290627124792081,9458.334667548432,1600.0700282010098,2177,2197,2177,2182,2177,2182,2177,2182,4.333333333333333,3009.169465847447,6.006990793290633e+32,3.457310969501137e+32,1.30116155957454e+28,1.12351320399495e+28,4.333333333333333,0.0,4314.967377891403,8.61366221029478e+32
