,ampl,dur,ed,ederr,istart,istop,istart_no_sys_no_thruster,istop_no_sys_no_thruster,istart_no_sys_no_thruster.1,istop_no_sys_no_thruster.1,istart_no_sys_no_thruster.2,istop_no_sys_no_thruster.2,corrected,myed,myenerg,myenerg_err,L_bol,L_bol_err,count_true,falsepos_corrected,ED_true,energ_true
0,0.015641371075629764,0.22475020555430086,211.58667462271103,24.47575546066772,1094,1104,1094,1104,1094,1104,1094,1104,2.125,302.65604814198167,1.9625697572525405e+32,1.07948046032224e+32,1.42669527973314e+29,4.76337656086982e+28,2.125,0.0,599.5316389707593,3.8876562037448035e+32
1,0.014289729488762754,0.0817264803845319,59.83990326011834,9.634206419535417,1692,1696,1692,1696,1692,1696,1692,1696,5.0,138.5137481751253,8.981908499798706e+31,5.347439218190803e+31,1.42669527973314e+29,4.76337656086982e+28,5.0,0.0,389.02449267918576,2.5226249693332273e+32
