,ampl,dur,ed,ederr,istart,istop,istart_no_sys_no_thruster,istop_no_sys_no_thruster,istart_no_sys_no_thruster.1,istop_no_sys_no_thruster.1,istart_no_sys_no_thruster.2,istop_no_sys_no_thruster.2,corrected,myed,myenerg,myenerg_err,L_bol,L_bol_err,count_true,falsepos_corrected,ED_true,energ_true
0,0.0015331078706918256,0.04086370707227616,4.688485144546863,9.148815158023428,1014,1016,1023.0,1026.0,1023.0,1026.0,1023.0,1026.0,,20.037094747993432,6.66801891457091e+31,1.227668960423141e+32,3.75259092847031e+30,6.912527945600349e+29,,0.0,86.55771208983012,2.8804997364938326e+32
1,-0.004346899492419902,0.061295549436181325,-74.70773784625614,114.90056775992052,1023,1026,2397.0,2399.0,2397.0,2399.0,2397.0,2399.0,,26.63809080203918,8.864722932641835e+31,4.808014585467316e+31,3.75259092847031e+30,6.912527945600349e+29,,0.0,86.55771208983012,2.8804997364938326e+32
2,0.0027990229570748373,0.04086300969356671,7.158996468170091,1.7127690576237569,2397,2399,2414.0,2416.0,2414.0,2416.0,2414.0,2416.0,,58.98074035113052,1.9627830142197568e+32,9.919180876191248e+31,3.75259092847031e+30,6.912527945600349e+29,,0.6,43.65848068503914,1.4528831582154535e+32
3,0.020004552270550063,0.04086320893839002,44.979810634279815,9.09644677393906,2414,2416,3271.0,3273.0,3271.0,3273.0,3271.0,3273.0,2.3333333333333335,182.13968872868963,6.0613123050615154e+32,3.1934695267400544e+32,3.75259092847031e+30,6.912527945600349e+29,2.3333333333333335,0.0,357.1430175651254,1.1885138171389194e+33
