,ampl,dur,ed,ederr,istart,istop,istart_no_sys_no_thruster,istop_no_sys_no_thruster,istart_no_sys_no_thruster.1,istop_no_sys_no_thruster.1,istart_no_sys_no_thruster.2,istop_no_sys_no_thruster.2,corrected,myed,myenerg,myenerg_err,L_bol,L_bol_err,count_true,falsepos_corrected,ED_true,energ_true
0,0.06159999750761399,0.04086418961378513,115.57980128335407,25.18883674289585,285,287,285.0,287.0,285.0,287.0,285.0,287.0,2.6666666666666665,110.80605965445098,9.875208397334524e+31,5.365251448962649e+31,2.4228762028039504e+29,8.08937400878224e+28,2.6666666666666665,0.0,380.03422165156576,3.386924098403567e+32
1,0.03512126385315343,0.040863008121959865,77.91064702443137,17.316667539658766,2462,2464,3064.0,3066.0,3064.0,3066.0,3064.0,3066.0,4.0,78.98045263943962,7.038860794820674e+31,3.8257630196053457e+31,2.4228762028039504e+29,8.08937400878224e+28,4.0,0.0,207.79348236348034,1.8518878374940906e+32
