,ampl,dur,ed,ederr,istart,istop,istart_no_sys_no_thruster,istop_no_sys_no_thruster,istart_no_sys_no_thruster.1,istop_no_sys_no_thruster.1,istart_no_sys_no_thruster.2,istop_no_sys_no_thruster.2,corrected,myed,myenerg,myenerg_err,L_bol,L_bol_err,count_true,falsepos_corrected,ED_true,energ_true
0,0.18852534629647608,0.040864083443011616,441.34928812894515,97.50889220726108,395,397,395,397,395,397,395,397,3.5,445.0767835255425,8.8847509962102e+31,5.153157128528491e+31,1.30116155957454e+28,1.12351320399495e+28,3.5,0.0,996.1030973640467,1.9884497044599e+32
1,0.2907566478155474,0.040863629656087135,561.1571249110725,124.16652418285594,1141,1143,1143,1143,1143,1143,1143,1143,1.75,,,,,,1.75,0.9,2687.4727978278247,5.364810635290814e+32
2,0.14874681831960665,0.040863259811885655,274.10855192482154,60.0269257235159,1632,1634,1632,1632,1632,1632,1632,1632,1.75,,,,,,1.75,0.9,2687.4727978278247,5.364810635290814e+32
3,0.08099968506258322,0.04086311784340069,173.00099305330986,40.8951338710032,2551,2553,2551,2553,2551,2553,2551,2553,8.0,165.9981166337025,3.3137022345845747e+31,1.97315480846526e+31,1.30116155957454e+28,1.12351320399495e+28,8.0,0.0,511.4310801007002,1.0209334583628721e+32
4,0.26206333598169795,0.16345311844634125,679.0467116555416,126.15074647653752,3126,3133,3126,3133,3126,3133,3126,3133,1.8461538461538463,776.3368742719138,1.549746037626394e+32,8.443679786223306e+31,1.30116155957454e+28,1.12351320399495e+28,1.8461538461538463,0.0,1313.984939523002,2.6230145971570783e+32
