,ampl,dur,ed,ederr,istart,istop,istart_no_sys_no_thruster,istop_no_sys_no_thruster,istart_no_sys_no_thruster.1,istop_no_sys_no_thruster.1,corrected,myed,myenerg,myenerg_err,L_bol,L_bol_err,count_true,falsepos_corrected,ED_true,energ_true
0,0.024132226830014692,0.12258951384137615,129.8032282654693,23.226731663311554,2638,2644,2638,2644,2638,2644,7.5,359.7346088683727,1.0637795713021436e+32,6.38924969085022e+31,2.53706284034917e+28,2.19067615356642e+28,7.5,0.25,258.10776708893195,7.632564758985505e+31
1,0.16423255298743644,0.1430215950094862,713.7449486138976,130.42184851478166,3103,3109,3103,3109,3103,3109,1.6666666666666667,781.7486937900889,2.311727228475584e+32,1.3972281330545769e+32,2.53706284034917e+28,2.19067615356642e+28,1.6666666666666667,0.0,1247.530358160043,3.689101011894819e+32
