,ampl,dur,ed,ederr,istart,istop,istart_no_sys_no_thruster,istop_no_sys_no_thruster,istart_no_sys_no_thruster.1,istop_no_sys_no_thruster.1,istart_no_sys_no_thruster.2,istop_no_sys_no_thruster.2,corrected,myed,myenerg,myenerg_err,L_bol,L_bol_err,count_true,falsepos_corrected,ED_true,energ_true
0,0.14414535604420922,0.08172868446854409,421.1840753469666,85.69714015367344,239,243,241.0,243.0,241.0,243.0,241.0,243.0,5.666666666666666,234.1429309952597,1.5182972158223476e+32,1.0015155538916298e+32,1.42669527973314e+29,4.76337656086982e+28,5.666666666666666,0.0,460.17458086447937,2.983996919953564e+32
1,0.0036008401411304213,0.04086432314215928,10.47554918320106,41.88359250486688,252,254,252.0,254.0,252.0,254.0,252.0,254.0,,17.967612147126065,1.1651077989840996e+31,5.164434708286583e+31,1.42669527973314e+29,4.76337656086982e+28,,1.0,86.55661629372237,5.612754097300616e+31
