,ampl,dur,ed,ederr,istart,istop,istart_no_sys_no_thruster,istop_no_sys_no_thruster,istart_no_sys_no_thruster.1,istop_no_sys_no_thruster.1,istart_no_sys_no_thruster.2,istop_no_sys_no_thruster.2,corrected,myed,myenerg,myenerg_err,L_bol,L_bol_err,count_true,falsepos_corrected,ED_true,energ_true
0,0.014133493872187347,0.08172851416020421,60.89009803269929,12.14600704391616,263,267,263.0,267.0,263.0,267.0,263.0,267.0,18.0,156.91579344924236,4.6401933917636595e+31,2.882274993278064e+31,2.53706284034917e+28,2.19067615356642e+28,18.0,0.0,306.3977996456336,9.060560533229483e+31
1,0.016749925734787226,0.04086330753489165,51.443513007000035,11.252914659103732,1503,1505,1921.0,1924.0,1921.0,1924.0,1921.0,1924.0,3.166666666666667,427.36350590230603,1.2637665542635695e+32,7.920784662410765e+31,2.53706284034917e+28,2.19067615356642e+28,3.166666666666667,0.125,869.8361716887345,2.5722127563231295e+32
2,0.1122188106489854,0.06129473778855754,386.0279340739164,79.16672522110393,1921,1924,2420.0,2423.0,2420.0,2423.0,2420.0,2423.0,1.3333333333333333,597.0387088367327,1.765517039728349e+32,1.1109384879031505e+32,2.53706284034917e+28,2.19067615356642e+28,1.3333333333333333,0.25,783.7985531833682,2.31778891532154e+32
3,0.3780253233399632,0.061294660139537875,558.1698218842058,115.8552717104418,2420,2423,2784.0,2790.0,2784.0,2790.0,2784.0,2790.0,16.0,206.16022183156613,6.096411826747081e+31,1.1824085813901274e+32,2.53706284034917e+28,2.19067615356642e+28,16.0,0.0,464.11972975785056,1.3724592379581864e+32
4,0.35577393361172266,0.2043158091182704,998.7018022586798,183.50119830727368,2781,2790,2928.0,2933.0,2928.0,2933.0,2928.0,2933.0,10.5,240.32163838424333,7.106607013965718e+31,9.410933015628254e+31,2.53706284034917e+28,2.19067615356642e+28,10.5,0.0,537.6159492737847,1.5897966165744214e+32
5,0.2051695744932688,0.2451792267675046,1440.9782050213214,251.6910923172255,2922,2933,3280.0,3284.0,3280.0,3284.0,3280.0,3284.0,,120.09893784098767,3.5514735991686514e+31,5.329649904316772e+31,2.53706284034917e+28,2.19067615356642e+28,,0.0,312.44333392883124,9.23933443236315e+31
