,ampl,dur,ed,ederr,istart,istop,istart_no_sys_no_thruster,istop_no_sys_no_thruster,istart_no_sys_no_thruster.1,istop_no_sys_no_thruster.1,istart_no_sys_no_thruster.2,istop_no_sys_no_thruster.2,corrected,myed,myenerg,myenerg_err,L_bol,L_bol_err,count_true,falsepos_corrected,ED_true,energ_true
0,0.7949575872515882,0.3269076421420323,3867.6844215318897,653.0090424681177,1244,1259,1246,1259,1246,1259,1246,1259,8.5,2476.726754387778,4.9441133109843314e+32,3.659842645083809e+32,1.30116155957454e+28,1.12351320399495e+28,8.5,0.125,467.09543910711307,9.324293743337878e+31
1,0.18690924108105847,0.04086327004915802,365.04967905197935,81.48864097532342,1894,1896,1894,1896,1894,1896,1894,1896,20.0,330.3442835911987,6.594427773743469e+31,3.8398873571249503e+31,1.30116155957454e+28,1.12351320399495e+28,20.0,0.4,299.50672422987907,5.978839528304349e+31
