,ampl,dur,ed,ederr,istart,istop,istart_no_sys_no_thruster,istop_no_sys_no_thruster,istart_no_sys_no_thruster.1,istop_no_sys_no_thruster.1,istart_no_sys_no_thruster.2,istop_no_sys_no_thruster.2,corrected,myed,myenerg,myenerg_err,L_bol,L_bol_err,count_true,falsepos_corrected,ED_true,energ_true
0,0.13088406969265576,0.04086315317545086,343.41217838152517,74.59935277428417,1954,1956,1954,1956,1954,1956,1954,1956,10.0,372.4898345047036,7.435749404807833e+31,4.2851952065792775e+31,1.30116155957454e+28,1.12351320399495e+28,10.0,0.0,974.7575541936229,1.9458391161371807e+32
1,0.029192900121391217,0.06129495804634644,128.9456975033733,26.811262778658534,3188,3191,3188,3191,3188,3191,3188,3191,,161.1004057929045,3.2159327195646292e+31,1.8234124209034943e+31,1.30116155957454e+28,1.12351320399495e+28,,0.0,478.4245503162108,9.550448725639781e+31
