,ampl,dur,ed,ederr,istart,istop,istart_no_sys_no_thruster,istop_no_sys_no_thruster,istart_no_sys_no_thruster.1,istop_no_sys_no_thruster.1,istart_no_sys_no_thruster.2,istop_no_sys_no_thruster.2,corrected,myed,myenerg,myenerg_err,L_bol,L_bol_err,count_true,falsepos_corrected,ED_true,energ_true
0,0.4190721434369937,0.040864049806259566,458.3350682201658,102.3400830668992,632,634,632,634,632,634,632,634,10.333333333333334,453.261575598023,1.3403503379732523e+32,8.644809567628966e+31,2.53706284034917e+28,2.19067615356642e+28,10.333333333333334,0.0,2312.2638143377617,6.837649057151755e+32
1,0.11345037258966932,0.04086374817416072,229.03934789596263,86.2503485186797,844,846,844,846,844,846,844,846,,223.1890274739277,6.599974595506068e+31,5.2684573166034075e+31,2.53706284034917e+28,2.19067615356642e+28,,0.0,747.78199347115,2.2112835096532724e+32
2,0.14925096180542072,0.04086367540730862,334.3175850692645,72.81521996498614,1050,1052,1050,1052,1050,1052,1050,1052,33.0,366.1043072910222,1.082615554525124e+32,6.923135409416379e+31,2.53706284034917e+28,2.19067615356642e+28,33.0,0.0,1389.5101237986294,4.108952676152838e+32
3,0.2555308741656045,0.04086341789661674,322.54453528758734,72.02744001077264,1421,1423,1421,1423,1421,1423,1421,1423,33.0,362.9468110801042,1.0732784491067585e+32,6.9225372846795965e+31,2.53706284034917e+28,2.19067615356642e+28,33.0,0.0,1389.5101237986294,4.108952676152838e+32
4,0.06174486019701859,0.06129467108257813,235.93987273194324,63.48740267478009,2361,2363,2361,2363,2361,2363,2361,2363,,243.4600319353964,7.199413178958439e+31,4.973086688357408e+31,2.53706284034917e+28,2.19067615356642e+28,,0.0,790.8582081669518,2.338665185123886e+32
