,ampl,dur,ed,ederr,istart,istop
0,0.0001199104319525372,0.0408632371108979,-0.2089824180645265,0.36333582551739263,3231,3233
