,ampl,dur,ed,ederr,istart,istop,istart_no_sys_no_thruster,istop_no_sys_no_thruster,istart_no_sys_no_thruster.1,istop_no_sys_no_thruster.1,istart_no_sys_no_thruster.2,istop_no_sys_no_thruster.2,corrected,myed,myenerg,myenerg_err,L_bol,L_bol_err,count_true,falsepos_corrected,ED_true,energ_true
0,-0.0032721501986134487,0.061295972955122124,-35.527671301370475,66.36476459621561,529,532,529,532,529,532,529,532,5.666666666666666,58.86555747103327,1.175091219632706e+31,2.6169757558532185e+31,1.30116155957454e+28,1.12351320399495e+28,5.666666666666666,1.0,386.64311500854734,7.718281268321563e+31
1,0.0010987446836155544,0.04086397436185507,2.9224538988980258,10.289022417394671,538,540,538,540,538,540,538,540,5.666666666666666,29.226542885580685,5.834286703555744e+30,2.2635548643868837e+31,1.30116155957454e+28,1.12351320399495e+28,5.666666666666666,1.0,386.64311500854734,7.718281268321563e+31
2,0.0006940812112871841,0.06129465437697945,-8.011533565551979,9.85130338888404,2341,2344,2343,2344,2343,2344,2343,2344,5.666666666666666,17.631147748410367,3.5195805155500394e+30,9.037882541406812e+30,1.30116155957454e+28,1.12351320399495e+28,5.666666666666666,1.0,386.64311500854734,7.718281268321563e+31
