,ampl,dur,ed,ederr,istart,istop,istart_no_sys_no_thruster,istop_no_sys_no_thruster,istart_no_sys_no_thruster.1,istop_no_sys_no_thruster.1,istart_no_sys_no_thruster.2,istop_no_sys_no_thruster.2,corrected,myed,myenerg,myenerg_err,L_bol,L_bol_err,count_true,falsepos_corrected,ED_true,energ_true
0,0.2205544673802473,0.06129563278955175,374.43365243132286,77.1857214992082,834,837,834,837,834,837,834,837,11.0,389.08070724370947,7.766941186882487e+31,4.389925476958166e+31,1.30116155957454e+28,1.12351320399495e+28,11.0,0.0,1722.693852048413,3.438891104791572e+32
1,0.012304285616573577,0.040863746653485584,27.991105723574357,74.74897079944532,845,847,845,847,845,847,845,847,37.0,36.63612714151627,7.313409262543346e+30,2.215612650389387e+31,1.30116155957454e+28,1.12351320399495e+28,37.0,0.0,631.7353795309137,1.2610883673078403e+32
2,0.003557114496682565,0.04086338099295972,-0.7307949064606574,4.247528778786623,1560,1561,1560,1561,1560,1561,1560,1561,37.0,34.36889590041604,6.860818029443269e+30,5.0119264500665845e+31,1.30116155957454e+28,1.12351320399495e+28,37.0,0.0,631.7353795309137,1.2610883673078403e+32
