,ampl,dur,ed,ederr,istart,istop,istart_no_sys_no_thruster,istop_no_sys_no_thruster,istart_no_sys_no_thruster.1,istop_no_sys_no_thruster.1,corrected,myed,myenerg,myenerg_err,L_bol,L_bol_err,count_true,falsepos_corrected,ED_true,energ_true
0,0.03443978432504887,0.06129576899547829,140.49308339935237,31.153166706411238,732,734,732,734,732,734,1.875,196.81660127062042,1.7540601657198255e+32,9.596676907128679e+31,2.4228762028039504e+29,8.08937400878224e+28,1.875,0.0,425.55327649902824,3.792596995779568e+32
1,0.11477505853150735,0.20431751476280624,708.9201606629177,125.59888359563185,1195,1205,1195,1205,1195,1205,,723.7968557592797,6.450590166502008e+32,3.2416785404405235e+32,2.4228762028039504e+29,8.08937400878224e+28,,0.16666666666666666,136.25612093360886,1.2143357446586657e+32
2,0.003743655208428923,0.061294666709727615,3.2975508361796484,0.8433270867650137,2268,2271,2268,2271,2268,2271,6.333333333333334,89.90214337465422,8.0122188620403255e+31,4.656012660622604e+31,2.4228762028039504e+29,8.08937400878224e+28,6.333333333333334,0.0,178.3226481475748,1.5892391787177171e+32
3,0.02143985873936169,0.06129466467973544,-4.982030164838979,1.7705824421525311,2296,2298,2296,2298,2296,2298,22.0,153.78449033383555,1.3705512993246302e+32,9.33022406140316e+31,2.4228762028039504e+29,8.08937400878224e+28,22.0,0.16666666666666666,65.44208729278621,5.83230061594255e+31
4,0.023126993120077776,0.04086329188430682,67.8159833806748,18.262600092687595,3137,3139,3137,3139,3137,3139,,78.26053061191496,6.974700223875292e+31,4.1476236687694345e+31,2.4228762028039504e+29,8.08937400878224e+28,,0.3333333333333333,36.25639213592257,3.2312260646598475e+31
