,ampl,dur,ed,ederr,istart,istop,istart_no_sys_no_thruster,istop_no_sys_no_thruster,istart_no_sys_no_thruster.1,istop_no_sys_no_thruster.1,istart_no_sys_no_thruster.2,istop_no_sys_no_thruster.2,corrected,myed,myenerg,myenerg_err,L_bol,L_bol_err,count_true,falsepos_corrected,ED_true,energ_true
0,0.1836018932853326,0.04086374479084043,336.12503745218606,85.17414524355958,808,810,808.0,810.0,808.0,810.0,808.0,810.0,2.5999999999999996,217.81239858019418,4.3480338604569195e+31,2.6630261399028613e+31,1.30116155957454e+28,1.12351320399495e+28,2.5999999999999996,0.0,589.601615433175,1.176979733382659e+32
1,0.35138998599016324,0.0408632752878475,505.6429677484687,113.69774513622484,1336,1338,1336.0,1338.0,1336.0,1338.0,1336.0,1338.0,1.7999999999999998,453.1799772158057,9.046509283492148e+31,5.282476809105236e+31,1.30116155957454e+28,1.12351320399495e+28,1.7999999999999998,0.0,1300.8451428795897,2.5967845564902062e+32
2,0.3997016187756701,0.04086319450289011,465.9374987149777,104.42591467602895,1497,1499,2423.0,2426.0,2423.0,2426.0,2423.0,2426.0,2.142857142857143,1481.2986538012763,2.9570110545409795e+32,1.7047754327874185e+32,1.30116155957454e+28,1.12351320399495e+28,2.142857142857143,0.0,2176.7604988863563,4.345312028588807e+32
