,ampl,dur,ed,ederr,istart,istop,istart_no_sys_no_thruster,istop_no_sys_no_thruster,istart_no_sys_no_thruster.1,istop_no_sys_no_thruster.1,corrected,myed,myenerg,myenerg_err,L_bol,L_bol_err,count_true,falsepos_corrected,ED_true,energ_true
0,0.0037559507268397577,0.06129549309116555,16.472760626242334,22.875244408480505,923,926,923,926,923,926,13.0,16.586038902821453,5.519563714839337e+31,9.337998227433568e+31,3.75259092847031e+30,6.912527945600349e+29,13.0,1.0,76.85544655298263,2.557624135377222e+32
1,-0.0017177199862711686,0.04086334187741159,-8.095727256978723,13.041087574394878,2983,2985,2983,2985,2983,2985,13.0,13.13757640496567,4.371971538873131e+31,8.36790820562701e+31,3.75259092847031e+30,6.912527945600349e+29,13.0,1.0,76.85544655298263,2.557624135377222e+32
2,0.004243648124665428,0.04086333011946408,13.11471922558879,3.5002441266015487,3182,3184,3182,3184,3182,3184,13.0,17.163370183913578,5.711690165839988e+31,3.2557971574958097e+31,3.75259092847031e+30,6.912527945600349e+29,13.0,1.0,76.85544655298263,2.557624135377222e+32
