,ampl,dur,ed,ederr,istart,istop,istart_no_sys_no_thruster,istop_no_sys_no_thruster,istart_no_sys_no_thruster.1,istop_no_sys_no_thruster.1,istart_no_sys_no_thruster.2,istop_no_sys_no_thruster.2,corrected,myed,myenerg,myenerg_err,L_bol,L_bol_err,count_true,falsepos_corrected,ED_true,energ_true
0,1.6327008231380484,0.2451868334028404,4709.591258079278,868.3331301189371,101,113,101,105,101,105,101,105,9.0,4484.563218651386,8.952214314318172e+32,4.987771333075395e+32,1.30116155957454e+28,1.12351320399495e+28,9.0,0.13333333333333333,280.2643111459053,5.594716933854279e+31
1,0.04213835833808127,0.08172772090620127,182.5419120414935,340.4720548681811,752,756,109,113,109,113,109,113,,75.05544856242975,1.4982784905197853e+31,2.292315422651564e+32,1.30116155957454e+28,1.12351320399495e+28,,0.0,183.50303644177802,3.6631404876235653e+31
2,0.041881158987138435,0.04086306388489902,100.49558029552162,22.13213058105791,1884,1886,752,753,752,753,752,753,,49.93288097636911,9.967745576039031e+30,2.916204637475493e+31,1.30116155957454e+28,1.12351320399495e+28,,1.0,183.50303644177802,3.6631404876235653e+31
3,-0.01243820817595748,0.04086315293534426,-96.39891352964467,156.38665546250058,2739,2741,2739,2741,2739,2741,2739,2741,,26.55590133410955,5.301165541921579e+30,1.05034805521641e+31,1.30116155957454e+28,1.12351320399495e+28,,1.0,183.50303644177802,3.6631404876235653e+31
4,0.0207941427688646,0.14302104894886725,188.22856426660184,29.739795746732153,2753,2759,2753,2756,2753,2756,2753,2756,9.0,168.96336436860088,3.372895364268762e+31,1.8977797458353774e+31,1.30116155957454e+28,1.12351320399495e+28,9.0,0.0,306.5663221327784,6.11976525577948e+31
5,0.06676236412895402,0.040863367030397064,120.86342059786408,25.254629096983265,3077,3079,3077,3079,3077,3079,3077,3079,10.0,209.72594858578663,4.186609815656135e+31,2.3780712470931865e+31,1.30116155957454e+28,1.12351320399495e+28,10.0,0.0,378.6195051429043,7.558111656277795e+31
6,-0.006716628255926503,0.1021581779787084,-73.95111962012393,73.04046932990411,3085,3090,3085,3090,3085,3090,3085,3090,,74.53251236947897,1.4878394875583846e+31,2.003751317100393e+31,1.30116155957454e+28,1.12351320399495e+28,,0.0,183.50303644177802,3.6631404876235653e+31
