,ampl,dur,ed,ederr,istart,istop
0,0.005333889659697898,0.32690539473696845,18.189812474067327,1.3980519234552784,2808,2822
