,ampl,dur,ed,ederr,istart,istop,istart_no_sys_no_thruster,istop_no_sys_no_thruster,istart_no_sys_no_thruster.1,istop_no_sys_no_thruster.1,istart_no_sys_no_thruster.2,istop_no_sys_no_thruster.2,corrected,myed,myenerg,myenerg_err,L_bol,L_bol_err,count_true,falsepos_corrected,ED_true,energ_true
0,0.16822497981791715,0.0408630294186878,314.5672059815215,69.73914319594397,2096,2098,2096,2098,2096,2098,2096,2098,,318.7024860951697,6.362030857685086e+31,3.694846575748714e+31,1.30116155957454e+28,1.12351320399495e+28,,0.0,331.42625235207004,6.6160263459041495e+31
1,0.7898522409463041,0.10215821080782916,1219.4861212241576,240.0753160430741,3142,3147,3142,3147,3142,3147,3142,3147,2.428571428571429,1169.597096892972,2.3347834253385695e+32,1.2979820594438042e+32,1.30116155957454e+28,1.12351320399495e+28,2.428571428571429,0.0,1707.1980120242767,3.407957862441569e+32
