,ampl,dur,ed,ederr,istart,istop,istart_no_sys_no_thruster,istop_no_sys_no_thruster,istart_no_sys_no_thruster.1,istop_no_sys_no_thruster.1,istart_no_sys_no_thruster.2,istop_no_sys_no_thruster.2,corrected,myed,myenerg,myenerg_err,L_bol,L_bol_err,count_true,falsepos_corrected,ED_true,energ_true
0,0.061094122106282886,0.26561592126381584,371.645609658987,65.41707944406474,668,681,673,675,673,675,673,675,,23.533644967166413,1.4169252785945613e+32,2.4357971672305883e+32,1.39421973031719e+31,4.97597982944915e+30,,0.0,41.91554336568748,2.52367166428024e+32
1,0.04130199203841118,0.388207200463512,358.2156486951412,60.43412198773567,778,796,679,681,679,681,679,681,,5.349034970207133,3.2205733008835183e+31,2.2012062613058764e+32,1.39421973031719e+31,4.97597982944915e+30,,1.0,41.91554336568748,2.52367166428024e+32
2,0.03887689707621975,0.24518159913714044,205.93153036872604,35.73443777198766,1136,1147,778,778,778,778,778,778,,,,,,,,1.0,17.975244988947313,1.082262397061918e+32
3,0.005223686499362337,0.04086312433355488,13.991783702959044,3.3749738980519988,2657,2659,783,784,783,783,783,783,,20.789805967152006,1.2517228696630837e+32,1.4510774050418987e+32,1.39421973031719e+31,4.97597982944915e+30,,0.0,41.91554336568748,2.52367166428024e+32
