,ampl,dur,ed,ederr,istart,istop,istart_no_sys_no_thruster,istop_no_sys_no_thruster,istart_no_sys_no_thruster.1,istop_no_sys_no_thruster.1,istart_no_sys_no_thruster.2,istop_no_sys_no_thruster.2,corrected,myed,myenerg,myenerg_err,L_bol,L_bol_err,count_true,falsepos_corrected,ED_true,energ_true
0,0.30463346248554296,0.04086345573887229,483.4113824730529,106.53229819934744,1016,1018,1017,1018,1017,1018,1017,1018,11.0,119.87405216634174,7.773219498016118e+31,9.094172552519825e+31,1.42669527973314e+29,4.76337656086982e+28,11.0,0.0,372.71070636515856,2.4168384045421267e+32
1,0.00841269202205978,0.04086316125903977,17.021336799058833,56.55732602376092,3004,3006,3004,3006,3004,3006,3004,3006,,33.16376295569748,2.1505004976147325e+31,8.079619896950927e+31,1.42669527973314e+29,4.76337656086982e+28,,0.5,40.272270341621656,2.6114508635653393e+31
2,0.1307339260360373,0.3882011397072347,2471.85517129281,343.29941796299926,3010,3027,3010,3014,3010,3014,3010,3014,2.6666666666666665,567.0217341205105,3.676846089551001e+32,2.5171102268843627e+32,1.42669527973314e+29,4.76337656086982e+28,2.6666666666666665,0.0,1003.6863322665738,6.508392789659468e+32
