,ampl,dur,ed,ederr,istart,istop,istart_no_sys_no_thruster,istop_no_sys_no_thruster,istart_no_sys_no_thruster.1,istop_no_sys_no_thruster.1,corrected,myed,myenerg,myenerg_err,L_bol,L_bol_err,count_true,falsepos_corrected,ED_true,energ_true
0,0.003613313577605063,0.0408636525971815,9.890571476507976,2.3046826594666934,1041,1043,1041,1043,1041,1043,,11.594233076469525,3.8583720058310626e+31,2.068655517120964e+31,3.75259092847031e+30,6.912527945600349e+29,,1.0,42.258453794316566,1.4062925426314207e+32
1,-0.06880316602575179,0.0817265700243297,-532.3733451580739,610.1033912596928,1768,1772,1768,1772,1768,1772,,13.91549130785721,4.630848953570531e+31,6.710728725081805e+31,3.75259092847031e+30,6.912527945600349e+29,,1.0,42.258453794316566,1.4062925426314207e+32
