,ampl,dur,ed,ederr,istart,istop,istart_no_sys_no_thruster,istop_no_sys_no_thruster,istart_no_sys_no_thruster.1,istop_no_sys_no_thruster.1,corrected,myed,myenerg,myenerg_err,L_bol,L_bol_err,count_true,falsepos_corrected,ED_true,energ_true
0,0.0372386409148883,0.06129655596305384,143.09124840614112,28.055422006258212,237,240,878.0,880.0,878.0,880.0,1.6666666666666667,286.8983060925327,1.8603888552725894e+32,1.2102353504688275e+32,1.42669527973314e+29,4.76337656086982e+28,1.6666666666666667,0.0,628.5949455315667,4.076116889900469e+32
1,0.10797680902497092,0.04086374106555013,289.90917987729097,62.670011254122045,878,880,1961.0,1963.0,1961.0,1963.0,6.666666666666667,82.44788933253528,5.346324157296539e+31,3.654710865952932e+31,1.42669527973314e+29,4.76337656086982e+28,6.666666666666667,0.0,242.37793052728463,1.5716969781325961e+32
2,0.030446065685211545,0.040863159687432926,82.14859322192892,20.474405252737828,1961,1963,2080.0,2082.0,2080.0,2082.0,6.666666666666667,55.01378342045447,3.5673626294880833e+31,2.426276072793691e+31,1.42669527973314e+29,4.76337656086982e+28,6.666666666666667,0.0,242.37793052728463,1.5716969781325961e+32
3,0.012409413595183076,0.04086313606239855,36.96608216407913,9.085324995155275,2080,2082,2529.0,2539.0,2529.0,2539.0,1.5555555555555554,3090.1458602299663,2.003801624985679e+33,1.2449047773064307e+33,1.42669527973314e+29,4.76337656086982e+28,1.5555555555555554,0.14285714285714285,4153.6686894589875,2.693441813445872e+33
