,ampl,dur,ed,ederr,istart,istop,istart_no_sys_no_thruster,istop_no_sys_no_thruster,istart_no_sys_no_thruster.1,istop_no_sys_no_thruster.1,istart_no_sys_no_thruster.2,istop_no_sys_no_thruster.2,corrected,myed,myenerg,myenerg_err,L_bol,L_bol_err,count_true,falsepos_corrected,ED_true,energ_true
0,0.011526209159258002,0.04086408135481179,23.00691809769976,5.311430245699573,482,484,482,484,482,484,482,484,7.75,27.792357951304673,2.476898172160806e+31,1.3777321419517947e+31,2.4228762028039504e+29,8.08937400878224e+28,7.75,0.0,102.11418723107917,9.100575206591026e+31
1,0.019061004918279768,0.04086357726919232,39.39025145351432,9.79340467457361,1100,1102,1100,1102,1100,1102,1100,1102,13.5,45.69905236748242,4.072770632733756e+31,2.3377525536136843e+31,2.4228762028039504e+29,8.08937400878224e+28,13.5,0.0,91.50020617131484,8.154640704295746e+31
2,0.008695198323701903,0.06129465932463062,24.08565658489049,5.967044991359449,2376,2379,2376,2379,2376,2379,2376,2379,13.5,54.36844179805921,4.845400104186638e+31,2.7769628586783177e+31,2.4228762028039504e+29,8.08937400878224e+28,13.5,0.18181818181818185,92.78448937605104,8.269098021228748e+31
