,ampl,dur,ed,ederr,istart,istop,istart_no_sys_no_thruster,istop_no_sys_no_thruster,istart_no_sys_no_thruster.1,istop_no_sys_no_thruster.1,istart_no_sys_no_thruster.2,istop_no_sys_no_thruster.2,corrected,myed,myenerg,myenerg_err,L_bol,L_bol_err,count_true,falsepos_corrected,ED_true,energ_true
0,1.61577822237346,0.18388598113233454,5064.888456684828,954.8105550109964,1169,1177,1169,1177,1169,1177,1169,1177,2.5,4936.710419024249,9.854803583775293e+32,5.396314795250966e+32,1.30116155957454e+28,1.12351320399495e+28,2.5,0.0,8041.683048407464,1.605303941256791e+33
1,0.354738392537649,0.12258967604429928,1421.760775853651,271.5832319709174,1751,1757,1751,1757,1751,1755,1751,1755,,1290.5557718503212,2.5762446175658424e+32,1.4171548082109124e+32,1.30116155957454e+28,1.12351320399495e+28,,0.16666666666666666,1096.9877022767487,2.189838459654084e+32
