,ampl,dur,ed,ederr,istart,istop,istart_no_sys_no_thruster,istop_no_sys_no_thruster,istart_no_sys_no_thruster.1,istop_no_sys_no_thruster.1,istart_no_sys_no_thruster.2,istop_no_sys_no_thruster.2,corrected,myed,myenerg,myenerg_err,L_bol,L_bol_err,count_true,falsepos_corrected,ED_true,energ_true
0,0.012331829104628714,0.0408634893829003,39.70275575605485,10.218049771293801,1216,1218,1216,1218,1216,1218,1216,1218,29.0,76.38401223073365,1.524799661275964e+31,9.399327194729219e+30,1.30116155957454e+28,1.12351320399495e+28,29.0,0.0,388.1945175476784,7.7492508128255095e+31
1,0.07011282970064979,0.16345315505895994,753.1939179357922,104.48387334492507,1634,1642,1639,1642,1639,1642,1639,1642,,213.37904794525107,4.259534037666007e+31,2.5213861484535885e+31,1.30116155957454e+28,1.12351320399495e+28,,0.3333333333333333,228.74033797377865,4.566180535384757e+31
2,0.6090172944726884,0.14302083470101934,1416.0759621547,272.2118496985463,2138,2145,2138,2145,2138,2145,2138,2145,2.5833333333333335,1401.5038681367148,2.7977224042074793e+32,1.5423738909725901e+32,1.30116155957454e+28,1.12351320399495e+28,2.5833333333333335,0.0,4549.877102826259,9.082595771848355e+32
3,0.17973663497539735,0.040863118359993685,301.6529228256598,200.41434718432427,2185,2187,2280,2282,2280,2282,2280,2282,29.0,31.942492926917748,6.376452476487861e+30,2.382846832761812e+31,1.30116155957454e+28,1.12351320399495e+28,29.0,0.0,388.1945175476784,7.7492508128255095e+31
4,-0.010459226952387895,0.04086310916318325,-74.34141332343866,251.11644507726947,2280,2282,2690,2692,2690,2692,2690,2692,29.0,28.885529831746783,5.766212695161695e+30,1.4112664090859857e+31,1.30116155957454e+28,1.12351320399495e+28,29.0,0.0,388.1945175476784,7.7492508128255095e+31
5,0.009495491376654385,0.040863134905521285,26.37732154367093,55.08663309475937,2690,2692,2702,2705,2702,2705,2702,2705,14.0,301.28577192498784,6.014353391005112e+31,3.3803453262979056e+31,1.30116155957454e+28,1.12351320399495e+28,14.0,0.0,767.233405935105,1.5315734318270651e+32
6,0.1170394120499466,0.0612948058769689,313.0027100004673,63.533221100761935,2702,2705,2801,2801,2801,2801,2801,2801,,,,,,,,1.0,257.993102937122,5.150132658412204e+31
7,1.4719460206178498,0.24517916198237802,3994.193259713006,737.3453296332532,2801,2812,2805,2812,2805,2812,2805,2812,9.333333333333334,355.4542915557418,7.095680987875716e+31,2.7294874156076625e+32,1.30116155957454e+28,1.12351320399495e+28,9.333333333333334,0.0,1068.3878827199944,2.1327466757858016e+32
