,ampl,dur,ed,ederr,istart,istop,istart_no_sys_no_thruster,istop_no_sys_no_thruster,istart_no_sys_no_thruster.1,istop_no_sys_no_thruster.1,istart_no_sys_no_thruster.2,istop_no_sys_no_thruster.2,corrected,myed,myenerg,myenerg_err,L_bol,L_bol_err,count_true,falsepos_corrected,ED_true,energ_true
0,0.12396428169458655,0.061294743842154276,371.24110697346663,75.98049052739695,1921,1924,1921,1924,1921,1924,1921,1924,1.3571428571428572,345.96487600399314,6.9062505403717905e+31,3.893279398710785e+31,1.30116155957454e+28,1.12351320399495e+28,1.3571428571428572,0.0,628.7143116920894,1.255057624639576e+32
