,ampl,dur,ed,ederr,istart,istop,istart_no_sys_no_thruster,istop_no_sys_no_thruster,istart_no_sys_no_thruster.1,istop_no_sys_no_thruster.1,istart_no_sys_no_thruster.2,istop_no_sys_no_thruster.2,corrected,myed,myenerg,myenerg_err,L_bol,L_bol_err,count_true,falsepos_corrected,ED_true,energ_true
0,0.5055497934247469,0.1430209869722603,1840.3087071117225,345.1887726288836,2155,2162,2155,2162,2155,2162,2155,2162,1.8571428571428572,1814.0958458959713,4.9782167263561413e+33,2.578096041722611e+33,2.65663092832871e+30,4.89369501852531e+29,1.8571428571428572,0.1,1916.2643332940306,5.25858607620178e+33
1,0.051767279670960224,0.16345264876872534,642.8130103186627,1665.862114610012,2166,2174,2171,2174,2171,2174,2171,2174,10.0,19.7162139905862,5.410496170331987e+31,1.7202808060743507e+32,2.65663092832871e+30,4.89369501852531e+29,10.0,1.0,106.97483911280257,2.9355887373612867e+32
2,-0.006124690130167842,0.040863051086489584,-24.78246805354064,31.0002746217209,2829,2831,2829,2831,2829,2831,2829,2831,10.0,17.49508402079864,4.800976756458558e+31,7.591302823768815e+31,2.65663092832871e+30,4.89369501852531e+29,10.0,1.0,106.97483911280257,2.9355887373612867e+32
