,ampl,dur,ed,ederr,istart,istop,istart_no_sys_no_thruster,istop_no_sys_no_thruster,istart_no_sys_no_thruster.1,istop_no_sys_no_thruster.1,istart_no_sys_no_thruster.2,istop_no_sys_no_thruster.2,corrected,myed,myenerg,myenerg_err,L_bol,L_bol_err,count_true,falsepos_corrected,ED_true,energ_true
0,0.12455308464857605,0.1634576778014889,435.4867971597584,80.72928037728026,143,151,148,151,148,151,148,151,2.0,67.3459590804296,4.367041180106014e+31,6.48604150048239e+31,1.42669527973314e+29,4.76337656086982e+28,2.0,0.0,313.61308078388663,2.0336205128024303e+32
1,0.10565841411563093,0.0817281586205354,205.7367840539848,57.000239425826855,535,539,535,539,535,539,535,539,2.833333333333333,268.84925556795463,1.743349989126942e+32,1.2402386673935507e+32,1.42669527973314e+29,4.76337656086982e+28,2.833333333333333,0.0,498.2255286316341,3.2307378649340563e+32
2,0.1156608217111611,0.10216005115944428,253.44173157504503,66.70159056214887,544,549,547,549,547,549,547,549,,26.589243550211844,1.7241765224988263e+31,5.134865023856802e+31,1.42669527973314e+29,4.76337656086982e+28,,0.0,23.471803859419285,1.52202649461179e+31
3,0.014584939625886887,0.06129518295347225,57.62863364921272,11.524443939106972,1238,1241,1238,1239,1238,1239,1238,1239,,31.444094722509767,2.0389888034760823e+31,1.6217311150757356e+31,1.42669527973314e+29,4.76337656086982e+28,,0.0,23.471803859419285,1.52202649461179e+31
4,0.018166018818946517,0.040863360853109036,55.904599238596546,12.491907668151866,1400,1402,1400,1402,1400,1402,1400,1402,,61.65012642158142,3.997695548744875e+31,2.6297138220984113e+31,1.42669527973314e+29,4.76337656086982e+28,,0.0,23.471803859419285,1.52202649461179e+31
5,0.09745897215718484,0.2451787314203102,789.1878356111004,132.5646165613008,2584,2595,2584,2595,2584,2595,2584,2595,1.5833333333333335,784.8552645058256,5.089385179631293e+32,3.065504547005702e+32,1.42669527973314e+29,4.76337656086982e+28,1.5833333333333335,0.14285714285714285,971.6396125880715,6.300586194528504e+32
6,0.022994117277557718,0.04086328539415263,69.26157359250891,16.11728501906543,2873,2875,2873,2875,2873,2875,2873,2875,5.0,85.45222470899077,5.541139948577519e+31,3.6962654287912466e+31,1.42669527973314e+29,4.76337656086982e+28,5.0,0.0,282.2009322921515,1.8299287874307803e+32
