,ampl,dur,ed,ederr,istart,istop
0,0.006155745934702908,0.12259146767610218,6.386301043760824,0.8265969319104958,795,801
