,ampl,dur,ed,ederr,istart,istop
0,0.5523710561087857,0.040863821741368156,1365.119857640283,295.4223423427824,827,829
