,ampl,dur,ed,ederr,istart,istop,istart_no_sys_no_thruster,istop_no_sys_no_thruster,istart_no_sys_no_thruster.1,istop_no_sys_no_thruster.1,istart_no_sys_no_thruster.2,istop_no_sys_no_thruster.2,corrected,myed,myenerg,myenerg_err,L_bol,L_bol_err,count_true,falsepos_corrected,ED_true,energ_true
0,0.06003290847512215,0.04086437948717503,165.97942928635496,35.70076170301904,90,92,90,92,90,92,90,92,18.0,235.17128920478598,4.694557036858672e+31,2.6954176979067023e+31,1.30116155957454e+28,1.12351320399495e+28,18.0,0.0,561.8014981359685,1.1214843382073362e+32
1,0.4878582621191046,0.2860421356162988,2267.908435269353,406.1026260760276,2617,2630,2617,2630,2617,2630,2617,2630,2.5999999999999996,2454.2501924932953,4.899244950495714e+32,2.636437482852275e+32,1.30116155957454e+28,1.12351320399495e+28,2.5999999999999996,0.0,8752.798773717966,1.7472589113369286e+33
2,1.0988077196239967,0.08172653695510235,1392.354559138872,281.3808134432245,2859,2863,2859,2863,2859,2863,2859,2863,5.5,1359.520825864611,2.7139146455334968e+32,1.5229307818162887e+32,1.30116155957454e+28,1.12351320399495e+28,5.5,0.0,3312.9122608599796,6.613330912674639e+32
3,0.13362145658421015,0.04086334822204663,302.4885633502999,71.62678562204009,2937,2939,2937,2939,2937,2939,2937,2939,12.0,272.2300468200174,5.434334634405149e+31,3.2380932758420733e+31,1.30116155957454e+28,1.12351320399495e+28,12.0,0.3333333333333333,315.61787576680507,6.300454977517242e+31
4,0.03284293806801648,0.040863471214834135,103.67841301044392,22.202293743211907,3194,3196,3194,3196,3194,3196,3194,3196,18.0,144.01798233194333,2.8749284603439297e+31,1.6479444541040456e+31,1.30116155957454e+28,1.12351320399495e+28,18.0,0.0,561.8014981359685,1.1214843382073362e+32
