,ampl,dur,ed,ederr,istart,istop,istart_no_sys_no_thruster,istop_no_sys_no_thruster,istart_no_sys_no_thruster.1,istop_no_sys_no_thruster.1,corrected,myed,myenerg,myenerg_err,L_bol,L_bol_err,count_true,falsepos_corrected,ED_true,energ_true
0,0.0409696200065548,0.2451864012691658,315.59244423106355,125.75937900718071,141,153,148,153,148,153,3.0,101.75249081576594,3.0089465508870945e+31,3.7109584448522746e+31,2.53706284034917e+28,2.19067615356642e+28,3.0,0.0,270.22894682164747,7.99100298154925e+31
1,0.010968794799442558,0.04086434502823977,25.61381960643636,6.472944286768506,195,197,195,197,195,197,4.0,60.331478883338484,1.7840761817283325e+31,1.2031680854092327e+31,2.53706284034917e+28,2.19067615356642e+28,4.0,0.0,224.82735002777028,6.6484218124548e+31
2,0.0889803791798056,0.12259250598435754,272.0622178736657,51.35456889371539,387,393,387,393,387,393,1.6363636363636362,272.64406291462285,8.0624209407529e+31,4.921625804623435e+31,2.53706284034917e+28,2.19067615356642e+28,1.6363636363636362,0.0,483.7393817203981,1.430476966692907e+32
3,0.02820675829576856,0.040863248985260725,71.83529352358548,16.046240466431176,3005,3007,3005,3007,3005,3007,3.0,100.74577892218998,2.979176839545119e+31,1.9217336666024392e+31,2.53706284034917e+28,2.19067615356642e+28,3.0,0.0,272.7289092434526,8.06492995125909e+31
4,0.019274848272762518,0.061294883307709824,81.71501037784351,22.42688664218937,3020,3023,3020,3023,3020,3023,2.4,78.24790030598223,2.313886842987846e+31,1.6107713284751968e+31,2.53706284034917e+28,2.19067615356642e+28,2.4,0.0,310.550970500177,9.18337491367202e+31
