,ampl,dur,ed,ederr,istart,istop,istart_no_sys_no_thruster,istop_no_sys_no_thruster,istart_no_sys_no_thruster.1,istop_no_sys_no_thruster.1,istart_no_sys_no_thruster.2,istop_no_sys_no_thruster.2,corrected,myed,myenerg,myenerg_err,L_bol,L_bol_err,count_true,falsepos_corrected,ED_true,energ_true
0,0.06820982277581578,0.040863011905457824,115.15144100787079,26.37586307591701,2504,2506,2504,2506,2504,2506,2504,2506,21.0,96.04185994228484,2.840076158306121e+31,1.8481327123344208e+31,2.53706284034917e+28,2.19067615356642e+28,21.0,0.0,212.55560268045286,6.285531119971158e+31
1,3.8802855207092666,0.14302151642186806,24112.213479365462,5387.030493246173,3074,3075,3074,3075,3074,3075,3074,3075,1.3636363636363638,3519.0033527223527,1.0406126588002327e+33,7.072630341350102e+32,2.53706284034917e+28,2.19067615356642e+28,1.3636363636363638,0.0,4403.904422804474,1.3022888105438655e+33
