,ampl,dur,ed,ederr,istart,istop,istart_no_sys_no_thruster,istop_no_sys_no_thruster,istart_no_sys_no_thruster.1,istop_no_sys_no_thruster.1,istart_no_sys_no_thruster.2,istop_no_sys_no_thruster.2,corrected,myed,myenerg,myenerg_err,L_bol,L_bol_err,count_true,falsepos_corrected,ED_true,energ_true
0,0.009518479037634165,0.040864314883947365,13.863183559333635,3.129611491909176,174,176,174.0,176.0,174.0,176.0,174.0,176.0,6.5,14.464650763408503,6.3482808783523505e+31,3.2758259819857685e+31,7.6618072894805e+30,2.29345522251962e+30,6.5,0.0,28.827592261279147,1.2651923348482731e+32
1,0.005572966675139673,0.06129612243239535,23.869069398979,6.088844945143531,483,485,483.0,485.0,483.0,485.0,483.0,485.0,1.4166666666666665,23.963053925997396,1.0516963009585196e+32,5.735546583212549e+31,7.6618072894805e+30,2.29345522251962e+30,1.4166666666666665,0.0,42.92547113427651,1.8839234493331092e+32
2,-0.004065135677980575,0.08172779366577743,-83.44169438830845,135.48303612301112,674,678,674.0,675.0,674.0,675.0,674.0,675.0,,7.518045500047783,3.299537975107654e+31,8.324780204141657e+31,7.6618072894805e+30,2.29345522251962e+30,,0.0,11.762209900725901,5.162227102560855e+31
3,0.04238564287564391,0.1021588942312519,94.22857019766094,18.428080658647282,1085,1090,1085.0,1090.0,1085.0,1090.0,1085.0,1090.0,1.0714285714285714,96.27155859749126,4.2251894260709816e+32,2.0527484331746657e+32,7.6618072894805e+30,2.29345522251962e+30,1.0714285714285714,0.125,99.59183412678574,4.370910480787373e+32
4,0.0025490471580779392,0.0408631197642535,7.968629072709513,2.2688689122967345,1720,1722,2935.0,2937.0,2935.0,2937.0,2935.0,2937.0,3.0,16.900911693150288,7.417512961997363e+31,3.7976225335381785e+31,7.6618072894805e+30,2.29345522251962e+30,3.0,0.0,36.0447219703509,1.581939467413626e+32
5,0.0076554812200368295,0.040863208007067435,15.50469177866271,3.4375856252770163,2935,2937,3174.0,3176.0,3174.0,3176.0,3174.0,3176.0,,9.02090506465543,3.9591166122208733e+31,2.0780056535728146e+31,7.6618072894805e+30,2.29345522251962e+30,,0.0,11.762209900725901,5.162227102560855e+31
