,ampl,dur,ed,ederr,istart,istop,istart_no_sys_no_thruster,istop_no_sys_no_thruster,istart_no_sys_no_thruster.1,istop_no_sys_no_thruster.1,istart_no_sys_no_thruster.2,istop_no_sys_no_thruster.2,corrected,myed,myenerg,myenerg_err,L_bol,L_bol_err,count_true,falsepos_corrected,ED_true,energ_true
0,0.0008592734469901821,0.06129591415810864,3.699674656025252,0.9271728147602708,629,632,629,632,629,632,629,632,6.5,8.441779494684615,1.1306908491876494e+32,7.646255778501115e+31,6.98765129706233e+31,2.574345873865e+31,6.5,0.0,15.742844351944095,2.1085945279827138e+32
1,0.0019307825600683253,0.04086311524588382,4.381162763131363,1.2087320442039462,2480,2482,2480,2482,2480,2482,2480,2482,6.5,7.846065361318079,1.0509009755296833e+32,7.372386255215132e+31,6.98765129706233e+31,2.574345873865e+31,6.5,0.0,15.742844351944095,2.1085945279827138e+32
