,ampl,dur,ed,ederr,istart,istop,istart_no_sys_no_thruster,istop_no_sys_no_thruster,istart_no_sys_no_thruster.1,istop_no_sys_no_thruster.1,istart_no_sys_no_thruster.2,istop_no_sys_no_thruster.2,corrected,myed,myenerg,myenerg_err,L_bol,L_bol_err,count_true,falsepos_corrected,ED_true,energ_true
0,0.0456824349079266,0.28605042825074634,516.1203101517007,394.3635153831299,245,258,245.0,258.0,245.0,258.0,245.0,258.0,9.75,483.9959858685392,3.1384665541248933e+32,3.761292742631014e+32,1.42669527973314e+29,4.76337656086982e+28,9.75,0.0,1501.934987229345,9.739280617028984e+32
1,0.1579054016161261,0.06129634269018425,622.2862162691375,131.30701796774954,358,361,358.0,361.0,358.0,361.0,358.0,361.0,8.0,688.9929177119724,4.467766864610498e+32,2.8833377471737777e+32,1.42669527973314e+29,4.76337656086982e+28,8.0,0.0,2482.8948684165475,1.6100303988988498e+33
2,0.1407231669873618,0.1430248608085094,1266.3634897466927,425.73111639026536,366,373,366.0,373.0,366.0,373.0,366.0,373.0,5.666666666666666,614.0159057758601,3.9815792697538206e+32,3.0679699081787475e+32,1.42669527973314e+29,4.76337656086982e+28,5.666666666666666,0.0,1854.522767211023,1.2025632130626472e+33
