,ampl,dur,ed,ederr,istart,istop,istart_no_sys_no_thruster,istop_no_sys_no_thruster,istart_no_sys_no_thruster.1,istop_no_sys_no_thruster.1,istart_no_sys_no_thruster.2,istop_no_sys_no_thruster.2,corrected,myed,myenerg,myenerg_err,L_bol,L_bol_err,count_true,falsepos_corrected,ED_true,energ_true
0,0.013544784042615443,0.061295708110264975,62.49112761484066,17.334869534575734,821,824,821,824,821,824,821,824,15.0,68.88810159505948,4.4670412388911005e+31,3.1794356829798595e+31,1.42669527973314e+29,4.76337656086982e+28,15.0,0.0,167.41081687354233,1.0855735685771788e+32
1,0.1073528816853605,0.04086353920138208,238.3064939730389,52.88131840825734,1081,1083,1081,1083,1081,1083,1081,1083,,253.62348497371906,1.6446186500952046e+32,1.0793001113159234e+32,1.42669527973314e+29,4.76337656086982e+28,,0.5,37.63947078926456,2.4407272712206686e+31
2,0.027880797838171188,0.040863215595891234,75.15642166978249,19.467053620650038,2502,2504,2502,2504,2502,2504,2502,2504,20.5,84.49416174439666,5.479014462852085e+31,3.7990252204129974e+31,1.42669527973314e+29,4.76337656086982e+28,20.5,0.0,177.0728125766661,1.1482266715898738e+32
