,ampl,dur,ed,ederr,istart,istop,istart_no_sys_no_thruster,istop_no_sys_no_thruster,istart_no_sys_no_thruster.1,istop_no_sys_no_thruster.1,corrected,myed,myenerg,myenerg_err,L_bol,L_bol_err,count_true,falsepos_corrected,ED_true,energ_true
0,0.03048317070816945,0.1021583094698144,186.2647690180001,33.64002139395942,1585,1590,1585,1590,1585,1590,1.5,429.8287287941085,3.447749004414756e+31,1.7192200469221433e+31,2.01526064735913e+27,1.16007728127667e+27,1.5,0.0,1267.1480754654658,1.0164068204302903e+32
1,0.2462840859908387,0.040863174937840085,675.6902904754357,143.86885730319955,1608,1610,1608,1610,1608,1610,1.9000000000000001,986.443521982316,7.912476395813522e+31,4.201272255618735e+31,2.01526064735913e+27,1.16007728127667e+27,1.9000000000000001,0.0,2252.2597478345997,1.806586154691344e+32
2,0.02099232416062457,0.06129500519455178,64.42731770054729,66.7654488219351,1619,1622,1619,1622,1619,1622,13.0,221.07830887362655,1.7733168312298983e+31,2.4016699238649777e+31,2.01526064735913e+27,1.16007728127667e+27,13.0,0.5,289.78955875201586,2.324464596585031e+31
