,ampl,dur,ed,ederr,istart,istop,istart_no_sys_no_thruster,istop_no_sys_no_thruster,istart_no_sys_no_thruster.1,istop_no_sys_no_thruster.1,corrected,myed,myenerg,myenerg_err,L_bol,L_bol_err,count_true,falsepos_corrected,ED_true,energ_true
0,0.024012144356366068,0.08172634962102165,121.55054584001236,23.68605685839713,2853,2857,2853,2857,2853,2857,3.0,160.74305200809806,4.75337014397578e+31,2.930669981685619e+31,2.53706284034917e+28,2.19067615356642e+28,3.0,0.0,320.49059503782956,9.477301860618544e+31
1,0.2299531814089589,0.040863305468519684,334.3102694932677,73.75627893459813,2958,2960,2958,2960,2958,2960,2.428571428571429,342.15172230631697,1.0117848088630317e+32,6.498714516480963e+31,2.53706284034917e+28,2.19067615356642e+28,2.428571428571429,0.0,602.0704660642693,1.7803965659525384e+32
