,ampl,dur,ed,ederr,istart,istop
0,0.0005355315985934729,0.06129475574562093,-9.805600617598133,13.582020867786506,2824,2827
