,ampl,dur,ed,ederr,istart,istop
0,-0.0006327619740558004,0.16345312525663758,-12.29741303421757,9.356480212433752,1645,1652
