,ampl,dur,ed,ederr,istart,istop,istart_no_sys_no_thruster,istop_no_sys_no_thruster,istart_no_sys_no_thruster.1,istop_no_sys_no_thruster.1,corrected,myed,myenerg,myenerg_err,L_bol,L_bol_err,count_true,falsepos_corrected,ED_true,energ_true
0,1.1955434530760751,0.224754852039041,3358.641462220661,626.6056203543695,141,152,148,152,148,152,13.0,66.00535020210737,4.280109547414333e+31,4.3933799653656004e+32,1.42669527973314e+29,4.76337656086982e+28,13.0,0.0,226.79626938390413,1.4706578708175825e+32
1,0.021462245037869625,0.04086301603092578,50.66044909027924,12.380771154278548,2320,2322,2320,2322,2320,2322,,84.6951128911428,5.492045117475057e+31,3.7276942950534572e+31,1.42669527973314e+29,4.76337656086982e+28,,0.0,349.2388649901086,2.2646355118112606e+32
2,0.06347759015798059,0.061294714592804674,135.88597907917307,27.778728694606446,2718,2721,2718,2721,2718,2721,22.0,163.99266942639173,1.0634086297074928e+32,6.792881282329093e+31,1.42669527973314e+29,4.76337656086982e+28,22.0,0.0,309.5491086122651,2.0072677307341245e+32
