,ampl,dur,ed,ederr,istart,istop,istart_no_sys_no_thruster,istop_no_sys_no_thruster,istart_no_sys_no_thruster.1,istop_no_sys_no_thruster.1,corrected,myed,myenerg,myenerg_err,L_bol,L_bol_err,count_true,falsepos_corrected,ED_true,energ_true
0,0.029329498841739163,0.04086444061249495,75.78254887398423,18.779499323440557,140,142,988.0,991.0,988.0,991.0,,29.56232710121543,8.112452910259374e+31,4.545473805891503e+31,2.65663092832871e+30,4.89369501852531e+29,,0.0,78.2382523149922,2.1470032975187202e+32
1,0.005149348409187369,0.0612955408214475,18.194632566452533,4.184836470509507,988,991,1042.0,1044.0,1042.0,1044.0,,22.83821875078487,6.267232398031599e+31,3.663583435033709e+31,2.65663092832871e+30,4.89369501852531e+29,,0.0,78.2382523149922,2.1470032975187202e+32
2,0.003881759826569433,0.04086355305480538,11.773596944305494,2.993523172075156,1042,1044,1183.0,1185.0,1183.0,1185.0,,16.760346345588808,4.599351059972434e+31,1.019362657718513e+32,2.65663092832871e+30,4.89369501852531e+29,,0.0,78.2382523149922,2.1470032975187202e+32
3,-0.002347739750243594,0.040863448048185085,-11.392551831363098,21.4865139998981,1183,1185,1530.0,1532.0,1530.0,1532.0,7.0,35.451353622176214,9.728511421992664e+31,5.346285773057867e+31,2.65663092832871e+30,4.89369501852531e+29,7.0,0.0,89.3083566903865,2.4507875704873742e+32
4,0.012981161256256969,0.040863439440727234,33.47046720155845,7.338195564131075,1530,1532,1925.0,1928.0,1925.0,1928.0,,29.911925423497387,8.208389198269037e+31,4.520422143824576e+31,2.65663092832871e+30,4.89369501852531e+29,,0.0,78.2382523149922,2.1470032975187202e+32
