,ampl,dur,ed,ederr,istart,istop,istart_no_sys_no_thruster,istop_no_sys_no_thruster,istart_no_sys_no_thruster.1,istop_no_sys_no_thruster.1,corrected,myed,myenerg,myenerg_err,L_bol,L_bol_err,count_true,falsepos_corrected,ED_true,energ_true
0,0.002235861190295169,0.04086430824099807,6.646330083101362,1.564963838353782,282,284,282.0,284.0,282.0,284.0,,6.711642800012335,5.109827906503046e+31,3.312934279967554e+31,2.15939068873094e+31,7.70688025522413e+30,,1.0,18.065884158871896,1.375424196151876e+32
1,0.001695588716807544,0.04086401068343548,4.501341226764658,1.1644077386070577,573,575,573.0,575.0,573.0,575.0,,6.2095820646529445,4.727590050177596e+31,3.1748740461127076e+31,2.15939068873094e+31,7.70688025522413e+30,,1.0,18.065884158871896,1.375424196151876e+32
2,0.0002722177525598513,0.0612959560676245,1.1990025947627672,18.698878490734394,686,689,686.0,686.0,686.0,686.0,,,,,,,,1.0,21.113248007955555,1.6074315496613267e+32
3,0.00323095461830311,0.0408634358245763,8.444988659562348,1.8600344267577,1286,1288,1621.0,1624.0,1621.0,1624.0,,18.86375131962479,1.436168845490038e+32,9.680578850295121e+31,2.15939068873094e+31,7.70688025522413e+30,,0.25,11.677139911262136,8.890248954637173e+31
4,-0.002148477687720589,0.08172653288056607,-20.145094594605602,5.261355701568434,1621,1624,3164.0,3166.0,3164.0,3166.0,6.4,15.021026115213223,1.1436076191016377e+32,7.3842043027084695e+31,2.15939068873094e+31,7.70688025522413e+30,6.4,0.0,36.94912250070436,2.8130766624611157e+32
