,ampl,dur,ed,ederr,istart,istop,istart_no_sys_no_thruster,istop_no_sys_no_thruster,istart_no_sys_no_thruster.1,istop_no_sys_no_thruster.1,corrected,myed,myenerg,myenerg_err,L_bol,L_bol_err,count_true,falsepos_corrected,ED_true,energ_true
0,0.3347996335739621,0.040863830006856006,562.2178758845315,124.17659418554457,855,857,855,857,855,857,1.2857142857142856,540.5247061166674,8.467630790161981e+32,4.625024473879826e+32,8.40100463596628e+29,3.38520490716622e+29,1.2857142857142856,0.0,744.4792523264608,1.1662696206666368e+33
1,0.004612319920766655,0.04086362267844379,15.231826926946509,47.734103809335224,983,985,983,985,983,985,,10.546973699960063,1.6522441663477666e+31,5.715395205126898e+31,8.40100463596628e+29,3.38520490716622e+29,,0.0,69.08622569960492,1.082275509870567e+32
