,ampl,dur,ed,ederr,istart,istop,istart_no_sys_no_thruster,istop_no_sys_no_thruster,istart_no_sys_no_thruster.1,istop_no_sys_no_thruster.1,corrected,myed,myenerg,myenerg_err,L_bol,L_bol_err,count_true,falsepos_corrected,ED_true,energ_true
0,0.03685075130320485,0.06129542487178696,102.12520667830955,21.448483709149283,980,983,980.0,983.0,980.0,983.0,7.333333333333334,135.4873121015473,8.785659591286033e+31,5.661289511608185e+31,1.42669527973314e+29,4.76337656086982e+28,7.333333333333334,0.0,432.5136076328959,2.804629648578201e+32
1,0.07387505293666305,0.04086361057125032,179.0043029924064,38.7124889941701,1128,1130,2377.0,2379.0,2377.0,2379.0,,35.30045707557885,2.289054188708039e+31,4.797751710774312e+31,1.42669527973314e+29,4.76337656086982e+28,,0.5,113.6006571829405,7.366421902352432e+31
2,-0.0037190576955785774,0.04086311300488888,-31.229730306698922,51.89121899965738,2377,2379,3264.0,3266.0,3264.0,3266.0,2.2857142857142856,194.73062161420805,1.26272853669109e+32,8.344192449576796e+31,1.42669527973314e+29,4.76337656086982e+28,2.2857142857142856,0.0,560.3146092642547,3.633353813477836e+32
