,ampl,dur,ed,ederr,istart,istop,istart_no_sys_no_thruster,istop_no_sys_no_thruster,istart_no_sys_no_thruster.1,istop_no_sys_no_thruster.1,corrected,myed,myenerg,myenerg_err,L_bol,L_bol_err,count_true,falsepos_corrected,ED_true,energ_true
0,0.0009899712807828144,0.040863674359570716,1.747606926477884,0.4311061262404809,1069,1071,1069,1071,1069,1071,,118.64987612588251,1.7745332929247792e+31,1.1261234043393448e+31,6.372813724560239e+27,2.2744616118030298e+27,,0.0,412.1410323955108,6.164001238318057e+31
1,0.2402790312572485,0.14302090152341407,460.24973907888915,87.31751099989813,2262,2269,2262,2269,2262,2269,7.5,419.69714058093905,6.277010758241684e+31,3.6258309315757507e+31,6.372813724560239e+27,2.2744616118030298e+27,7.5,0.0,1327.8892097583291,1.9859975323798122e+32
