,ampl,dur,ed,ederr,istart,istop
0,0.000262355012368104,0.061294640523556154,0.38420021366531154,0.28505496297146615,2734,2737
