,ampl,dur,ed,ederr,istart,istop
0,0.5004373646281898,0.1634576477590599,955.6897717234048,177.70417350071395,181,188
