,ampl,dur,ed,ederr,istart,istop,istart_no_sys_no_thruster,istop_no_sys_no_thruster,istart_no_sys_no_thruster.1,istop_no_sys_no_thruster.1,corrected,myed,myenerg,myenerg_err,L_bol,L_bol_err,count_true,falsepos_corrected,ED_true,energ_true
0,0.008360373244778448,0.040863663889467716,26.729327357372746,6.997156040993702,838,840,838,840,838,840,12.0,30.684108916450363,1.02111718891849e+32,5.768365809042734e+31,3.75259092847031e+30,6.912527945600349e+29,12.0,0.0,62.571340710273695,2.082272348429894e+32
1,0.13639108544927625,0.10215881797194017,209.25823668934072,40.866195879001104,1207,1212,1207,1212,1207,1212,1.222222222222222,219.494905061136,7.304433087766725e+32,3.640674332516915e+32,3.75259092847031e+30,6.912527945600349e+29,1.222222222222222,0.0,347.030335511815,1.1548604576790766e+33
2,0.0020691519567165337,0.04086348122655181,5.804612884214543,38.60027513375936,1217,1219,1217,1219,1217,1219,,9.562485982949054,3.182239651335126e+31,2.212630351650762e+32,3.75259092847031e+30,6.912527945600349e+29,,1.0,42.27878368587715,1.4069690883241078e+32
3,0.01877964308167069,0.04086323684168747,46.0453764389185,11.76840389238076,2628,2630,2628,2630,2628,2630,2.3333333333333335,52.78204375762685,1.7565004834885588e+32,9.813776239266284e+31,3.75259092847031e+30,6.912527945600349e+29,2.3333333333333335,0.0,135.7581940655101,4.5178116749059274e+32
