,ampl,dur,ed,ederr,istart,istop
0,0.012492938667558457,0.08172776002174942,24.080730637429433,4.692021025326301,770,774
