,ampl,dur,ed,ederr,istart,istop,istart_no_sys_no_thruster,istop_no_sys_no_thruster,istart_no_sys_no_thruster.1,istop_no_sys_no_thruster.1,corrected,myed,myenerg,myenerg_err,L_bol,L_bol_err,count_true,falsepos_corrected,ED_true,energ_true
0,0.017633908543181757,0.06129662814055336,62.15167952024518,12.909461108369179,154,157,154,157,154,157,2.142857142857143,76.0708668852258,2.531514601383457e+32,1.2931940107208003e+32,3.75259092847031e+30,6.912527945600349e+29,2.142857142857143,0.0,142.48253076569398,4.741586652609517e+32
1,0.05044221456566867,0.08172761344758328,140.09013695371712,28.15680999398504,761,765,761,765,761,765,1.1764705882352942,140.1732326681097,4.6647369716166344e+32,2.3515860886634336e+32,3.75259092847031e+30,6.912527945600349e+29,1.1764705882352942,0.0,240.72264130929128,8.010857589903678e+32
2,0.006251348104811975,0.0612954362804885,27.00425035074985,6.826931480001871,987,989,987,989,987,989,2.75,52.39461944063783,1.7436076329723624e+32,9.693388065062435e+31,3.75259092847031e+30,6.912527945600349e+29,2.75,0.1111111111111111,84.75841019610979,2.8206218988569574e+32
3,0.015461635858501934,0.040863407419237774,42.753020551299855,8.89050528289442,1310,1312,1310,1312,1310,1312,3.142857142857143,43.166220953202014,1.4365015557723136e+32,7.341664073800562e+31,3.75259092847031e+30,6.912527945600349e+29,3.142857142857143,0.0,104.41839544802029,3.4748742002443744e+32
4,0.008650403792958191,0.0612946822293452,26.404098981077016,5.4578229872890445,2505,2508,2505,2508,2505,2508,3.142857142857143,43.65873738543752,1.4528917007867857e+32,7.407317281311652e+31,3.75259092847031e+30,6.912527945600349e+29,3.142857142857143,0.0,104.41839544802029,3.4748742002443744e+32
5,0.026755755886508883,0.04086341731454013,44.71165324876134,9.592802564403604,3172,3174,3172,3174,3172,3174,5.0,46.16080847381136,1.5361565530655751e+32,7.952332946268072e+31,3.75259092847031e+30,6.912527945600349e+29,5.0,0.0,112.53056344813675,3.744833944125759e+32
