,ampl,dur,ed,ederr,istart,istop,istart_no_sys_no_thruster,istop_no_sys_no_thruster,istart_no_sys_no_thruster.1,istop_no_sys_no_thruster.1,corrected,myed,myenerg,myenerg_err,L_bol,L_bol_err,count_true,falsepos_corrected,ED_true,energ_true
0,0.3531603755483152,0.04086369589640526,378.9936768419437,83.71904317936949,1076,1078,1078,1078,1078,1078,2.375,,,,,,2.375,0.8888888888888888,661.457532219459,1.9560114393009503e+32
1,-0.18341428784661493,0.2451821220747661,-4475.634999771253,916.1048084332904,1083,1095,1083,1095,1083,1095,1.1428571428571428,531.120287082123,1.5705881429629825e+32,9.837644621949537e+31,2.53706284034917e+28,2.19067615356642e+28,1.1428571428571428,0.0,1527.5955067274576,4.5172881708032e+32
