,ampl,dur,ed,ederr,istart,istop,istart_no_sys_no_thruster,istop_no_sys_no_thruster,istart_no_sys_no_thruster.1,istop_no_sys_no_thruster.1,corrected,myed,myenerg,myenerg_err,L_bol,L_bol_err,count_true,falsepos_corrected,ED_true,energ_true
0,0.25477668843537243,0.22474890077137388,1046.5298412461411,191.28546556415,1291,1302,1300,1302,1300,1302,9.5,9.435002078135813,1.4780474083421657e+31,2.2304019621780858e+32,8.40100463596628e+29,3.38520490716622e+29,9.5,0.0,62.79628027579873,9.837398926520567e+31
1,0.011663653914692424,0.040863050722691696,30.500600930515393,7.181877713263162,1958,1960,1958,1960,1958,1960,5.4,36.690209703657985,5.747732635872096e+31,3.2233177102922456e+31,8.40100463596628e+29,3.38520490716622e+29,5.4,0.0,96.68952817882519,1.514697138962116e+32
