,ampl,dur,ed,ederr,istart,istop,istart_no_sys_no_thruster,istop_no_sys_no_thruster,corrected,myed,myenerg,myenerg_err,L_bol,L_bol_err,falsepos_corrected,ED_true,count_true,energ_true
0,0.2666218964241849,0.040863373316824436,546.183758601274,120.2847699663628,1738,1740,1738,1740,2.5,555.8191413158839,1.1095421851487337e+32,6.427513756769573e+31,1.3011615595745358e+28,1.1235132039949538e+28,0.0,1448.2923697517645,2.5,2.8911229592853322e+32
1,0.15222395731796956,0.061295089362829465,166.0960669285214,37.60444170983309,2508,2510,2508,2510,11.0,187.26426150022337,3.738223145991607e+31,2.1886112321511258e+31,1.3011615595745358e+28,1.1235132039949538e+28,0.0,425.3848897059425,11.0,8.49165573780315e+31
