,ampl,dur,ed,ederr,istart,istop,istart_no_sys_no_thruster,istop_no_sys_no_thruster,corrected,myed,myenerg,myenerg_err,L_bol,L_bol_err,falsepos_corrected,ED_true,count_true,energ_true
0,0.006160283042076335,0.04086329904384911,18.101957324956178,3.9511786831518787,1593,1595,1593,1595,6.0,19.014207213189046,8.345001206242284e+31,4.243779656616282e+31,7.661807289480494e+30,2.2934552225196235e+30,0.0,35.01076017006629,6.0,1.5365607020838862e+32
1,0.008513770996240634,0.1225903616141295,29.507927615661067,5.622869824620137,2881,2887,2881,2887,3.3,29.33407889642919,1.2874211426754063e+32,6.190210713582139e+31,7.661807289480494e+30,2.2934552225196235e+30,0.0,54.70870507475644,3.3,2.401068867726012e+32
