,ampl,dur,ed,ederr,istart,istop,istart_no_sys_no_thruster,istop_no_sys_no_thruster,corrected,myed,myenerg,myenerg_err,L_bol,L_bol_err,falsepos_corrected,ED_true,count_true,energ_true
0,1.0903823513149968,0.1021583767651464,1271.743757762728,252.37821100232884,1245,1250,1245,1250,5.0,1262.2047368965668,2.519649464690498e+32,1.4047476214755516e+32,1.3011615595745358e+28,1.1235132039949538e+28,0.0,2215.904238267788,5.0,4.423451889021369e+32
1,0.04528870564383971,0.08172687409387436,85.47539637264458,371.20378283266274,1256,1260,1256,1260,33.0,101.53040231486177,2.0267791457624358e+31,9.529674296219884e+31,1.3011615595745358e+28,1.1235132039949538e+28,0.0,388.08192337014134,33.0,7.747003175410878e+31
2,0.7783234502777736,0.08172671350621385,1975.6080413841892,439.85089479229066,2613,2614,2613,2614,2.875,2298.42923483315,4.5881906650227605e+32,2.8276602265669505e+32,1.3011615595745358e+28,1.1235132039949538e+28,0.0,4621.813832971202,2.875,9.226197945333272e+32
3,0.14291870898693645,0.0408636870488408,194.52915729217847,42.78498866235881,3131,3133,3131,3133,17.0,200.93401593200062,4.011102722732576e+31,2.322459869484832e+31,1.3011615595745358e+28,1.1235132039949538e+28,0.0,479.9500983423484,17.0,9.580902154905702e+31
