,ampl,dur,ed,ederr,istart,istop,istart_no_sys_no_thruster,istop_no_sys_no_thruster,corrected,myed,myenerg,myenerg_err,L_bol,L_bol_err,falsepos_corrected,ED_true,count_true,energ_true
0,0.020588975893711284,0.04086409217416076,67.05728638328142,17.918255544164477,169,171,169,171,19.0,73.19263118829397,2.164396305178654e+31,1.4910266222569504e+31,2.53706284034917e+28,2.190676153566424e+28,0.0,259.11485334434116,19.0,7.662345540668258e+31
1,0.482334543982117,0.10215936873282773,1750.1693621678733,390.94133458942116,598,600,598,600,1.3636363636363638,1753.3825545924042,5.184968296824207e+32,3.3445805999388584e+32,2.53706284034917e+28,2.190676153566424e+28,0.0,2387.402381483135,1.3636363636363638,7.059843060107455e+32
