,ampl,dur,ed,ederr,istart,istop,istart_no_sys_no_thruster,istop_no_sys_no_thruster,corrected,myed,myenerg,myenerg_err,L_bol,L_bol_err,falsepos_corrected,ED_true,count_true,energ_true
0,0.5045285061239623,0.040863391710445285,528.3849593507457,117.69414485117355,975,977,975,977,4.333333333333333,528.2090155476296,1.5619791542569787e+32,1.006575272451498e+32,2.53706284034917e+28,2.190676153566424e+28,0.14285714285714285,853.1309938906888,4.333333333333333,2.52281348686604e+32
1,0.11991206223699452,0.08172699959686723,496.0901539587178,98.77617862740023,2826,2830,2826,2830,3.2,445.6942857226455,1.3179729292360997e+32,8.181832818703978e+31,2.53706284034917e+28,2.190676153566424e+28,0.0,1499.941768916444,3.2,4.435512660112031e+32
