,ampl,dur,ed,ederr,istart,istop,istart_no_sys_no_thruster,istop_no_sys_no_thruster,corrected,myed,myenerg,myenerg_err,L_bol,L_bol_err,falsepos_corrected,ED_true,count_true,energ_true
0,0.004310865870679853,0.04086327144614188,12.114941710082913,6.972162698047336,1536,1537,1536,1537,16.5,36.0381908623731,6.928311796982942e+32,8.1456933606366e+32,1.459927281870955e+32,4.706249514527933e+31,0.0,113.29684346912039,16.5,2.1781222597042086e+33
1,-0.0008461643540515111,0.1225898106204113,-11.774369516037085,8.669519028654701,1545,1551,1545,1551,,54.696791628131045,1.0515412056656832e+33,1.2050660496413775e+33,1.459927281870955e+32,4.706249514527933e+31,0.0,122.94719794634383,,2.3636495105724605e+33
