,ampl,dur,ed,ederr,istart,istop,istart_no_sys_no_thruster,istop_no_sys_no_thruster,corrected,myed,myenerg,myenerg_err,L_bol,L_bol_err,falsepos_corrected,ED_true,count_true,energ_true
0,4.825787076452493,0.2451798155379948,9267.942377418609,1765.3795541871332,1788,1799,1788,1799,10.0,9178.496205666577,1.832237859297996e+33,1.0069043456449577e+33,1.3011615595745358e+28,1.1235132039949538e+28,0.2,455.3889663759478,10.0,9.090605761600333e+31
1,0.6392921349431625,0.04086322290095268,622.7585843630708,138.85588191475443,2506,2507,2506,2507,5.111111111111111,591.5165890606428,1.1808024589154525e+32,7.2801597323807145e+31,1.3011615595745358e+28,1.1235132039949538e+28,0.0,1251.4824952353272,5.111111111111111,2.4982454169379517e+32
