,ampl,dur,ed,ederr,istart,istop,istart_no_sys_no_thruster,istop_no_sys_no_thruster,corrected,myed,myenerg,myenerg_err,L_bol,L_bol_err,falsepos_corrected,ED_true,count_true,energ_true
0,0.04218225140390092,0.04086420253588585,88.27478683819929,19.420131203035094,66,68,66,68,1.3636363636363638,113.597164415395,3.3592081463355835e+31,2.1555237938857564e+31,2.53706284034917e+28,2.190676153566424e+28,0.0,199.90060440701728,1.3636363636363638,5.911307225292454e+31
1,0.4221286533854326,0.1430227315722732,904.8582933671727,175.4169455424328,836,842,836,837,1.4615384615384615,537.3075141877296,1.5888845360141177e+32,1.076016628163146e+32,2.53706284034917e+28,2.190676153566424e+28,0.08333333333333333,709.1163297083613,1.4615384615384615,2.096944376837889e+32
