,ampl,dur,ed,ederr,istart,istop,istart_no_sys_no_thruster,istop_no_sys_no_thruster,corrected,myed,myenerg,myenerg_err,L_bol,L_bol_err,falsepos_corrected,ED_true,count_true,energ_true
0,0.007806983577513342,0.06129515385691775,31.027829020840663,7.408716343640117,1121,1123,1121,1123,16.5,80.77239226263764,5.237676737298382e+31,3.5256555580352488e+31,1.4266952797331432e+29,4.76337656086982e+28,0.0,179.5205442674086,16.5,1.1640989603467338e+32
1,0.010734302478732477,0.040863704867661006,33.205964059421355,7.583497373339346,3154,3156,3154,3156,38.0,52.226675873967736,3.3866329525321745e+31,2.244438665629953e+31,1.4266952797331432e+29,4.76337656086982e+28,0.0,146.38614289628575,38.0,9.49239305451859e+31
