,ampl,dur,ed,ederr,istart,istop,istart_no_sys_no_thruster,istop_no_sys_no_thruster,corrected,myed,myenerg,myenerg_err,L_bol,L_bol_err,falsepos_corrected,ED_true,count_true,energ_true
0,0.0015172257662136378,0.04086325735988794,4.591900560961808,1.200869895473088,1316,1318,1316,1318,,16.720546871249148,1.490161146293884e+31,8.745602097913334e+30,2.4228762028039462e+29,8.089374008782233e+28,0.0,30.752625018023174,,2.740721777898394e+31
1,0.0020603951391111827,0.040863243397325284,5.458574713428347,1.5740217653010538,1363,1365,1363,1365,,18.5605408956782,1.6541442758966456e+31,1.0151949782138606e+31,2.4228762028039462e+29,8.089374008782233e+28,0.0,30.752625018023174,,2.740721777898394e+31
2,0.004139496074369136,0.08172656175884185,23.43409605313282,114.96300371343678,1408,1412,1408,1412,,18.006904695779884,1.6048033565700856e+31,8.395001097827508e+31,2.4228762028039462e+29,8.089374008782233e+28,0.0,30.752625018023174,,2.740721777898394e+31
3,0.0058536590980494355,0.1021583051624475,36.61912743024248,7.028526793621175,1442,1447,1442,1447,3.75,62.694915577126466,5.587468399365187e+31,2.8904336635864363e+31,2.4228762028039462e+29,8.089374008782233e+28,0.16666666666666666,95.07506668617349,3.75,8.473237834143366e+31
4,0.0037782661245035773,0.04086340555659263,9.8910296137612,2.55237129089366,1513,1515,1513,1514,,7.381286915331427,6.578317716262948e+30,4.750161264983308e+30,2.4228762028039462e+29,8.089374008782233e+28,0.0,30.752625018023174,,2.740721777898394e+31
