,ampl,dur,ed,ederr,istart,istop,istart_no_sys_no_thruster,istop_no_sys_no_thruster,corrected,myed,myenerg,myenerg_err,L_bol,L_bol_err,falsepos_corrected,ED_true,count_true,energ_true
0,1.0306217237829889,0.040863269932742696,1021.0673380493198,228.5453848311393,1719,1721,1719,1721,6.0,1205.029032435195,9.665797952885143e+31,5.237670150480325e+31,2.0152606473591297e+27,1.1600772812766656e+27,0.0,4449.819933510624,6.0,3.569296609984173e+32
1,0.3750375029364424,0.04086328360426705,455.0782615995669,1119.124753066127,2270,2272,2270,2272,10.0,397.2291955444107,3.1862611121992724e+31,8.849007384506943e+31,2.0152606473591297e+27,1.1600772812766656e+27,0.0,2060.360980981339,10.0,1.6526600120105288e+32
