,ampl,dur,ed,ederr,istart,istop,istart_no_sys_no_thruster,istop_no_sys_no_thruster,corrected,myed,myenerg,myenerg_err,L_bol,L_bol_err,falsepos_corrected,ED_true,count_true,energ_true
0,0.1308864539613744,0.1430225939693628,344.9220820429006,66.48975620666435,796,802,796,802,1.222222222222222,406.8549496708,8.121755735644309e+31,4.481861200972183e+31,1.3011615595745358e+28,1.1235132039949538e+28,0.0,1066.7928032056075,1.222222222222222,2.129562532098905e+32
1,0.8567247684042145,0.1021582849061815,1789.9263974788323,350.85901591354036,1665,1670,1665,1670,1.7692307692307694,1796.546565955808,3.586318020269836e+32,1.9907122218906316e+32,1.3011615595745358e+28,1.1235132039949538e+28,0.125,2809.2362899264904,1.7692307692307694,5.607878426685419e+32
