,ampl,dur,ed,ederr,istart,istop,istart_no_sys_no_thruster,istop_no_sys_no_thruster,corrected,myed,myenerg,myenerg_err,L_bol,L_bol_err,falsepos_corrected,ED_true,count_true,energ_true
0,0.014642577751564976,0.061294904378883075,4.955012659104868,1.1079961725214842,1703,1706,1703,1706,,99.60228566626039,8.876710631823799e+31,4.873151821416018e+31,2.4228762028039462e+29,8.089374008782233e+28,0.0,260.3063838766149,,2.3198909842606926e+32
1,0.03775540205755392,0.040863357426133014,94.59466929164043,20.70375937494099,2034,2036,2034,2036,8.75,104.48411438460711,9.311786800980131e+31,5.067834614184533e+31,2.4228762028039462e+29,8.089374008782233e+28,0.0,281.19550987394604,8.75,2.5060581244921224e+32
