,ampl,dur,ed,ederr,istart,istop,istart_no_sys_no_thruster,istop_no_sys_no_thruster,corrected,myed,myenerg,myenerg_err,L_bol,L_bol_err,falsepos_corrected,ED_true,count_true,energ_true
0,0.022333231960322844,0.10216013125318567,103.07578099144608,151.65133413872886,199,204,199,204,,50.427337578676386,4.494162765692794e+31,8.074352743719144e+31,2.4228762028039462e+29,8.089374008782233e+28,0.0,100.87843644230203,,8.990443174061396e+31
1,0.07888014176339625,0.20431758435006486,397.2552105404765,70.35138018745947,2976,2986,2976,2986,1.5,438.61809039890943,3.909032649511922e+32,1.964148994644824e+32,2.4228762028039462e+29,8.089374008782233e+28,0.3333333333333333,533.3000110119077,1.5,4.7528526539675025e+32
