,ampl,dur,ed,ederr,istart,istop,istart_no_sys_no_thruster,istop_no_sys_no_thruster,corrected,myed,myenerg,myenerg_err,L_bol,L_bol_err,falsepos_corrected,ED_true,count_true,energ_true
0,0.0057242532388737605,0.040863606613129384,15.390944671020991,4.0573407533657475,953,955,953,955,8.0,23.14798947915572,2.689854606164017e+31,1.6019473783101648e+31,4.724232079919543e+29,1.3597432953833746e+29,0.0,53.77482363788492,8.0,6.248769777101961e+31
1,0.027537154692224425,0.08172668690531283,86.43117445217344,17.188756787479452,1583,1587,1583,1587,1.0526315789473684,88.92745603053663,1.033359408745124e+32,5.485124998633223e+31,4.724232079919543e+29,1.3597432953833746e+29,0.0,153.26189185451415,1.0526315789473684,1.7809417363244477e+32
2,0.0050434260109478105,0.040863159047148656,14.169890712882399,3.2436516554755666,1903,1905,1903,1905,3.8000000000000003,16.056487447716393,1.8658042314623483e+31,1.0464260716418482e+31,4.724232079919543e+29,1.3597432953833746e+29,1.0,49.339866594569244,3.8000000000000003,5.733416612549835e+31
3,0.004212247952725796,0.04086317156179575,9.77885929549409,16.685191474097955,2198,2200,2198,2200,3.8000000000000003,8.059166684911633,9.364954415921832e+30,1.9087502823736538e+31,4.724232079919543e+29,1.3597432953833746e+29,1.0,49.339866594569244,3.8000000000000003,5.733416612549835e+31
