,ampl,dur,ed,ederr,istart,istop,istart_no_sys_no_thruster,istop_no_sys_no_thruster,corrected,myed,myenerg,myenerg_err,L_bol,L_bol_err,falsepos_corrected,ED_true,count_true,energ_true
0,0.011944893337475207,0.04086384432594059,30.3211247054818,6.372838355163744,608,610,608,610,2.571428571428571,40.5658559190837,4.713854501065419e+31,2.5554329937783135e+31,4.724232079919543e+29,1.3597432953833746e+29,0.0,85.97404814368919,2.571428571428571,9.990400661712414e+31
1,0.06803160041834194,0.16345322816778207,306.61391653188286,56.615127823072655,2454,2462,2454,2462,1.2941176470588236,294.57592112845305,3.423046303981981e+32,1.7682747750217533e+32,4.724232079919543e+29,1.3597432953833746e+29,0.0,410.9510168279133,1.2941176470588236,4.7753541901241026e+32
2,0.04949510174076949,0.04086336201726226,52.84151538903496,11.797841354748359,2657,2659,2657,2659,1.5714285714285714,54.372593780853016,6.318232171403546e+31,3.507891220814927e+31,4.724232079919543e+29,1.3597432953833746e+29,0.0,103.01347581950999,1.5714285714285714,1.1970425020263183e+32
