,ampl,dur,ed,ederr,istart,istop,istart_no_sys_no_thruster,istop_no_sys_no_thruster,corrected,myed,myenerg,myenerg_err,L_bol,L_bol_err,falsepos_corrected,ED_true,count_true,energ_true
0,0.5870609303203058,0.06129499023518292,1592.3849818483027,328.76500151783404,2029,2032,2029,2032,15.333333333333334,1541.1171321243708,3.0764224245663963e+32,1.7398009146900305e+32,1.3011615595745358e+28,1.1235132039949538e+28,0.0,4178.296608557266,15.333333333333334,8.340836082547643e+32
1,0.9685638055646556,0.08172671932697995,2834.9662563677557,628.1343447955446,2470,2471,2470,2471,14.666666666666668,2791.5859002505626,5.5726442102397756e+32,3.42838560196789e+32,1.3011615595745358e+28,1.1235132039949538e+28,0.0,7901.790355120991,14.666666666666668,1.57737815873913e+33
