,ampl,dur,ed,ederr,istart,istop,istart_no_sys_no_thruster,istop_no_sys_no_thruster,corrected,myed,myenerg,myenerg_err,L_bol,L_bol_err,falsepos_corrected,ED_true,count_true,energ_true
0,0.8034698177258888,0.10215825673367362,3355.560010863232,635.9950277825417,2099,2104,2099,2104,9.333333333333334,3505.532136930693,6.997844259394954e+32,3.8390261313175106e+32,1.3011615595745358e+28,1.1235132039949538e+28,0.0,6873.457294467083,9.333333333333334,1.37209935015449e+33
1,0.1661445415237034,0.10215831875393633,880.8112530378971,150.59934178406598,2491,2496,2491,2496,12.333333333333332,1300.9494487606592,2.5969927748954475e+32,1.3765218866256747e+32,1.3011615595745358e+28,1.1235132039949538e+28,0.0,4126.1130191125785,12.333333333333332,8.236665697691362e+32
