,ampl,dur,ed,ederr,istart,istop,istart_no_sys_no_thruster,istop_no_sys_no_thruster,corrected,myed,myenerg,myenerg_err,L_bol,L_bol_err,falsepos_corrected,ED_true,count_true,energ_true
0,0.01458380522694377,0.06129559553664876,56.479964686699326,119.78360958547549,430,433,430,433,8.5,86.68329165780196,2.563331760846393e+31,6.517260115091723e+31,2.53706284034917e+28,2.190676153566424e+28,0.0,319.3996495217401,8.5,9.445041257251254e+31
1,0.3234721510345432,0.1225911589426687,936.5975741261512,182.1257079030024,444,449,444,449,1.5384615384615383,939.237603898404,2.777441344242432e+32,1.7112771863963043e+32,2.53706284034917e+28,2.190676153566424e+28,0.0,1397.7345814033079,1.5384615384615383,4.133273410853406e+32
