,ampl,dur,ed,ederr,istart,istop,istart_no_sys_no_thruster,istop_no_sys_no_thruster,corrected,myed,myenerg,myenerg_err,L_bol,L_bol_err,falsepos_corrected,ED_true,count_true,energ_true
0,0.023705044325365385,0.0408634806444752,62.41800548180797,348.81042075571196,1265,1267,1265,1267,,64.27803877780514,1.9007808214587355e+31,1.1423650726997146e+32,2.53706284034917e+28,2.190676153566424e+28,0.5,68.30304459755293,,2.01980520387468e+31
1,0.5482440837292758,0.2860436235423549,3196.3524493025798,559.352292535061,1275,1289,1275,1277,1.2727272727272727,1342.3595036528716,3.969522481646213e+32,2.5652055009811897e+32,2.53706284034917e+28,2.190676153566424e+28,0.125,587.2139443167446,1.2727272727272727,1.736464000261022e+32
2,0.14005707859594016,0.04086327948607504,206.94839310029687,45.54283979873049,1684,1686,1281,1289,2.5,402.8377228484825,1.191240791271465e+32,1.9575807665149542e+32,2.53706284034917e+28,2.190676153566424e+28,0.0,642.0465732563279,2.5,1.8986108414843595e+32
3,-0.00027204286560954445,0.04086331331200199,-7.31567813207981,15.270941400355435,2432,2434,1684,1686,3.0,203.29976744270442,6.011824665309254e+31,3.8580788202295742e+31,2.53706284034917e+28,2.190676153566424e+28,0.0,370.38040319082756,3.0,1.0952604970772232e+32
4,0.11133050242202093,0.06129497443180298,337.9387374341012,67.62063447607555,2444,2447,2432,2434,,28.02501858426997,8.287343369349758e+30,2.0793826672356016e+31,2.53706284034917e+28,2.190676153566424e+28,0.0,68.30304459755293,,2.01980520387468e+31
