,ampl,dur,ed,ederr,istart,istop,istart_no_sys_no_thruster,istop_no_sys_no_thruster,corrected,myed,myenerg,myenerg_err,L_bol,L_bol_err,falsepos_corrected,ED_true,count_true,energ_true
0,0.000877688501905404,0.08172664033190813,1.7955306909687423,2.7727843995001358,1216,1219,1216,1219,19.0,15.691998789311778,1.8234497324857937e+31,3.421162018529914e+31,4.724232079919543e+29,1.3597432953833746e+29,1.0,58.718273132312916,19.0,6.8232110435843105e+31
1,0.0144060625142983,0.10215816060372164,71.85772503152026,14.061843413676762,2113,2118,2113,2118,1.0,103.30620527793022,1.2004440919691537e+32,6.333819587821105e+31,4.724232079919543e+29,1.3597432953833746e+29,0.0,175.10691156605245,1.0,2.034786360479548e+32
2,-0.0012228928413192382,0.06129489783052122,-14.824165191171627,20.73680269426087,2123,2126,2123,2126,19.0,10.502670241005088,1.220436701434844e+31,2.1123126355234797e+31,4.724232079919543e+29,1.3597432953833746e+29,1.0,58.718273132312916,19.0,6.8232110435843105e+31
