,ampl,dur,ed,ederr,istart,istop,istart_no_sys_no_thruster,istop_no_sys_no_thruster,corrected,myed,myenerg,myenerg_err,L_bol,L_bol_err,falsepos_corrected,ED_true,count_true,energ_true
0,0.017496387532633988,0.04086355189792812,57.55140094324282,14.477575460480946,686,688,686,688,,61.817123475680255,4.0085244540298222e+31,2.749511160436038e+31,1.4266952797331432e+29,4.76337656086982e+28,0.0,258.67025649940257,,1.677344383576741e+32
1,2.332027748514478,0.10215807909116847,4589.166315039906,911.9625502075639,2186,2191,2186,2191,,4946.746001473792,3.2077119089151747e+33,2.0307309591644167e+33,1.4266952797331432e+29,4.76337656086982e+28,0.2222222222222222,460.92821394568267,,2.9888838452349658e+32
2,0.08805892218902492,0.04086317327892175,259.8809142911923,514.8631483759128,2202,2204,2202,2204,,79.64848547328862,5.164797127315751e+31,1.2475605003374414e+32,1.4266952797331432e+29,4.76337656086982e+28,0.0,258.67025649940257,,1.677344383576741e+32
