,ampl,dur,ed,ederr,istart,istop,istart_no_sys_no_thruster,istop_no_sys_no_thruster,corrected,myed,myenerg,myenerg_err,L_bol,L_bol_err,falsepos_corrected,ED_true,count_true,energ_true
0,0.0030078473811062287,0.04086378507054178,8.943751459169228,17.981156933535377,537,539,537,539,,5.87463772257151,6.3433614768984255e+31,1.5463998531498421e+32,4.408909906548034e+31,1.6243024363474054e+31,0.0,28.620736978357886,,3.0904319374691057e+32
1,0.023244645296811608,0.04086387762799859,38.53870069281949,9.101282940922015,544,546,544,546,2.428571428571429,34.327208543749116,3.706609710573962e+32,2.4593802902309105e+32,4.408909906548034e+31,1.6243024363474054e+31,0.0,71.7363211953664,2.428571428571429,7.74599963188726e+32
2,0.0012882528411889526,0.04086342436494306,3.751638405527,1.1938575017123736,2811,2813,2811,2813,,9.743037151912588,1.0520411548097833e+32,7.843760780975839e+31,4.408909906548034e+31,1.6243024363474054e+31,1.0,28.620736978357886,,3.0904319374691057e+32
3,0.0007768389322528813,0.04086339484638302,2.1654532368908748,10.217759162388576,2972,2974,2972,2974,,5.252074923622428,5.6711258323700325e+31,2.918295531539417e+32,4.408909906548034e+31,1.6243024363474054e+31,1.0,28.620736978357886,,3.0904319374691057e+32
