,ampl,dur,ed,ederr,istart,istop,istart_no_sys_no_thruster,istop_no_sys_no_thruster,corrected,myed,myenerg,myenerg_err,L_bol,L_bol_err,falsepos_corrected,ED_true,count_true,energ_true
0,0.12332317522074225,0.08172779517917661,375.2979447544903,74.97737430821671,468,472,468,472,3.8333333333333335,383.4140839471342,7.653822419867533e+31,4.2773195089703425e+31,1.3011615595745358e+28,1.1235132039949538e+28,0.0,859.0742689553382,3.8333333333333335,1.7149088088710583e+32
1,0.005322438339419638,0.0408636475840467,14.40876590349481,25.80981875268091,928,930,928,930,,20.286571324909694,4.0496638211715896e+30,8.708092024133373e+30,1.3011615595745358e+28,1.1235132039949538e+28,0.5,102.28716590757064,,2.041885878652335e+31
2,0.18800300835399825,0.040863381342205685,395.6957350173954,131.49344457385632,1309,1310,1309,1310,40.0,436.90494782403636,8.721622457321468e+31,7.533116297311386e+31,1.3011615595745358e+28,1.1235132039949538e+28,0.14285714285714285,242.51476966302874,40.0,4.841149709700887e+31
3,0.1714092649678158,0.06129495699860854,475.1389092618433,98.37729500636713,1582,1585,1582,1585,6.0,448.65139052594077,8.956108331131784e+31,5.070197191214726e+31,1.3011615595745358e+28,1.1235132039949538e+28,0.0,1164.517087449464,6.0,2.324642564113135e+32
4,1.288887114544201,0.10215834648988677,1616.4928038546252,320.8585966635439,1612,1617,1612,1617,6.2,1582.7979647893853,3.1596269037149042e+32,1.761672553967325e+32,1.3011615595745358e+28,1.1235132039949538e+28,0.14285714285714285,3379.281621224484,6.2,6.745819342186838e+32
5,0.0044055114139028755,0.040863296708266716,9.358253733666619,207.66228327969986,1624,1626,1624,1626,,26.438789628296355,5.27778736576399e+30,1.1901066351258468e+32,1.3011615595745358e+28,1.1235132039949538e+28,0.5,102.28716590757064,,2.041885878652335e+31
