,ampl,dur,ed,ederr,istart,istop,istart_no_sys_no_thruster,istop_no_sys_no_thruster,corrected,myed,myenerg,myenerg_err,L_bol,L_bol_err,falsepos_corrected,ED_true,count_true,energ_true
0,0.0760186862434114,0.0612955648030038,282.6994723318652,55.93541691792321,673,676,673,676,4.0,230.08269883631192,4.592977129707643e+31,2.55795907887816e+31,1.3011615595745358e+28,1.1235132039949538e+28,0.0,600.6937608940129,4.0,1.1991221937582942e+32
1,0.1827533236462023,0.04086350078432588,285.39165164513304,63.02066882351301,1039,1041,1039,1041,2.111111111111111,284.33814610653167,5.676040001164409e+31,3.291468959516515e+31,1.3011615595745358e+28,1.1235132039949538e+28,0.0,662.4938867710555,2.111111111111111,1.3224893857296677e+32
