,ampl,dur,ed,ederr,istart,istop,istart_no_sys_no_thruster,istop_no_sys_no_thruster,corrected,myed,myenerg,myenerg_err,L_bol,L_bol_err,falsepos_corrected,ED_true,count_true,energ_true
0,-0.00729177970044839,0.06129557900567306,-59.73477379043143,146.68873651647044,642,645,642,645,19.0,94.86743317485956,1.418841924491327e+31,4.0345994390569325e+31,6.372813724560243e+27,2.274461611803033e+27,0.0,527.1785619321954,19.0,7.8845081007279355e+31
1,-0.028502090965572182,0.18388491820223865,-847.5872892628344,788.7456977007696,2194,2203,2194,2203,8.5,461.9817761959234,6.90942181612068e+31,9.110048013223022e+31,6.372813724560243e+27,2.274461611803033e+27,0.0,1352.8398761253236,8.5,2.023313869821169e+32
2,0.05265337828002952,0.040863212234398816,155.68130539956698,33.26096757939877,2459,2461,2459,2461,7.333333333333334,204.58314694281495,3.059755452556706e+31,1.8406469391830619e+31,6.372813724560243e+27,2.274461611803033e+27,0.0,968.372647306563,7.333333333333334,1.4483028206283487e+32
3,0.030818711076986787,0.04086345526593505,78.95131328190905,18.74058360216005,2893,2895,2893,2895,6.5,226.24394165345979,3.383715347166855e+31,2.1157957670794994e+31,6.372813724560243e+27,2.274461611803033e+27,0.0,792.8936031732317,6.5,1.1858555124703213e+32
