,ampl,dur,ed,ederr,istart,istop,istart_no_sys_no_thruster,istop_no_sys_no_thruster,corrected,myed,myenerg,myenerg_err,L_bol,L_bol_err,falsepos_corrected,ED_true,count_true,energ_true
0,0.060334714533448186,0.040863751783035696,158.6377952284505,34.82484644841854,615,617,615,617,2.176470588235294,156.89667463311952,2.457876759310753e+32,1.3391880144025662e+32,8.401004635966278e+29,3.385204907166215e+29,0.0,306.0047802654967,2.176470588235294,4.793741100066577e+32
1,0.15866905661829858,0.08172664709127275,447.19607384465536,99.82792648871657,2230,2232,2230,2232,3.2,441.8934762408124,6.92251577595935e+32,3.797430096104946e+32,8.401004635966278e+29,3.385204907166215e+29,0.18181818181818185,160.7743437933675,3.2,2.518622679717008e+32
2,0.05357571498642502,0.04086342956725275,75.22773233849438,16.80773156915715,2526,2528,2526,2528,3.2,78.56527916297345,1.2307703410220735e+32,6.753926611844076e+31,8.401004635966278e+29,3.385204907166215e+29,0.0,169.6015907627188,3.2,2.656906586787687e+32
