,ampl,dur,ed,ederr,istart,istop,istart_no_sys_no_thruster,istop_no_sys_no_thruster,corrected,myed,myenerg,myenerg_err,L_bol,L_bol_err,falsepos_corrected,ED_true,count_true,energ_true
0,0.08258106067603932,0.04086374200414866,166.671827418882,36.53579855292004,459,461,685.0,691.0,18.0,419.0959322449157,1.2393183200816176e+32,7.626280156625449e+31,2.53706284034917e+28,2.190676153566424e+28,0.0,1387.9023659361353,18.0,4.104198338017014e+32
1,0.21132809138507133,0.12259088082646485,361.773307814394,70.06864258016338,685,691,2470.0,2479.0,5.0769230769230775,1955.5013397364773,5.782658453156496e+32,3.541502386731067e+32,2.53706284034917e+28,2.190676153566424e+28,0.0,6053.72789754215,5.0769230769230775,1.7901619440746022e+33
