,ampl,dur,ed,ederr,istart,istop,istart_no_sys_no_thruster,istop_no_sys_no_thruster,corrected,myed,myenerg,myenerg_err,L_bol,L_bol_err,falsepos_corrected,ED_true,count_true,energ_true
0,0.005923316574991664,0.061296240128285724,21.811154704911868,4.8499453434609725,68,71,68.0,71.0,9.5,18.84965908700524,6.012340232583439e+32,3.180257130285751e+32,4.724232079919543e+32,1.0877946363067007e+32,0.0,37.974218930615486,9.5,1.2112363583003388e+33
1,0.024362851261021168,0.04086378205101937,68.91516150671238,15.57002754632978,458,460,1531.0,1534.0,1.4,60.15703344960201,1.9187856438806972e+33,1.026004439295672e+33,4.724232079919543e+32,1.0877946363067007e+32,0.0,97.31946474659782,1.4,3.104128995695364e+33
2,0.012634269120956205,0.0612950410504709,29.79702768579694,6.797337752403162,1531,1534,1797.0,1799.0,2.2,42.05384704237595,1.3413613229859083e+33,7.145204935587041e+32,4.724232079919543e+32,1.0877946363067007e+32,0.0,82.17177854847972,2.2,2.620974140007395e+33
3,0.015013375956081484,0.061294892155274276,45.29145545571002,10.239896137981383,1797,1799,1808.0,1812.0,,6.125131003618958,1.9536889973936006e+32,4.066136529563249e+32,4.724232079919543e+32,1.0877946363067007e+32,0.0,18.053848784627053,,5.758506342198054e+32
4,-0.0007554688391957862,0.08172652147186454,-6.193758042147869,10.99185634647716,1808,1812,2098.0,2100.0,,12.02348458422786,3.835044430667471e+32,1.9143862282467395e+32,4.724232079919543e+32,1.0877946363067007e+32,0.0,18.053848784627053,,5.758506342198054e+32
