,ampl,dur,ed,ederr,istart,istop,istart_no_sys_no_thruster,istop_no_sys_no_thruster,corrected,myed,myenerg,myenerg_err,L_bol,L_bol_err,falsepos_corrected,ED_true,count_true,energ_true
0,0.06736848119186796,0.0612954618918593,184.10818687360927,35.76354534253207,3142,3145,3142,3145,1.7999999999999998,217.6914551284722,1.4116178046672108e+32,8.8735686938123e+31,1.4266952797331432e+29,4.76337656086982e+28,0.0,805.7330977239,1.7999999999999998,5.22476725549694e+32
1,3.5227181436500827,0.06129573360522045,5453.241090732607,1209.516240095478,3416,3417,3416,3417,1.8571428571428572,3807.8175887651187,2.4691750542315064e+33,1.7052634403112067e+33,1.4266952797331432e+29,4.76337656086982e+28,0.0,4708.982099871211,1.8571428571428572,3.053534172994732e+33
