,ampl,dur,ed,ederr,istart,istop,istart_no_sys_no_thruster,istop_no_sys_no_thruster,corrected,myed,myenerg,myenerg_err,L_bol,L_bol_err,falsepos_corrected,ED_true,count_true,energ_true
0,0.3546254788236872,0.12258990998088848,941.0121585752736,207.72507249792253,2022,2024,2022,2024,6.0,959.6469730431659,6.2228200576052396e+32,4.076590626881532e+32,1.4266952797331432e+29,4.76337656086982e+28,0.0,2308.17900825609,6.0,1.4967360948965645e+33
1,0.11966719648226468,0.12258996663149445,762.7825325389772,167.6013506457984,2249,2251,2249,2251,6.333333333333334,786.953502542686,5.102991180700621e+32,3.337767609986404e+32,1.4266952797331432e+29,4.76337656086982e+28,0.2,1417.936415025687,6.333333333333334,9.194592815574712e+32
