,ampl,dur,ed,ederr,istart,istop,istart_no_sys_no_thruster,istop_no_sys_no_thruster,corrected,myed,myenerg,myenerg_err,L_bol,L_bol_err,falsepos_corrected,ED_true,count_true,energ_true
0,-0.02195993234762984,0.04086371965240687,-97.51537847450199,253.33444431120185,420,422,420,422,,57.948543298918594,1.1567855185024502e+31,3.420567113633823e+31,1.3011615595745358e+28,1.1235132039949538e+28,0.0,54.51556086387627,,1.0882553339619124e+31
1,0.1152290206744391,0.04086335980537115,338.9546647360553,73.6779969306644,1653,1655,1653,1655,3.75,345.956019333101,6.906073740955507e+31,3.9809016229763816e+31,1.3011615595745358e+28,1.1235132039949538e+28,0.0,732.5317743583397,3.75,1.4623010349881311e+32
