,age,n_stars,threshold,tot_en_err,tot_en,tot_flares_p_star,tot_flares,Tmin,Tmax,FA,FA_err,dur100,dur,dursec,tot_flares_p_yr,tot_flares_p_yr_err
0,0.125,307.0,3.42631810553751e+32,1.706982955053767e+31,2.065559675053106e+32,0.17263843648208468,53.0,3000.0,3249.0,1.323208695052139e-05,2.6946304375972444e-06,51.94,44.148999999999994,1392282864.0,1.2004801920768309,0.164898636192904
1,0.63,248.0,3.42631810553751e+32,5.095665210818398e+30,7.294851404191847e+31,0.0967741935483871,24.0,3000.0,3249.0,7.674019829926058e-06,1.6015276509905853e-06,43.98,37.383,1178910288.0,0.6420030495144852,0.13104832371843766
2,0.125,150.0,1.77793568579385e+32,4.16572388992086e+31,6.01888739055271e+32,0.94,141.0,3250.0,3499.0,1.7252798963367237e-05,2.459062880611679e-06,25.39,21.581999999999997,680609952.0,6.5332221295524056,0.5501965567156852
3,0.63,139.0,1.77793568579385e+32,1.7887059610976637e+31,2.0933301672493643e+32,0.30935251798561153,43.0,3250.0,3499.0,5.90489245374796e-06,1.4405260894932096e-06,24.6,20.91,659417759.9999999,2.056432329029173,0.31360299016269727
4,0.125,119.0,1.84593083186304e+32,4.797046819090973e+31,8.097129284434216e+32,0.9915966386554622,118.0,3500.0,3749.0,4.404595970465603e-06,5.763785940728209e-07,20.15,17.128,540148608.0,6.889304063521719,0.6342118455861873
5,0.63,140.0,1.84593083186304e+32,1.281831366947116e+31,1.6147067953119968e+32,0.3,42.0,3500.0,3749.0,7.91304595659885e-07,9.572131567685706e-08,24.82,21.096999999999998,665314992.0,1.9908043797696358,0.3071877849176594
6,4.3,51.0,1.3683131476597502e+33,1.5849444805407565e+31,7.71739636281628e+31,0.0392156862745098,2.0,3750.0,4000.0,8.476903559827272e-08,2.0615597714219433e-08,9.05,7.693,242606448.0,0.2599766021058105,0.1838312182988555
7,0.125,52.0,1.3683131476597502e+33,6.048039264959557e+31,2.940506220332357e+32,0.11538461538461539,6.0,3750.0,4000.0,3.497405477962063e-07,9.349018417718705e-08,8.8,7.48,235889280.0,0.8021390374331551,0.32747189074641414
