,Tmin,Tmax,color,Pleiades,M44
0,3000.0,3249.0,red,4.7816636727268914e+32,1.1317092011568464e+33
1,3250.0,3499.0,orange,5.870063991344439e+32,5.715820398364019e+32
2,3500.0,3749.0,green,7.601243989475054e+32,3.61178745738096e+32
3,3750.0,4000.0,c,9.872669533310996e+32,3.995716136531224e+32
4,3000.0,7000.0,black,8.467838464548478e+32,7.680611664805608e+32
5,4000.0,7000.0,blue,2.2132748377614832e+33,1.3257043103297116e+33
