,Tmin,Tmax,color,Pleiades,M44,M67
0,3000.0,3249.0,red,1.2343776486636319e+32,3.4263181055375126e+32,
1,3250.0,3499.0,orange,1.7262338415391115e+32,1.777935685793851e+32,
2,3500.0,3749.0,green,1.8459308318630368e+32,1.1233649523426398e+32,1.2985666148893263e+33
3,3750.0,4000.0,c,2.4358078513825543e+32,1.0528252619744218e+32,1.3683131476597485e+33
4,3000.0,7000.0,black,1.768140957422684e+32,1.9873802655552705e+32,1.9763193004608312e+33
