,EPIC,L_bol,L_bol_err,Teff,Tmax,Tmin,clustered,clusterederr,clusterenergy,clusterenergy_err,count_true,energ_true,istart,istop,stars_in_bin
4,211993172,7.661807289480494e+30,2.2934552225196235e+30,4000,4000.0,3750.0,15.999933274313875,3.5656209384729407,7.026948848457603e+31,3.60394146794357e+31,3.7777777777777777,1.5574278917178855e+32,2727.0,2729.0,39
6,211993172,7.661807289480494e+30,2.2934552225196235e+30,4000,4000.0,3750.0,30.062703186756245,7.160115858203555,1.3203122407943824e+32,6.973820384988811e+31,2.5999999999999996,2.411665449200474e+32,3375.0,3377.0,39
0,211938625,3.752590928470313e+30,6.912527945600352e+29,3870,4000.0,3750.0,50.37658417827855,11.183433707594453,1.6450848135735997e+32,8.63950630740443e+31,1.2666666666666666,2.9796560206802364e+32,3117.0,3119.0,39
5,211993172,7.661807289480494e+30,2.2934552225196235e+30,4000,4000.0,3750.0,46.49035091324716,10.348119821246021,2.041791751336171e+32,1.0466397271811815e+32,1.9375,3.915400233396977e+32,2881.0,2883.0,39
