,Tmax,Tmin,alpha,alpha_err,beta,beta_err,cluster,count_per_yr,high_yerr,logE,low_yerr,maxenerg,n_obj,nflares
4,4000.0,3750.0,-2.5708576244487227,0.7783070489264418,50.472995736908906,25.25592661614252,M44,-0.206227254262783,0.3587491232990262,32.19240794813764,2.9030899869919438,3.915400233396977e+32,39,4
6,4000.0,3750.0,-2.5708576244487227,0.7783070489264418,50.472995736908906,25.25592661614252,M44,-0.33116599087108295,0.3345302924087707,32.38231706149325,2.778151250383644,3.915400233396977e+32,39,4
0,4000.0,3750.0,-2.5708576244487227,0.7783070489264418,50.472995736908906,25.25592661614252,M44,-0.5072572499267642,0.3339317974134715,32.4741661308739,2.6020599913279625,3.915400233396977e+32,39,4
5,4000.0,3750.0,-2.5708576244487227,0.7783070489264418,50.472995736908906,25.25592661614252,M44,-0.8082872455907454,0.4679778752797927,32.59277616237648,2.3010299956639813,3.915400233396977e+32,39,4
