,Unnamed: 0,ampl,dur,ed,ederr,istart,istop,istart_no_sys_no_thruster,istop_no_sys_no_thruster
0,0,0.014382446284698931,0.1430214391220943,50.42661955387429,54.68814743138729,1486,1493,1486,1493
