,Unnamed: 0,ampl,dur,ed,ederr,istart,istop,istart_no_sys_no_thruster,istop_no_sys_no_thruster
0,0,0.020588975893711284,0.04086409217416076,67.05728638328142,17.918255544164477,169,171,169,171
1,1,0.482334543982117,0.10215936873282773,1750.1693621678733,390.94133458942133,598,600,598,600
