,Unnamed: 0,ampl,dur,ed,ederr,istart,istop,istart_no_sys_no_thruster,istop_no_sys_no_thruster
0,0,0.006812760229835576,0.061295340936339926,24.640733171904863,5.235167440507708,3146,3149,3146,3149
