,Unnamed: 0,ampl,dur,ed,ederr,istart,istop,istart_no_sys_no_thruster,istop_no_sys_no_thruster
0,0,0.0961614927878968,0.10215969946875704,286.38457970332365,55.172044547054384,397,402,397,402
