,Unnamed: 0,ampl,dur,ed,ederr,istart,istop,istart_no_sys_no_thruster,istop_no_sys_no_thruster
0,0,0.5814837839556805,0.10215930831327567,1074.8523470950042,209.4800243740736,752,757,752,757
