,Unnamed: 0,ampl,dur,ed,ederr,istart,istop,istart_no_sys_no_thruster,istop_no_sys_no_thruster
0,0,0.3816507723938863,0.08172785001079319,749.0700228419263,150.3575172687556,326,330,326,330
1,1,0.009617201336663885,0.040863427908334415,30.339766504851195,5.862592140391062,1137,1139,1137,1139
2,2,0.5869140762807272,0.12258978972386105,2638.848559246563,590.6057419414623,2135,2137,2135,2137
3,3,0.17906619571102592,0.04086332642327761,381.76487904689867,84.37599007022338,2494,2496,2494,2496
4,4,0.022311852755377424,0.04085782929178095,57.73806932559333,12.724093848152688,2987,2989,2987,2989
