,Unnamed: 0,ampl,dur,ed,ederr,istart,istop,istart_no_sys_no_thruster,istop_no_sys_no_thruster
0,0,0.0021323271909692632,0.06129525304277195,-0.7725551873297407,0.17482960522550406,966,969,966,969
