,Unnamed: 0,ampl,dur,ed,ederr,istart,istop,istart_no_sys_no_thruster,istop_no_sys_no_thruster
0,0,0.07311393256003225,0.040863535010430496,103.6086652170454,22.87893918590297,885,887,885,886
1,1,0.13955322136662388,0.10215838176372928,532.2892097103247,120.26686436805358,2569,2570,2569,2570
