,Unnamed: 0,ampl,dur,ed,ederr,istart,istop,istart_no_sys_no_thruster,istop_no_sys_no_thruster
0,0,0.5870609303203058,0.06129499023518292,1592.3849818483027,328.76500151783404,2029,2032,2029,2032
1,1,0.9685638055646556,0.08172671932697995,2834.9662563677557,628.1343447955446,2470,2471,2470,2471
