,Unnamed: 0,ampl,dur,ed,ederr,istart,istop,istart_no_sys_no_thruster,istop_no_sys_no_thruster
0,0,0.35835110827249,0.04086422581895022,774.7018400054171,171.69744242074722,225,227,225,227
1,1,0.12549032837341675,0.040863604859623585,315.99684169229806,69.98447205663192,1034,1036,1034,1036
