,Unnamed: 0,ampl,dur,ed,ederr,istart,istop,istart_no_sys_no_thruster,istop_no_sys_no_thruster
0,0,0.0010488311735748982,0.0408641521280515,3.4908982343261563,1.0286781816417272,227,229,227,229
