,Unnamed: 0,ampl,dur,ed,ederr,istart,istop,istart_no_sys_no_thruster,istop_no_sys_no_thruster
0,0,0.019236050195035083,0.040863433729100514,63.89642626470909,14.535945904323409,2746,2748,2746,2748
