,Unnamed: 0,ampl,dur,ed,ederr,istart,istop,istart_no_sys_no_thruster,istop_no_sys_no_thruster
0,0,0.4930632363765828,0.06129496797075262,996.7231998238617,209.7444519757658,2403,2406,2403,2406
