,Unnamed: 0,ampl,dur,ed,ederr,istart,istop,istart_no_sys_no_thruster,istop_no_sys_no_thruster
0,0,0.007740007627125495,0.10215955115563702,54.4063304121499,8.876358471999758,492,497,492,497
1,1,0.017543580544725743,0.4699274966551457,516.6936986003515,41.682105168198966,2082,2102,2082,2102
2,2,0.12497088546035165,0.1021580748129054,334.175490363753,64.4844049856939,2189,2194,2189,2194
3,3,0.0568060826649738,0.1838851317152148,223.62903211025247,40.293953251975545,2594,2603,2600,2603
