,Unnamed: 0,ampl,dur,ed,ederr,istart,istop,istart_no_sys_no_thruster,istop_no_sys_no_thruster
0,0,0.013425293856830112,0.04086344344977988,40.85890433629415,9.949855308482602,2569,2571,2569,2571
