,Unnamed: 0,ampl,dur,ed,ederr,istart,istop,istart_no_sys_no_thruster,istop_no_sys_no_thruster
0,0,0.007015151963834434,0.040863398120563936,22.93511446172784,5.283670344549986,2322,2324,2322,2324
