,Unnamed: 0,ampl,dur,ed,ederr,istart,istop,istart_no_sys_no_thruster,istop_no_sys_no_thruster
0,0,0.1387856943483939,0.2043208640316152,693.0922504032135,120.00498873483231,123,133,123,133
1,1,0.3383647260260936,0.08172662118158769,1041.8224448272097,231.7658803862173,2075,2076,2075,2076
