,Unnamed: 0,ampl,dur,ed,ederr,istart,istop,istart_no_sys_no_thruster,istop_no_sys_no_thruster
0,0,0.03123602658162097,0.04086322151124477,82.39968720013346,22.58401428000741,1511,1513,1511,1513
