,Unnamed: 0,ampl,dur,ed,ederr,istart,istop,istart_no_sys_no_thruster,istop_no_sys_no_thruster
0,0,0.053316430998399146,0.04086416376958368,138.36784911930962,31.984857197683283,118,120,118,120
