,Unnamed: 0,ampl,dur,ed,ederr,istart,istop,istart_no_sys_no_thruster,istop_no_sys_no_thruster
0,0,0.3797664863132125,0.0408638833250734,410.0564330480518,90.33360244731692,325,327,325,327
