,Unnamed: 0,ampl,dur,ed,ederr,istart,istop,istart_no_sys_no_thruster,istop_no_sys_no_thruster
0,0,0.09598589162703844,0.08172713044768898,341.88756980604376,70.18988970372565,899,903,899,903
