,Unnamed: 0,ampl,dur,ed,ederr,istart,istop,istart_no_sys_no_thruster,istop_no_sys_no_thruster
0,0,1.507606311608293e-15,0.04086381859815447,-0.13632625168826087,0.035563328408727835,322,324,322,324
1,1,0.0023781150839879066,0.061294945357076365,11.250643267746964,2.80941141138281,1447,1450,1447,1450
2,2,0.001644872915332588,0.04086339065543143,5.091864450801667,1.4808555548911866,1481,1483,1481,1483
3,3,0.0017321042495627914,0.08172657072282162,8.69219007529293,1.7055917617084937,1514,1518,1514,1514
