,ampl,dur,ed,ederr,istart,istop,istart_no_sys_no_thruster,istop_no_sys_no_thruster,corrected,myenerg,myenerg_err,L_bol,L_bol_err,myed,ED_true,count_true,energ_true
0,0.01742277752032791,0.08172826735972194,17.17711916779288,20.39895545154045,296,300,296,300,1.625,1.2623863696944156e+33,2.0364850500809966e+33,6.987651297062333e+31,2.574345873865e+31,94.25023097792055,165.5574183334117,1.625,2.2174739110703706e+33
1,0.12125955867309107,0.16345667790301374,336.3874013636239,62.23026655694338,308,316,308,316,1.1666666666666667,5.75494438313381e+33,3.5141584506765893e+33,6.987651297062333e+31,2.574345873865e+31,429.66626573031476,469.3498340736919,1.1666666666666667,6.286465582156143e+33
2,0.056995407816974576,0.06129581229470205,97.30215304403649,20.021505747372167,611,614,611,614,1.25,2.0494369762002854e+33,1.2940214755195147e+33,6.987651297062333e+31,2.574345873865e+31,153.01171893065194,216.2308633890531,1.25,2.896193376051696e+33
3,0.007201600450718798,0.04086361906956881,19.19222368987685,4.0415424878895925,915,917,915,917,,4.0871317085655954e+32,2.600312386541465e+32,6.987651297062333e+31,2.574345873865e+31,30.51467576148961,46.19908628142215,,6.187899616677451e+32
4,0.0008493480740195326,0.04086333024315536,2.440271806764049,0.54851034141152,1186,1188,1186,1188,14.0,1.9655769409351323e+32,1.2784335787164707e+32,6.987651297062333e+31,2.574345873865e+31,14.675069783338635,22.474307241597767,14.0,3.010205793210617e+32
5,0.05591956065801795,0.16345319382526213,152.59217096777812,28.522112640199317,1421,1429,1421,1429,1.1875,2.600440126253027e+33,1.592910928328522e+33,6.987651297062333e+31,2.574345873865e+31,194.14981690821793,297.1367006603405,1.1875,3.9798451097425566e+33
6,0.009019813042696024,0.06129464998230105,31.291918690991515,6.171917004467884,2441,2444,2441,2444,1.75,1.2187773462069454e+33,7.591445423340407e+32,6.987651297062333e+31,2.574345873865e+31,90.99436523420964,174.79939932126675,1.75,2.341260884396476e+33
7,6.70281625983508e-05,0.06129465158301173,-0.2297295075642226,0.2683611092116537,2452,2455,2452,2455,14.0,2.0317414004840188e+32,3.2381860605421896e+32,6.987651297062333e+31,2.574345873865e+31,15.169056073488564,22.474307241597767,14.0,3.010205793210617e+32
