,ampl,dur,ed,ederr,istart,istop,istart_no_sys_no_thruster,istop_no_sys_no_thruster,corrected,myenerg,myenerg_err,L_bol,L_bol_err,myed,ED_true,count_true,energ_true
0,0.04088518309753636,0.14302236311050365,162.92873498350394,234.55057908499543,1014,1021,1014.0,1021.0,7.0,7.035152834186763e+31,1.1710138379019286e+32,1.2304387258962846e+31,7.082974670228428e+30,247.69053297730295,495.7211659786823,7.0,1.4079965527470794e+32
1,0.07256176196149311,0.04086310508864699,150.25834498802598,33.220820800388154,1635,1637,2900.0,2902.0,4.666666666666667,4.480089150618045e+31,2.2518591344623754e+31,1.2304387258962846e+31,7.082974670228428e+30,157.73298685282796,361.1982815176247,4.666666666666667,1.0259112786337123e+32
2,0.03740978343432578,0.04086331614962546,99.68839292625185,22.554491960713396,2900,2902,3081.0,3082.0,,4.282618592267701e+31,1.0160106572513997e+32,1.2304387258962846e+31,7.082974670228428e+30,150.78053123488596,54.38817832493448,,1.5447871272656997e+31
