,ampl,dur,ed,ederr,istart,istop,istart_no_sys_no_thruster,istop_no_sys_no_thruster,corrected,myenerg,myenerg_err,L_bol,L_bol_err,myed,ED_true,count_true,energ_true
0,0.12298733006026501,0.06129525769938501,404.718315760241,88.3305478145142,987,989,987,989,2.0,1.3920196947057697e+32,8.036386926480024e+31,1.3011615595745358e+28,1.1235132039949538e+28,697.3247180344424,1558.0366898751572,2.0,3.1101977332650377e+32
1,-0.052571902543297994,0.18388418076938198,-988.149124622874,813.958367150625,1729,1738,1729,1738,3.5,4.139287313520021e+31,4.8958941275591135e+31,1.3011615595745358e+28,1.1235132039949538e+28,207.3553535012301,388.45902296378347,3.5,7.754530946155833e+31
