,ampl,dur,ed,ederr,istart,istop,istart_no_sys_no_thruster,istop_no_sys_no_thruster,corrected,myenerg,myenerg_err,L_bol,L_bol_err,myed,ED_true,count_true,energ_true
0,0.22655337019904506,0.04086368111165939,258.1141297303629,57.21585496879418,813,815,813,815,2.7142857142857144,4.659213986591051e+32,2.8123844821866e+32,3.388909656562385e+31,2.926219821264045e+31,474.58857782468465,848.7678236109247,2.7142857142857144,8.332671918196295e+32
1,0.11717545778307915,0.040863656548026484,126.9412672471566,28.052121038110474,965,967,965,967,8.5,2.3368113086360914e+32,1.4092362401379968e+32,3.388909656562385e+31,2.926219821264045e+31,238.02812208281264,568.1779348919267,8.5,5.578015790550266e+32
2,0.13068826935050118,0.04086352581362007,291.9965457375479,72.99302168249513,1291,1293,1291,1293,3.666666666666667,4.092652736669663e+32,2.5650005639766065e+32,3.388909656562385e+31,2.926219821264045e+31,416.8785223036035,934.1873840861575,3.666666666666667,9.171267766244041e+32
3,0.10968381084231488,0.061294987855944776,234.5014325988079,48.29521610128994,1472,1475,1472,1475,4.2,3.470168253875325e+32,2.0855106939736805e+32,3.388909656562385e+31,2.926219821264045e+31,353.47211378544733,528.5805075726578,4.2,5.189273001913003e+32
4,0.01767286574111264,0.040863104979507625,58.26593763914809,14.006848078827884,2226,2228,2226,2228,7.0,1.0143736288166082e+32,6.278037202876433e+31,3.388909656562385e+31,2.926219821264045e+31,103.32432450374876,273.68972037074207,7.0,2.68691458817328e+32
5,0.047535414487820615,0.04086309120611986,108.14430730688309,32.068367969166104,2930,2932,2930,2932,2.857142857142857,1.7650326947464857e+32,1.1732953066032206e+32,3.388909656562385e+31,2.926219821264045e+31,179.7866247020538,435.1431202128257,2.857142857142857,4.27196314154322e+32
6,0.2674133159705089,0.14302161095110932,677.8808297685348,129.3836297676766,3172,3178,3172,3178,,9.257271093040801e+32,5.548183296986801e+32,3.388909656562385e+31,2.926219821264045e+31,942.9477021720263,115.56695129498361,,1.1345640856535341e+32
