,ampl,dur,ed,ederr,istart,istop,istart_no_sys_no_thruster,istop_no_sys_no_thruster,corrected,myenerg,myenerg_err,L_bol,L_bol_err,myed,ED_true,count_true,energ_true
0,0.23322608721697835,0.0612966598055209,550.6213730881472,119.76745832399266,161,164,161,164,,5.314142360231344e+32,3.2469302695651186e+32,3.388909656562385e+31,2.926219821264045e+31,541.2997283143395,2623.631462097188,,2.57571736342529e+33
1,0.07967847669712454,0.04086448927409947,223.83945664410308,48.5999763021617,205,207,205,207,34.0,4.09236163801065e+32,2.4550221926752537e+32,3.388909656562385e+31,2.926219821264045e+31,416.8488709291474,936.572930238998,34.0,9.194687567141732e+32
