,ampl,dur,ed,ederr,istart,istop,istart_no_sys_no_thruster,istop_no_sys_no_thruster,corrected,myenerg,myenerg_err,L_bol,L_bol_err,myed,ED_true,count_true,energ_true
0,0.011510159448078157,0.12259314929542595,63.00970933436719,129.0757268885628,135,141,135,139,,1.0925042005807832e+32,1.5715797399195672e+33,3.388909656562385e+31,2.926219821264045e+31,111.28272200274814,300.0816194407706,,2.946013755379113e+32
1,0.006251510489313245,0.06129619507555618,29.58999762306138,38.74216254551872,398,401,398,401,15.0,1.311763030060434e+32,2.0417754203036996e+32,3.388909656562385e+31,2.926219821264045e+31,133.61647536924403,378.6585859580065,15.0,3.717433293327293e+32
2,-0.0025171278089446,0.0817269086765009,-37.23750465939463,6.633337241656983,1199,1203,1199,1203,2.3333333333333335,1.6082907910722065e+32,9.359537917217373e+31,3.388909656562385e+31,2.926219821264045e+31,163.82085936815974,635.2842470641326,2.3333333333333335,6.236823614569971e+32
3,0.052363227124443766,0.06129472556494875,188.69883290784185,39.05614473628443,1893,1896,1893,1896,2.0,3.8041674915878255e+32,2.2896238187896027e+32,3.388909656562385e+31,2.926219821264045e+31,387.493350774496,987.1530265687732,2.0,9.691251334738065e+32
4,0.05193398524508887,0.1225895829120418,324.599101474259,53.04569050138504,2898,2904,2898,2904,1.923076923076923,7.00935781862138e+32,4.022829160279039e+32,3.388909656562385e+31,2.926219821264045e+31,713.9747537197272,1684.30531644598,1.923076923076923,1.6535456719259047e+33
