,ampl,dur,ed,ederr,istart,istop,istart_no_sys_no_thruster,istop_no_sys_no_thruster,corrected,myenerg,myenerg_err,L_bol,L_bol_err,myed,ED_true,count_true,energ_true
0,0.033624341210456044,0.04086378681677162,82.04264069171919,17.90654169109784,1023,1025,1023,1025,2.428571428571429,5.0431480438054845e+32,2.5761338273617315e+32,1.091591113123216e+32,3.141851780902868e+31,129.99471573551511,204.09871880295805,2.428571428571429,7.918014579673675e+32
1,0.0026012344324074232,0.06129552288621199,-1.5769732384495945,2.04849074944967,1029,1032,1029,1032,,9.838587929700844e+31,1.4340521940800204e+32,1.091591113123216e+32,3.141851780902868e+31,25.360438163842673,45.499584281369984,,1.7651574386255152e+32
2,0.0015531721795650187,0.061295290295674924,2.5401394694510744,2.8555835472003483,1235,1238,1235,1238,,1.1337530133793836e+32,1.4808884597671216e+32,1.091591113123216e+32,3.141851780902868e+31,29.224186838926197,45.499584281369984,,1.7651574386255152e+32
3,0.046687691252448885,0.06129497248184634,130.8175142314195,27.340258222232194,1595,1598,1595,1595,,6.607066936216152e+31,1.1460312455292286e+32,1.091591113123216e+32,3.141851780902868e+31,17.030707422398777,45.499584281369984,,1.7651574386255152e+32
4,0.01156914534411872,0.061294913568417535,51.860732332692145,12.787226393859171,1681,1684,1681,1684,3.4285714285714284,2.398490302924064e+32,1.3099247946576359e+32,1.091591113123216e+32,3.141851780902868e+31,61.824690136942785,149.80682048744464,3.4285714285714284,5.8117591120172784e+32
5,0.03775145571018417,0.0817262790442328,224.76158110987552,262.3076015642832,3000,3003,3000,3003,4.666666666666667,2.0257857249423114e+32,2.7212466821876467e+32,1.091591113123216e+32,3.141851780902868e+31,52.217669829939524,158.39863537898032,4.666666666666667,6.145078772111347e+32
