,ampl,dur,ed,ederr,istart,istop,istart_no_sys_no_thruster,istop_no_sys_no_thruster,corrected,myenerg,myenerg_err,L_bol,L_bol_err,myed,ED_true,count_true,energ_true
0,3.9595612759302794,0.4086397399150883,11670.61196818926,2123.1450001163353,642,661,642,661,2.125,3.7732189922264143e+34,1.9004423435321732e+34,8.357184523416163e+31,2.79025363293769e+31,12950.85377593079,984.8586228296316,2.125,2.869376277898434e+33
1,0.10568654071684233,0.040863580878067296,154.87071824443225,34.13483762986817,1110,1112,1110,1112,5.333333333333333,7.009844576147232e+32,3.549175192553139e+32,8.357184523416163e+31,2.79025363293769e+31,240.59953128804995,374.7609947592788,5.333333333333333,1.0918626118684172e+33
2,0.07366197819866313,0.040863101836293936,143.13634342529372,33.202393198753946,1818,1820,1818,1820,2.857142857142857,6.246208719839503e+32,3.22146606064524e+32,8.357184523416163e+31,2.79025363293769e+31,214.3891885184574,504.31160910531315,2.857142857142857,1.4693071008283155e+33
3,0.05646816056494184,0.040863119058485615,155.82606792157756,32.45131866720455,2165,2167,2165,2167,2.857142857142857,6.241465120854372e+32,3.0981905253146452e+32,8.357184523416163e+31,2.79025363293769e+31,214.2263735401732,504.31160910531315,2.857142857142857,1.4693071008283155e+33
4,0.015550298423400291,0.06129455670452444,69.2791395441318,109.74855660654758,2544,2546,2544,2546,,2.4829949047185394e+32,4.021963214374587e+32,8.357184523416163e+31,2.79025363293769e+31,85.22405936056364,189.12197498756848,,5.510050844653099e+32
5,0.011613992592925941,0.040863224370696116,38.07756143461093,9.028535173073015,2705,2707,2705,2707,,2.5179196343231686e+32,1.3091894046826862e+32,8.357184523416163e+31,2.79025363293769e+31,86.42278402299462,189.12197498756848,,5.510050844653099e+32
