,ampl,dur,ed,ederr,istart,istop,istart_no_sys_no_thruster,istop_no_sys_no_thruster,corrected,myenerg,myenerg_err,L_bol,L_bol_err,myed,ED_true,count_true,energ_true
0,0.013881321918614265,0.04086428344453452,39.432427415372146,9.074444716063077,417,419,417,419,2.1666666666666665,3.399689189623994e+32,1.7480100815927122e+32,1.3742317915994988e+32,5.53749986589713e+31,65.47481063965199,127.0815978969086,2.1666666666666665,6.598536602847666e+32
1,0.0053348297282472075,0.1021597292710794,33.37415062389378,9.682828054714717,755,759,755,759,5.0,2.115785005548257e+32,1.2393632346753798e+32,1.3742317915994988e+32,5.53749986589713e+31,40.74802573579048,92.88037791883912,5.0,4.822685451916975e+32
2,0.0018780657428468246,0.061295454324863385,9.442530489298074,2.2044280131935485,1099,1101,1099,1101,,1.3549555017509978e+32,7.003592476679072e+31,1.3742317915994988e+32,5.53749986589713e+31,26.09516633845966,41.88026389037743,,2.174574909278012e+32
3,0.015066156015075613,0.040863652240659576,31.64214025838693,6.839782495213948,1122,1124,1122,1124,1.588235294117647,4.0398627597437934e+32,2.0310995919071042e+32,1.3742317915994988e+32,5.53749986589713e+31,77.80395043514596,154.65679575108837,1.588235294117647,8.030340698663161e+32
4,0.016508288425274374,0.06129494454216911,58.374418977814294,12.49744562185538,1552,1555,1552,1555,,4.2318758089476415e+32,2.1653599219234443e+32,1.3742317915994988e+32,5.53749986589713e+31,81.50194085007405,31.502843565557114,,1.6357416793715766e+32
5,0.038324441971078316,0.1021575837439741,152.40039349379634,30.996147636921172,2168,2173,2168,2173,1.3571428571428572,8.732345530634749e+32,4.4703982435106124e+32,1.3742317915994988e+32,5.53749986589713e+31,168.17674739306304,258.8057737978779,1.3571428571428572,1.3438132661968624e+33
