,ampl,dur,ed,ederr,istart,istop,istart_no_sys_no_thruster,istop_no_sys_no_thruster,corrected,myenerg,myenerg_err,L_bol,L_bol_err,myed,ED_true,count_true,energ_true
0,0.17577040324743193,0.06129552056518151,258.0136742339963,53.804772412120144,916,919,916,919,1.25,1.5520297931280257e+33,9.565490931889277e+32,6.761763726573059e+31,2.257582772077468e+31,722.6399647611231,894.258105862872,1.25,1.920617860519525e+33
