,ampl,dur,ed,ederr,istart,istop,istart_no_sys_no_thruster,istop_no_sys_no_thruster,corrected,myenerg,myenerg_err,L_bol,L_bol_err,myed,ED_true,count_true,energ_true
0,0.3845030785297745,0.04086410975287436,448.3203615366845,99.6204009035078,582,584,582,584,4.2,5.460597191895616e+32,2.951651102904323e+32,2.5945377341929524e+31,2.240303966236216e+31,791.5994076903954,986.6229126195364,4.2,6.80590492333624e+32
1,3.4281264283506765,0.10215781680017244,8028.873498451559,1586.3416894562245,2076,2081,2076,2081,1.75,5.585576068666097e+33,3.0132444278166746e+33,2.5945377341929524e+31,2.240303966236216e+31,8097.170606409108,9445.677013305278,1.75,6.5158004002172e+33
