,ampl,dur,ed,ederr,istart,istop,istart_no_sys_no_thruster,istop_no_sys_no_thruster,corrected,myenerg,myenerg_err,L_bol,L_bol_err,myed,ED_true,count_true,energ_true
0,0.29728250925935795,0.04086423653643578,511.4019821252973,112.18845118689528,437,439,437,439,,5.9351593662349466e+32,3.1944366469229453e+32,2.5945377341929524e+31,2.240303966236216e+31,860.3946553378182,358.30012171382555,,2.4716196342223615e+32
1,0.04299721712179778,0.06129588203475578,137.7818655734886,24.557555849129628,821,824,821,824,2.6666666666666665,2.4149386755801668e+32,1.2399750429190596e+32,2.5945377341929524e+31,2.240303966236216e+31,350.08332569102475,1477.3733288464753,2.6666666666666665,1.0191190863088392e+33
2,0.2412361921307792,0.040863326510589104,558.6534699925177,122.87513527111321,1799,1801,1799,1801,,5.744445299278672e+32,3.0944844186466128e+32,2.5945377341929524e+31,2.240303966236216e+31,832.7476531628774,358.30012171382555,,2.4716196342223615e+32
3,0.9490100025567996,0.2656112977056182,3023.6883003304606,549.9604630327245,3187,3200,3187,3200,1.75,2.280509742244895e+33,1.2186405074324744e+33,2.5945377341929524e+31,2.240303966236216e+31,3305.9573847939378,5734.519741219216,1.75,3.9557763802697145e+33
