,ampl,dur,ed,ederr,istart,istop,istart_no_sys_no_thruster,istop_no_sys_no_thruster,corrected,myenerg,myenerg_err,L_bol,L_bol_err,myed,ED_true,count_true,energ_true
0,0.11155481229470446,0.040863300317141686,313.1374310840393,75.84926628761755,1518,1520,1518,1520,16.0,8.699058664561816e+31,5.422379479784723e+31,6.517184130558885e+30,5.177198004426185e+30,585.6588325927991,1980.4938174891483,16.0,2.9417181035018705e+32
