,ampl,dur,ed,ederr,istart,istop,istart_no_sys_no_thruster,istop_no_sys_no_thruster,corrected,myenerg,myenerg_err,L_bol,L_bol_err,myed,ED_true,count_true,energ_true
0,0.009215428725132495,0.04086355014442234,-51.78882697946178,11.555399358257082,1032,1034,1032,1034,12.0,3.471504137139069e+32,1.7653680701093266e+32,8.357184523416163e+31,2.79025363293769e+31,119.15275141795715,237.786893236737,12.0,6.927898632682126e+32
1,0.18599459543509034,0.0408636294232565,184.8299467951722,41.9171862009262,1061,1063,1061,1063,1.4,1.0767065338087909e+33,5.5075865288181985e+32,8.357184523416163e+31,2.79025363293769e+31,369.5589603379744,684.9644243893313,1.4,1.995637368640977e+33
2,0.07612726445890748,0.12259025835373905,216.01021458697377,40.591300604224244,1227,1233,1227,1227,,8.064284544666356e+32,4.3060339696842e+32,8.357184523416163e+31,2.79025363293769e+31,276.7911699814895,84.74851225719989,,2.4691398848630517e+32
3,-0.028497572385750056,0.0408632053877227,-157.39558692697884,388.86360313831597,2409,2411,1232,1233,9.0,7.928828084128162e+31,1.4349239730163048e+32,8.357184523416163e+31,2.79025363293769e+31,27.21418855984482,167.66743885889,9.0,4.8849749647864896e+32
4,0.20226199298959666,0.1225893821901991,330.5269520648408,65.25563908413287,2579,2584,2409,2411,9.0,8.145755320628218e+31,1.9090369935506186e+32,8.357184523416163e+31,2.79025363293769e+31,27.958749881548357,167.66743885889,9.0,4.8849749647864896e+32
5,0.040541195972759375,0.040863165304472204,105.33551305612393,26.136408595237864,2748,2750,2579,2584,1.7,1.573409156206279e+33,7.970534988575629e+32,8.357184523416163e+31,2.79025363293769e+31,540.0426520093015,950.9254537649945,1.7,2.7705123109381424e+33
6,0.007094306476720207,0.04086331045255065,17.826799406350673,6.306416842005992,3121,3123,2748,2750,2.2,6.0691187060421456e+32,3.2102213801783386e+32,8.357184523416163e+31,2.79025363293769e+31,208.31091191009688,409.90213141805395,2.2,1.1942459809832341e+33
