,ampl,dur,ed,ederr,istart,istop,istart_no_sys_no_thruster,istop_no_sys_no_thruster,corrected,myenerg,myenerg_err,L_bol,L_bol_err,myed,ED_true,count_true,energ_true
0,0.14955232989020084,0.04086436179204611,358.0604062232455,78.69343745356727,167,169,167,169,2.0,2.0762568704323736e+32,1.1791010133093784e+32,1.950113960413546e+31,6.95997016907608e+30,418.7689114647828,821.6535990668217,2.0,4.0737597359144986e+32
1,0.3559382466289519,0.06129528889141511,753.9347294224248,158.66807544316245,1074,1077,1074,1077,1.8333333333333335,3.775867133014161e+32,2.1549184757633546e+32,1.950113960413546e+31,6.95997016907608e+30,761.5703970187019,2147.896414952036,1.8333333333333335,1.0649273540679888e+33
