,ampl,dur,ed,ederr,istart,istop,istart_no_sys_no_thruster,istop_no_sys_no_thruster,corrected,myenerg,myenerg_err,L_bol,L_bol_err,myed,ED_true,count_true,energ_true
0,0.09447343501898688,0.061295768529817,121.5053033875424,27.346526900866746,724,726,724,726,1.4166666666666665,2.89201673610246e+33,1.373952133238852e+33,3.3270550844106834e+32,9.95907567321434e+31,198.19141799041452,389.8686154585717,1.4166666666666665,5.688977717702263e+33
1,1.0351533917769922,0.3269073192132055,3982.4350293628704,718.9349138031772,1286,1302,1289,1302,1.222222222222222,1.3155275366052046e+34,2.0586547955758077e+34,3.3270550844106834e+32,9.95907567321434e+31,901.5378944058272,1240.6433681465019,1.222222222222222,1.8103515382223764e+34
