,ampl,dur,ed,ederr,istart,istop,istart_no_sys_no_thruster,istop_no_sys_no_thruster,corrected,myenerg,myenerg_err,L_bol,L_bol_err,myed,ED_true,count_true,energ_true
0,0.03366922782060384,0.061295487961615436,111.51148301391164,22.837922076639572,951,954,951,954,2.1666666666666665,3.462957484946431e+33,2.0549796191545513e+33,5.035701647176669e+32,1.7972453895609597e+32,136.80761578371605,275.9493486329424,2.1666666666666665,6.984997559092639e+33
1,0.033645358115743214,0.040863448281015735,55.13176867005091,12.234006174811062,1099,1101,1099,1101,3.090909090909091,2.2401508636345273e+33,1.337901374452846e+33,5.035701647176669e+32,1.7972453895609597e+32,88.49941126389916,172.33261796839076,3.090909090909091,4.36218792261919e+33
