,ampl,dur,ed,ederr,istart,istop,istart_no_sys_no_thruster,istop_no_sys_no_thruster,corrected,myenerg,myenerg_err,L_bol,L_bol_err,myed,ED_true,count_true,energ_true
0,0.0016537247733754688,0.04086300323251635,3.4044415062284075,0.7964833515591919,2437,2439,2437,2439,15.0,3.5367081677537516e+32,2.1886264746439157e+32,8.054896999449552e+32,2.967533721045604e+32,8.065702764569801,16.768068095087553,15.0,7.35258478031831e+32
