,ampl,dur,ed,ederr,istart,istop,istart_no_sys_no_thruster,istop_no_sys_no_thruster,corrected,myenerg,myenerg_err,L_bol,L_bol_err,myed,ED_true,count_true,energ_true
0,0.18018259252740088,0.18388852364296326,689.7641555087108,124.2826457542032,327,335,327,335,1.75,4.782184764387128e+32,2.6700225108081314e+32,1.950113960413546e+31,6.95997016907608e+30,964.5387989920656,1937.8253786538553,1.75,9.607741038022687e+32
1,0.21367598945741687,0.2043156080471817,1142.3505932238374,203.1102986838852,2343,2352,2343,2352,2.0,5.702216227103262e+32,3.1768557577188947e+32,1.950113960413546e+31,6.95997016907608e+30,1150.1037835764412,7566.700011448684,2.0,3.7515709631640714e+33
