,ampl,dur,ed,ederr,istart,istop,istart_no_sys_no_thruster,istop_no_sys_no_thruster,corrected,myenerg,myenerg_err,L_bol,L_bol_err,myed,ED_true,count_true,energ_true
0,1.0175835488952962,0.0408642961338046,1024.623715791883,228.0068098808038,195,197,195,197,1.625,5.541189107199396e+32,2.7683651084526167e+32,1.2304387258962846e+31,7.082974670228428e+30,1950.9172233198537,5755.803083049774,1.625,1.63482043039768e+33
1,0.2087820913768178,0.06129484232951653,524.4611625576425,109.20568012743828,1594,1597,1594,1595,,3.668907637547423e+31,3.3588502903159264e+31,1.2304387258962846e+31,7.082974670228428e+30,129.17326881266925,326.44084300360265,,9.271897453026822e+31
2,0.2897762441853442,0.04086336504406063,675.7960261206124,150.53104596457368,3030,3031,3030,3031,2.3333333333333335,1.570082892153366e+32,8.421179465052226e+31,1.2304387258962846e+31,7.082974670228428e+30,552.7878036795589,1299.7756923683228,2.3333333333333335,3.6917521780333795e+32
