,ampl,dur,ed,ederr,istart,istop,istart_no_sys_no_thruster,istop_no_sys_no_thruster,corrected,myenerg,myenerg_err,L_bol,L_bol_err,myed,ED_true,count_true,energ_true
0,0.0560880264205524,0.04086361475492595,139.05697670932378,31.837562173333282,1188,1190,1188,1190,2.4,7.282518412010173e+32,3.7836363734913916e+32,1.091591113123216e+32,3.141851780902868e+31,187.71785055382986,266.0569818459028,2.4,1.0321686846616798e+33
1,0.011301182496236977,0.04086328826815589,31.94193189464431,7.517752766241666,3191,3193,3191,3193,16.0,1.842715407745579e+32,9.670183018556246e+31,1.091591113123216e+32,3.141851780902868e+31,47.4987574290174,101.28827169193272,16.0,3.929480874306439e+32
