,ampl,dur,ed,ederr,istart,istop,istart_no_sys_no_thruster,istop_no_sys_no_thruster,corrected,myenerg,myenerg_err,L_bol,L_bol_err,myed,ED_true,count_true,energ_true
0,-0.3017533040771648,0.12258937185106332,-3696.760253209923,3647.173927286773,2082,2088,2082,2088,2.2,2.1139294789589428e+33,2.6140299492965915e+33,1.577829208301114e+32,6.357900525068292e+31,323.8873835565719,887.4292329144084,2.2,5.79202189152275e+33
1,0.09702142806307527,0.04086308058322175,246.030253717668,53.95201010985529,2883,2885,2883,2885,2.428571428571429,2.776109712680289e+33,1.3942230017127145e+33,1.577829208301114e+32,6.357900525068292e+31,425.3438538303617,1621.8154705278284,2.428571428571429,1.0585171595551272e+34
