,ampl,dur,ed,ederr,istart,istop,istart_no_sys_no_thruster,istop_no_sys_no_thruster,corrected,myenerg,myenerg_err,L_bol,L_bol_err,myed,ED_true,count_true,energ_true
0,0.20307699792701397,0.18388718125788728,785.7674245702119,144.07332609407155,788,797,788,797,3.4545454545454546,2.9179279547174994e+33,1.478092307962602e+33,1.091591113123216e+32,3.141851780902868e+31,752.1397581737234,406.5769737924553,3.4545454545454546,1.5773163227723333e+33
1,0.09584295804233348,0.204316067363834,505.77760906026185,91.04555394879459,1756,1766,1756,1766,3.142857142857143,2.2136766353801337e+33,1.1162347041096566e+33,1.091591113123216e+32,3.141851780902868e+31,570.6084026227552,685.6073744073601,3.142857142857143,2.659815415955755e+33
