,ampl,dur,ed,ederr,istart,istop,istart_no_sys_no_thruster,istop_no_sys_no_thruster,corrected,myenerg,myenerg_err,L_bol,L_bol_err,myed,ED_true,count_true,energ_true
0,0.02246127851167553,0.16345645578257972,242.12771256201458,40.34771838438081,639,645,639,645,3.0,1.604974677435575e+32,8.710635269019052e+31,1.950113960413546e+31,6.95997016907608e+30,323.71403951490413,550.0033559596833,3.0,2.7269174365828952e+32
