,ampl,dur,ed,ederr,istart,istop,istart_no_sys_no_thruster,istop_no_sys_no_thruster,corrected,myenerg,myenerg_err,L_bol,L_bol_err,myed,ED_true,count_true,energ_true
0,0.0002653332222071665,0.0408633184779319,-4.077710415030908,1.2161961979145908,1512,1514,1512,1514,,1.6534142794919472e+32,9.525895493543571e+31,1.091591113123216e+32,3.141851780902868e+31,42.61923651430434,41.07456711346996,,1.5934887938822592e+32
1,0.046275419149690834,0.040863152360543616,116.7290519685462,25.262726977453603,1969,1971,1969,1971,2.428571428571429,6.0062163315027956e+32,3.0590781218572016e+32,1.091591113123216e+32,3.141851780902868e+31,154.81924739820886,315.9557624902329,2.428571428571429,1.2257511211252732e+33
2,0.052256167242093664,0.12258934856799895,201.23001241689545,37.37388643168206,2164,2170,2164,2170,1.8571428571428572,8.408186543563399e+32,4.242441975966201e+32,1.091591113123216e+32,3.141851780902868e+31,216.73363742003713,400.63385142982884,1.8571428571428572,1.5542599656368963e+33
3,0.16841332179378976,0.1838839551564888,624.1691124632771,114.72563197034408,2444,2452,2444,2452,1.375,2.766109806486019e+33,1.3993867466251767e+33,1.091591113123216e+32,3.141851780902868e+31,713.006350128951,1020.5720693703589,1.375,3.9593117351626986e+33
4,0.017211525504091718,0.061294794948480565,24.35316132871352,4.8181492637607874,2961,2964,2961,2964,2.0,5.2435809467879905e+32,2.642500681583912e+32,1.091591113123216e+32,3.141851780902868e+31,135.16117486400702,264.0336073845851,2.0,1.0243189986965659e+33
