,ampl,dur,ed,ederr,istart,istop,istart_no_sys_no_thruster,istop_no_sys_no_thruster,corrected,myenerg,myenerg_err,L_bol,L_bol_err,myed,ED_true,count_true,energ_true
0,0.11405779757131147,0.0408648310622084,316.35505557477506,78.33572296903485,44,46,44,46,5.199999999999999,4.018843972808055e+32,2.2557159384510787e+32,2.5945377341929524e+31,2.240303966236216e+31,582.5946131306924,1267.1760776804874,5.199999999999999,8.741211860691145e+32
1,-0.22947436853980546,0.10215786359913184,-2130.232621121589,12208.06324775874,2449,2451,2449,2451,6.6,1.1739013452520613e+32,5.9145037110152655e+32,2.5945377341929524e+31,2.240303966236216e+31,170.17545461285027,958.2418927843033,6.6,6.610127468591074e+32
2,0.1293085314650777,0.0408631510581472,326.4708859928711,71.68423964138016,2860,2862,2860,2862,10.0,3.114910930859013e+32,1.6770210563738467e+32,2.5945377341929524e+31,2.240303966236216e+31,451.55530818788657,871.817830726663,10.0,6.013958514951912e+32
