,ampl,dur,ed,ederr,istart,istop,istart_no_sys_no_thruster,istop_no_sys_no_thruster,corrected,myenerg,myenerg_err,L_bol,L_bol_err,myed,ED_true,count_true,energ_true
0,0.07358920577078297,0.2451805398668512,232.85524115208455,39.79705071230181,1164,1176,1164.0,1176.0,4.285714285714286,1.1104640666638339e+33,6.661997507525702e+32,6.761763726573059e+31,2.257582772077468e+31,517.0427253107838,1154.600850334184,4.285714285714286,2.4797617157555962e+33
1,0.1760556935018182,0.040863270398403984,243.2480842908067,53.55857391681362,1232,1233,1232.0,1233.0,7.5,8.624964416602086e+32,5.323094411758707e+32,6.761763726573059e+31,2.257582772077468e+31,401.58661964326984,870.3005263988404,7.5,1.8691636386212103e+33
2,-0.002952969693224601,0.06129467271239264,-17.9455263959084,23.7075999891525,1964,1967,1964.0,1967.0,12.5,9.226422503036006e+31,1.457608614851338e+32,6.761763726573059e+31,2.257582772077468e+31,42.95910852991715,265.45059175083304,12.5,5.70114091512977e+32
3,0.018672786929555586,0.040863007765437935,54.49746266314916,12.526538898923386,2025,2027,2865.0,2867.0,12.5,8.75275667961157e+31,1.7840080368026435e+32,6.761763726573059e+31,2.257582772077468e+31,40.753675003682346,265.45059175083304,12.5,5.70114091512977e+32
