,ampl,dur,ed,ederr,istart,istop,istart_no_sys_no_thruster,istop_no_sys_no_thruster,corrected,myenerg,myenerg_err,L_bol,L_bol_err,myed,ED_true,count_true,energ_true
0,0.21076964411807536,0.04086461685801624,226.68719400897407,50.26003842244043,130,132,130,132,1.5,8.883288368831714e+32,5.478812159240746e+32,6.761763726573059e+31,2.257582772077468e+31,413.61443074346397,561.8848226305784,1.5,1.2067724282553124e+33
1,0.2567014245278436,0.08172857562021818,666.8759729594649,133.23244651297662,283,287,283,287,1.75,1.409794808973925e+33,8.662048404516682e+32,6.761763726573059e+31,2.257582772077468e+31,656.4139912701364,948.9847032584909,1.75,2.038155380967346e+33
2,0.03899706432406149,0.04086332942097215,99.90770652640829,23.36968816569161,1503,1505,1503,1505,3.0,4.353028568124458e+32,2.728104299928059e+32,6.761763726573059e+31,2.257582772077468e+31,202.6811872427849,393.0168047798039,3.0,8.440908612352633e+32
