,ampl,dur,ed,ederr,istart,istop,istart_no_sys_no_thruster,istop_no_sys_no_thruster,corrected,myenerg,myenerg_err,L_bol,L_bol_err,myed,ED_true,count_true,energ_true
0,0.1205382041004803,0.04086368065327406,319.582853300435,70.83347694168255,838,839,838,839,4.857142857142858,2.3637810714594047e+34,1.4178254521223404e+34,1.0815833456435376e+33,3.4866127639132136e+32,384.9122815481429,777.2163709582652,4.857142857142858,4.772955902342997e+34
1,0.10906173960455,0.1430212941922946,544.1643883335665,98.84106448296221,1719,1726,1719,1726,10.0,3.8545650146672424e+34,2.2368734920616305e+34,1.0815833456435376e+33,3.4866127639132136e+32,627.6678631897149,1282.4505580626421,10.0,7.875644658669763e+34
2,0.004109721052278424,0.0817264462748426,24.305519985197808,47.85226831699385,1731,1735,1731,1735,,3.552571675987566e+33,7.713851892562318e+33,1.0815833456435376e+33,3.4866127639132136e+32,57.8492012512576,178.27187613583646,,1.0947836860090933e+34
