,ampl,dur,ed,ederr,istart,istop,istart_no_sys_no_thruster,istop_no_sys_no_thruster,corrected,myenerg,myenerg_err,L_bol,L_bol_err,myed,ED_true,count_true,energ_true
0,0.7712259029142996,0.061295488900213975,1696.8913710647848,354.8806995547928,896,899,896,899,1.8888888888888888,3.526813289833837e+33,2.1754865772488375e+33,6.761763726573059e+31,2.257582772077468e+31,1642.118110598893,1940.6883771704815,1.8888888888888888,4.1680592375506374e+33
