,ampl,dur,ed,ederr,istart,istop,istart_no_sys_no_thruster,istop_no_sys_no_thruster,corrected,myenerg,myenerg_err,L_bol,L_bol_err,myed,ED_true,count_true,energ_true
0,0.12246159449333514,0.04086313805601094,189.893369747324,41.96316050036623,2653,2655,2653,2655,2.444444444444444,5.1594673888945805e+32,3.1114561657782403e+32,3.388909656562385e+31,2.926219821264045e+31,525.5445011702226,1027.3338352658202,2.444444444444444,1.0085721397064298e+33
