,ampl,dur,ed,ederr,istart,istop,istart_no_sys_no_thruster,istop_no_sys_no_thruster,corrected,myenerg,myenerg_err,L_bol,L_bol_err,myed,ED_true,count_true,energ_true
0,0.03575587399377398,0.04086361743975432,93.40982914030451,19.12758417541795,969,971,969,971,5.333333333333333,2.855043490352512e+32,1.7213616171806384e+32,6.761763726573059e+31,2.257582772077468e+31,132.93356457427387,467.1682826798661,5.333333333333333,1.0033476260384853e+33
1,0.14320854729769714,0.04086318495683372,289.5703209993572,64.79288616310747,1513,1515,1513,1515,3.75,8.531583543609574e+32,5.276106342355204e+32,6.761763726573059e+31,2.257582772077468e+31,397.2387165896391,855.1103150402482,3.75,1.8365392866034804e+33
2,0.8809585494793059,0.040863184724003083,990.2002202255032,220.64454406224,1778,1780,1778,1780,2.5,3.769723954292081e+33,2.3284211890108264e+33,6.761763726573059e+31,2.257582772077468e+31,1755.2196469105268,1086.8423300346963,2.5,2.334235247014225e+33
3,-0.005796641041748962,0.04086300101334928,-42.7917696063761,97.80785606995221,2328,2330,2328,2330,,1.4861848456972685e+32,3.421148016246411e+32,6.761763726573059e+31,2.257582772077468e+31,69.19819253976124,210.16615194480704,,4.5137848061480515e+32
4,0.21225645280258104,0.08172624000144424,511.52535379633423,100.57046988350142,2573,2577,2573,2577,,1.6025941052777205e+33,9.801105116621158e+32,6.761763726573059e+31,2.257582772077468e+31,746.1831937067363,216.54594583186991,,4.650805046787673e+32
5,0.2358535235907687,0.1430210816397448,1248.7739963017095,225.76438341784942,2670,2677,2670,2677,1.7142857142857142,3.009673662853365e+33,1.8203636947088243e+33,6.761763726573059e+31,2.257582772077468e+31,1401.3329378706258,2496.3735457433368,1.7142857142857142,5.361516532027189e+33
6,0.031615438597427145,0.04086316662142053,97.96681268298548,22.780358880012265,2791,2793,2791,2793,12.0,3.7606338245960116e+32,2.3526005822711873e+32,6.761763726573059e+31,2.257582772077468e+31,175.09871952963073,518.9066310474951,12.0,1.114467218130712e+33
