,ampl,dur,ed,ederr,istart,istop,istart_no_sys_no_thruster,istop_no_sys_no_thruster,corrected,myenerg,myenerg_err,L_bol,L_bol_err,myed,ED_true,count_true,energ_true
0,0.12996188875535206,0.20431559519056464,599.8338243313549,109.449606699926,2100,2110,2100,2110,1.8571428571428572,3.4366066266342555e+33,1.708499495886811e+33,1.577829208301114e+32,6.357900525068292e+31,526.5424129294543,601.5148672806322,1.8571428571428572,3.9259325139921884e+33
1,0.007800535254186875,0.08172631041816203,39.981353253040034,7.079447716403678,2427,2431,2427,2431,4.25,3.577830218174546e+32,1.7228945011058315e+32,1.577829208301114e+32,6.357900525068292e+31,54.81800976373531,95.22953051479453,4.25,6.215386027454902e+32
2,0.0005823884984151401,0.08172611390909879,0.3453905838001886,0.05293233469299105,2451,2455,2451,2455,2.0,9.474902719415334e+32,4.360789478271657e+32,1.577829208301114e+32,6.357900525068292e+31,145.17047431287952,277.67916668198205,2.0,1.8123403563796683e+33
3,0.008205422872926565,0.040863213063857984,23.81888669443644,5.607844187617464,2516,2518,2516,2518,8.0,2.6109623709914524e+32,1.3457046638772385e+32,1.577829208301114e+32,6.357900525068292e+31,40.004067274824614,91.55008710042951,8.0,5.975238238603812e+32
4,0.03610061309333363,0.0612948154375772,89.9080126288228,20.613048541164755,2930,2931,2930,2931,2.5999999999999996,5.366789134446756e+32,3.831308614142874e+32,1.577829208301114e+32,6.357900525068292e+31,82.22768584086523,181.7202457697303,2.5999999999999996,1.1860412104913015e+33
