,ampl,dur,ed,ederr,istart,istop,istart_no_sys_no_thruster,istop_no_sys_no_thruster,corrected,myenerg,myenerg_err,L_bol,L_bol_err,myed,ED_true,count_true,energ_true
0,0.3068421458521974,0.0612959813370253,676.1221250067708,139.6232678000545,402,405,402,405,1.8333333333333335,2.0088029698995565e+33,1.2345390695350122e+33,6.761763726573059e+31,2.257582772077468e+31,935.3179390033206,2411.2138770709826,1.8333333333333335,5.178617233071179e+33
1,0.14040322743889927,0.2247484891267959,1938.7810569927915,308.601986468332,1183,1191,1183,1191,2.2857142857142856,4.473189425356465e+33,2.62037217375017e+33,6.761763726573059e+31,2.257582772077468e+31,2082.759920603391,4033.422872927808,2.2857142857142856,8.662671277995681e+33
2,0.01631801404438779,0.12259010049456265,129.20852137829954,19.26678383717654,1207,1213,1207,1213,4.666666666666667,8.912339302110696e+32,5.113701836288075e+32,6.761763726573059e+31,2.257582772077468e+31,414.96707007383986,1212.8554196074706,4.666666666666667,2.604876339229082e+33
