,ampl,dur,ed,ederr,istart,istop,istart_no_sys_no_thruster,istop_no_sys_no_thruster,corrected,myenerg,myenerg_err,L_bol,L_bol_err,myed,ED_true,count_true,energ_true
0,0.10020261665133062,0.061296690539165866,159.87269747184817,32.98623812527001,148,151,148,151,15.0,5.5902819668902556e+32,3.434728087679318e+32,6.761763726573059e+31,2.257582772077468e+31,260.28889274196297,140.630159058765,15.0,3.020344947897885e+32
1,0.01934630517397437,0.04086354758328525,52.96105561337071,12.193923779283953,1112,1114,1112,1114,2.142857142857143,2.8356689908978686e+32,1.76865752205758e+32,6.761763726573059e+31,2.257582772077468e+31,132.03146928814215,327.4552854497871,2.142857142857143,7.032829399399599e+32
2,0.202873119687926,0.16345242758688985,644.0585252305177,120.53864927710475,2232,2239,2232,2239,1.4166666666666665,1.604255515691288e+33,9.798670734873007e+32,6.761763726573059e+31,2.257582772077468e+31,746.9567623379767,1222.5647304323,1.4166666666666665,2.62572924026654e+33
