,ampl,dur,ed,ederr,istart,istop,istart_no_sys_no_thruster,istop_no_sys_no_thruster,corrected,myenerg,myenerg_err,L_bol,L_bol_err,myed,ED_true,count_true,energ_true
0,0.28115695318352624,0.06129669845540775,346.05297565898906,72.62340354483729,245,248,245,248,2.0,5.840918637915434e+32,3.530086921752902e+32,3.388909656562385e+31,2.926219821264045e+31,594.9572776729576,1106.2546890221533,2.0,1.0860517004958273e+33
1,0.007776012874725444,0.06129554978542728,28.7906054980659,101.058185671651,1101,1103,1101,1103,,6.049840669997014e+31,1.9895618486350973e+32,3.388909656562385e+31,2.926219821264045e+31,61.623812254661956,81.98530630262704,,8.048804873708091e+31
2,0.0048825108905836715,0.040863351423467975,15.116671085314046,3.4992915873715567,1361,1363,1361,1363,,8.397540660927153e+31,5.136214315483477e+31,3.388909656562385e+31,2.926219821264045e+31,85.53753682410948,81.98530630262704,,8.048804873708091e+31
3,0.023380460376219183,0.040863203576009255,45.07999276203369,13.00779464649887,1633,1635,1633,1634,,1.139251498168427e+32,7.876506461105748e+31,3.388909656562385e+31,2.926219821264045e+31,116.04441218120238,249.88767310765368,,2.453240967063399e+32
4,0.35621917473402315,0.04086312837898731,467.41783176787237,103.50386229391351,1812,1814,1812,1814,2.25,7.857554898535067e+32,4.7414762545155806e+32,3.388909656562385e+31,2.926219821264045e+31,800.3722978183215,1297.0261521843395,2.25,1.2733391976964112e+33
5,0.03261407592912848,0.08172645186277805,186.88435481642688,327.90816189283385,1818,1822,1818,1822,,1.5524439507266932e+32,3.092456068819023e+32,3.388909656562385e+31,2.926219821264045e+31,158.1322877310001,145.27804077655483,,1.4262489894577966e+32
6,0.02511136854408911,0.04086306830868125,61.23606087849362,12.971615092579606,2004,2006,2004,2006,6.0,1.690568805867488e+32,1.0068760196507574e+32,3.388909656562385e+31,2.926219821264045e+31,172.20171634109755,412.7103572198405,6.0,4.051732297442693e+32
