,ampl,dur,ed,ederr,istart,istop,istart_no_sys_no_thruster,istop_no_sys_no_thruster,corrected,myenerg,myenerg_err,L_bol,L_bol_err,myed,ED_true,count_true,energ_true
0,0.041632679779239706,0.10215808548673523,280.9780974655929,53.71254085721653,1702,1707,1702.0,1707.0,35.0,6.589944530453563e+32,3.300619853885325e+32,8.357184523416163e+31,2.79025363293769e+31,226.1872639282999,177.6963406669943,35.0,5.177166069930778e+32
1,0.1286207538702055,0.0408630179008469,241.23191415821753,53.21330862164782,2024,2026,3170.0,3172.0,19.0,1.2282757358519088e+32,2.0412128604668883e+32,8.357184523416163e+31,2.79025363293769e+31,42.158219505186196,155.6876596131887,19.0,4.535945230109316e+32
