,ampl,dur,ed,ederr,istart,istop,istart_no_sys_no_thruster,istop_no_sys_no_thruster,corrected,myenerg,myenerg_err,L_bol,L_bol_err,myed,ED_true,count_true,energ_true
0,0.0033222691068516305,0.040864173672162,9.288939836214334,2.679523244085688,332,334,332,334,1.2999999999999998,1.0498782424487344e+33,6.781591142949347e+32,1.0815833456435376e+33,3.4866127639132136e+32,17.095958442513354,33.81645893644546,1.2999999999999998,2.0766992733058887e+33
1,0.06555176693609632,0.06129495758068515,148.86879793145286,32.23015919564907,1444,1447,1444,1447,1.1333333333333333,1.859693384313731e+34,1.1119215775101843e+34,1.0815833456435376e+33,3.4866127639132136e+32,302.8278854497456,352.06827840413683,1.1333333333333333,2.1620830829449893e+34
