,ampl,dur,ed,ederr,istart,istop,istart_no_sys_no_thruster,istop_no_sys_no_thruster,corrected,myenerg,myenerg_err,L_bol,L_bol_err,myed,ED_true,count_true,energ_true
0,0.0008385794417788692,0.04086324863601476,2.6643659335566108,1.1444664865707146,2738,2740,2738,2740,5.0,2.302862251734483e+32,1.7928500648789046e+32,8.054896999449552e+32,2.967533721045604e+32,5.251833498616082,10.094952362914134,5.0,4.426508330041062e+32
