,ampl,dur,ed,ederr,istart,istop,istart_no_sys_no_thruster,istop_no_sys_no_thruster,corrected,myenerg,myenerg_err,L_bol,L_bol_err,myed,ED_true,count_true,energ_true
0,0.0978064631065792,0.08172783684858588,262.54202177880103,52.48197131824124,681,685,681,685,2.5,8.310152585375798e+32,4.1978360665746886e+32,8.357184523416163e+31,2.79025363293769e+31,285.2301210467806,492.4908997565572,2.5,1.43486757600007e+33
1,0.4002122689633797,0.16345413272210862,1335.6629101191752,246.71041687330663,1128,1136,1128,1136,1.4,4.561115698581679e+33,2.2828221836542917e+33,8.357184523416163e+31,2.79025363293769e+31,1565.5158788591507,2215.2405436912168,1.4,6.454082361226357e+33
2,0.24819575480765066,0.10215844451158773,656.1029697768881,128.91891771194508,1414,1419,1414,1419,1.2105263157894737,1.8599309248101916e+33,9.406076916998882e+32,8.357184523416163e+31,2.79025363293769e+31,638.3857785666293,940.7630767658846,1.2105263157894737,2.740904321717795e+33
3,0.10437616810008282,0.08172620383265894,331.35501304874083,213.8027107991313,2367,2371,2367,2371,1.4285714285714286,9.791292665168974e+32,8.846121040440028e+32,8.357184523416163e+31,2.79025363293769e+31,336.0674263677564,685.0730342505319,1.4285714285714286,1.9959538024438103e+33
