,ampl,dur,ed,ederr,istart,istop,istart_no_sys_no_thruster,istop_no_sys_no_thruster,corrected,myenerg,myenerg_err,L_bol,L_bol_err,myed,ED_true,count_true,energ_true
0,0.1213009991528591,0.08172638288669988,264.3943469043,53.65990336439104,2990,2994,2990,2994,1.8666666666666667,2.758550640671076e+33,1.415038414225455e+33,2.178010611369685e+32,4.012043812898151e+31,307.96686946051557,584.0325254683365,1.8666666666666667,5.231352645580545e+33
