,ampl,dur,ed,ederr,istart,istop,istart_no_sys_no_thruster,istop_no_sys_no_thruster,corrected,myenerg,myenerg_err,L_bol,L_bol_err,myed,ED_true,count_true,energ_true
0,-0.03479739816075742,0.10216126572777284,-414.1765924449951,567.6656600606076,165,170,165,170,25.0,5.393254385433257e+31,8.84289137725764e+31,1.950113960413546e+31,6.95997016907608e+30,108.77879805740126,411.1917005151666,25.0,2.038689047554053e+32
