,ampl,dur,ed,ederr,istart,istop,istart_no_sys_no_thruster,istop_no_sys_no_thruster,corrected,myenerg,myenerg_err,L_bol,L_bol_err,myed,ED_true,count_true,energ_true
0,0.021653064110098773,0.04086339601781218,53.31935379221436,11.872067348755744,1525,1527,1525,1527,3.0,1.021980092452744e+32,6.17712141624003e+31,3.388909656562385e+31,2.926219821264045e+31,104.09912058947009,250.2143282451504,3.0,2.4564478630076556e+32
1,0.00928287144725742,0.06129493464686675,40.80039159203906,8.469040771119321,1902,1905,1902,1905,4.5,6.611030955865183e+31,3.982412668610714e+31,3.388909656562385e+31,2.926219821264045e+31,67.34010904690412,188.1246512800543,4.5,1.846890227498019e+32
