,ampl,dur,ed,ederr,istart,istop,istart_no_sys_no_thruster,istop_no_sys_no_thruster,corrected,myenerg,myenerg_err,L_bol,L_bol_err,myed,ED_true,count_true,energ_true
0,0.18759214171113486,0.08172620744153393,551.2015359192035,115.16260832795179,2403,2406,2403,2406,,2.7492504562694946e+32,1.4847134405954284e+32,2.5945377341929524e+31,2.240303966236216e+31,398.5470739364295,296.03772162806035,,2.042122234696786e+32
