,ampl,dur,ed,ederr,istart,istop,istart_no_sys_no_thruster,istop_no_sys_no_thruster,corrected,myenerg,myenerg_err,L_bol,L_bol_err,myed,ED_true,count_true,energ_true
0,0.6867538540746584,0.10216126898740184,1096.4936449773309,215.65695732949123,46,51,46,51,1.875,1.7400284940465104e+33,1.0477898962042542e+33,3.388909656562385e+31,2.926219821264045e+31,1772.3969123130191,2585.678310273902,1.875,2.5384573314580665e+33
1,0.030362404575035605,0.040863350848667324,76.47366089636954,16.417172930632912,1399,1401,1399,1401,18.0,1.709562961699666e+32,1.0221637506569927e+32,3.388909656562385e+31,2.926219821264045e+31,174.13646529860773,573.9702149471298,18.0,5.634880775314867e+32
