,ampl,dur,ed,ederr,istart,istop,istart_no_sys_no_thruster,istop_no_sys_no_thruster,corrected,myenerg,myenerg_err,L_bol,L_bol_err,myed,ED_true,count_true,energ_true
0,0.17748182251977201,0.040864030132070184,339.223655283056,74.16887566018669,748,750,748,750,7.5,5.6663014594278825e+32,3.046347864695624e+32,2.5945377341929524e+31,2.240303966236216e+31,821.4194750961367,1888.1304422174935,7.5,1.3024668399875774e+33
1,1.5256130815739204,0.14302338885318022,3671.4734651078857,694.2593939371145,892,899,892,899,1.75,3.518351523792137e+33,1.885790352279947e+33,2.5945377341929524e+31,2.240303966236216e+31,5100.403645253341,8881.960511643094,1.75,6.126938468778556e+33
2,0.012678023543543606,0.08172754988481756,57.852918353609006,10.651439927873119,919,923,919,923,12.0,2.5918568313116487e+32,1.3575610416224256e+32,2.5945377341929524e+31,2.240303966236216e+31,375.73039365175475,1104.43521830338,12.0,7.618595710289883e+32
3,0.020639754759616248,0.10215931366838048,114.78568435725029,16.664493026710108,930,935,930,935,4.0,2.2737820703484307e+32,1.1178687026907409e+32,2.5945377341929524e+31,2.240303966236216e+31,329.6204566739018,1092.77190154068,4.0,7.538140022546999e+32
4,0.13873488262998454,0.08172707933408674,642.6076562271579,124.17664496316245,1221,1225,1221,1225,1.7777777777777777,5.935261634348933e+32,3.157215579510277e+32,2.5945377341929524e+31,2.240303966236216e+31,860.4094807086727,2564.7182737310463,1.7777777777777777,1.769189474812823e+33
5,0.023303740986145648,0.040863148860808,70.91299784328541,17.81498184490484,1753,1755,1753,1755,,1.0460118604675596e+32,5.901881118028727e+31,2.5945377341929524e+31,2.240303966236216e+31,151.63586327373935,257.67663564155254,,1.777500462142455e+32
6,0.1255785435033425,0.04086320881469874,306.4364212977884,66.13889476607518,3051,3053,3051,3053,3.75,3.552289792611272e+32,1.9016493276606347e+32,2.5945377341929524e+31,2.240303966236216e+31,514.9602501259673,1223.3521618812883,3.75,8.438906491048207e+32
