,ampl,dur,ed,ederr,istart,istop,istart_no_sys_no_thruster,istop_no_sys_no_thruster,corrected,myenerg,myenerg_err,L_bol,L_bol_err,myed,ED_true,count_true,energ_true
0,0.025970772116628963,0.04086364420800237,76.86887336989423,19.395403162617647,1014,1016,1014,1016,5.333333333333333,2.2008972665506493e+32,1.1716848847987594e+32,8.357184523416163e+31,2.79025363293769e+31,75.54159653512329,142.5981844812509,5.333333333333333,4.154584610797147e+32
1,0.004601628682553658,0.0408631467653322,11.722046564787009,59.72568239216128,2013,2015,2013,2015,,5.519682578687683e+31,2.4764218164093624e+32,8.357184523416163e+31,2.79025363293769e+31,18.945256586858424,97.14084765193707,,2.8301894039022035e+32
2,0.8639689514323728,0.20431581416778505,4887.926354364896,887.7606073581583,2028,2037,2028,2037,21.0,1.3500429532786452e+34,6.732029063553111e+33,8.357184523416163e+31,2.79025363293769e+31,4633.7646755087535,71.78523285837895,21.0,2.0914559662933424e+32
