,ampl,dur,ed,ederr,istart,istop,istart_no_sys_no_thruster,istop_no_sys_no_thruster,corrected,myenerg,myenerg_err,L_bol,L_bol_err,myed,ED_true,count_true,energ_true
0,0.00800767136915557,0.04086310847196728,15.765877042062213,3.6280274226923197,2519,2521,2519,2521,11.333333333333332,2.4209919827659753e+32,1.2449744370863927e+32,8.357184523416163e+31,2.79025363293769e+31,83.0959274457651,218.37944695571966,11.333333333333332,6.362464521811042e+32
