,ampl,dur,ed,ederr,istart,istop,istart_no_sys_no_thruster,istop_no_sys_no_thruster,corrected,myenerg,myenerg_err,L_bol,L_bol_err,myed,ED_true,count_true,energ_true
0,0.13089264408265902,0.061296503343328375,301.4022835759428,63.498117685203844,265,268,265,268,1.3333333333333333,1.6519930122381128e+33,8.404028828019152e+32,1.3742317915994988e+32,5.53749986589713e+31,318.158289247264,464.4892554863169,1.3333333333333333,2.4117963612971544e+33
1,0.053114508767687765,0.06129472649627132,103.77613953750408,22.11868455215712,1963,1966,1963,1966,1.0476190476190477,7.724335987925656e+32,3.946003730999225e+32,1.3742317915994988e+32,5.53749986589713e+31,148.76343333680379,228.91771205264246,1.0476190476190477,1.1886236300277497e+33
2,0.04453188800469069,0.06129466083075385,103.15504820613941,22.413267786798862,2247,2250,2247,2250,1.3333333333333333,5.421406101364159e+32,2.7889770910167047e+32,1.3742317915994988e+32,5.53749986589713e+31,104.4111735186979,174.05160294181894,1.3333333333333333,9.037389297918475e+32
