,ampl,dur,ed,ederr,istart,istop,istart_no_sys_no_thruster,istop_no_sys_no_thruster,corrected,myenerg,myenerg_err,L_bol,L_bol_err,myed,ED_true,count_true,energ_true
0,0.5319630646690483,0.0612956730692531,796.5445018772565,166.0507039678737,742,745,742,745,2.3333333333333335,2.1766348491193034e+33,1.3128610775643023e+33,3.388909656562385e+31,2.926219821264045e+31,2217.1251212331285,2999.418114535515,2.3333333333333335,2.944641207956092e+33
1,0.033457505104736406,0.1225894908857299,311.2662611163128,596.1111282551686,2754,2759,2754,2759,,1.4619583675706093e+32,3.173736282768012e+32,3.388909656562385e+31,2.926219821264045e+31,148.9154060107632,79.35602117567836,,7.790678095892118e+31
