,ampl,dur,ed,ederr,istart,istop,istart_no_sys_no_thruster,istop_no_sys_no_thruster,corrected,myenerg,myenerg_err,L_bol,L_bol_err,myed,ED_true,count_true,energ_true
0,2.0144522837212647e-05,0.08172636001108913,-0.04418827825661728,0.05098932752748644,1784,1788,1784,1788,,1.4018074477171806e+32,1.8551648406416453e+32,3.3270550844106834e+32,9.95907567321434e+31,9.606659682993927,20.14859343611498,,2.9400904447329253e+32
