,ampl,dur,ed,ederr,istart,istop,istart_no_sys_no_thruster,istop_no_sys_no_thruster,corrected,myenerg,myenerg_err,L_bol,L_bol_err,myed,ED_true,count_true,energ_true
0,0.13991465334114456,0.08172640703560319,459.8538174349373,91.46691660095354,1459,1463,1459,1463,2.571428571428571,1.7686614234445176e+33,9.029305690177883e+32,1.091591113123216e+32,3.141851780902868e+31,455.89904753133106,574.703380921216,2.571428571428571,2.229563113286917e+33
