,ampl,dur,ed,ederr,istart,istop,istart_no_sys_no_thruster,istop_no_sys_no_thruster,corrected,myenerg,myenerg_err,L_bol,L_bol_err,myed,ED_true,count_true,energ_true
0,0.04305139374940668,0.040863459114916616,132.35776257673774,27.51104264674879,1140,1142,1140,1142,6.5,1.758123219111063e+32,9.297236485894355e+31,2.5945377341929524e+31,2.240303966236216e+31,254.86759963921048,460.8874589378952,6.5,3.179285809976879e+32
1,0.12802184895980154,0.06129501346003963,361.7735153186985,71.16640504505642,1340,1343,1340,1343,4.333333333333333,4.482199376152206e+32,2.3731662819609127e+32,2.5945377341929524e+31,2.240303966236216e+31,649.765263143433,1244.2551766253741,4.333333333333333,8.583099301837108e+32
2,0.08949013589087079,0.04086312092113077,226.96118479147702,48.11407432489837,1613,1615,1613,1615,4.0,2.5086581167537657e+32,1.3350962153332948e+32,2.5945377341929524e+31,2.240303966236216e+31,363.6694320297605,1354.8284373186177,4.0,9.345853835221525e+32
3,0.2015140046775814,0.2247473700263072,806.7089247902327,324.10666722819315,1888,1899,1888,1899,1.6666666666666667,6.2028718057374315e+32,4.613472811528938e+32,2.5945377341929524e+31,2.240303966236216e+31,899.203782086087,1905.5108827515235,1.6666666666666667,1.3144561850846054e+33
4,7.035386073956329,0.2860424655591487,39182.21785702776,6744.78713357885,2872,2886,2872,2886,2.2857142857142856,3.1103862031906686e+34,1.634216346765576e+34,2.5945377341929524e+31,2.240303966236216e+31,45089.93777802129,18290.260157446017,2.2857142857142856,1.261695527870489e+34
