,ampl,dur,ed,ederr,istart,istop,istart_no_sys_no_thruster,istop_no_sys_no_thruster,corrected,myenerg,myenerg_err,L_bol,L_bol_err,myed,ED_true,count_true,energ_true
0,0.13214073897524645,0.08172763638867764,382.5315930710624,80.08433198300695,779,782,779,782,2.3333333333333335,1.5756205079133674e+33,7.99746540620465e+32,1.3742317915994988e+32,5.53749986589713e+31,303.44966448827023,641.6542439904572,2.3333333333333335,3.331701115985554e+33
1,0.09646347636445468,0.10215789331414273,330.09901929860746,65.57853402863452,2544,2548,2544,2548,1.6923076923076923,2.2170958786137367e+33,1.1173274994919632e+33,1.3742317915994988e+32,5.53749986589713e+31,426.9917769695953,523.5619864106804,1.6923076923076923,2.7185233648014644e+33
2,0.004785909822581953,0.040863062888092834,11.895704253050528,19.408782512520915,2771,2773,2771,2773,,1.5883920496984654e+32,2.6342670684656977e+32,1.3742317915994988e+32,5.53749986589713e+31,30.590934310391503,37.85166968179402,,1.9653957143097342e+32
3,0.047629638607859584,0.04086313594598323,113.934998245968,25.101927260185505,2991,2993,2991,2993,1.7142857142857142,9.453126247253057e+32,4.784785105495933e+32,1.3742317915994988e+32,5.53749986589713e+31,182.05830488288638,382.9117505368967,1.7142857142857142,1.9882164242441044e+33
