,ampl,dur,ed,ederr,istart,istop,istart_no_sys_no_thruster,istop_no_sys_no_thruster,corrected,myenerg,myenerg_err,L_bol,L_bol_err,myed,ED_true,count_true,energ_true
0,0.15789696652623306,0.14302397150458998,920.9700431086552,163.88573783807684,665,672,665,672,3.0,2.9095929847759264e+32,1.4092931324307695e+32,1.2304387258962846e+31,7.082974670228428e+30,1024.3965612859051,1166.480030154324,3.0,3.3131525825875794e+32
1,0.024556285619537536,0.06129537621018244,110.19266737108082,22.45937402620761,1142,1145,1142,1145,3.0,4.946489981292007e+31,2.4456306120021066e+31,1.2304387258962846e+31,7.082974670228428e+30,174.1538199254679,437.5872548404607,3.0,1.2428788371887306e+32
2,0.05816521262724364,0.04086339833884267,152.6177347985547,36.164262652517706,1426,1428,1426,1428,3.142857142857143,5.368894685276073e+31,2.7455543284340424e+31,1.2304387258962846e+31,7.082974670228428e+30,189.02565693141227,473.8666146572041,3.142857142857143,1.3459230827516531e+32
3,0.026127076854456446,0.04086306202225387,77.99768274233395,16.922639406925875,2004,2006,2004,2006,,3.3034789618623695e+31,1.6354026999980443e+31,1.2304387258962846e+31,7.082974670228428e+30,116.3074184780782,246.21239554116414,,6.993169304787509e+31
