,ampl,dur,ed,ederr,istart,istop,istart_no_sys_no_thruster,istop_no_sys_no_thruster,corrected,myenerg,myenerg_err,L_bol,L_bol_err,myed,ED_true,count_true,energ_true
0,0.2354083032492013,0.06129665316984756,721.2861924478083,147.9274303161173,238,241,238,241,2.4,1.8672681239683e+33,1.1452643856891356e+33,6.761763726573059e+31,2.257582772077468e+31,869.4179565873276,567.5103846119356,2.4,1.2188545718176891e+33
1,0.12018976771416455,0.14302407674404094,503.66745789334914,92.00382738831676,566,573,566,573,3.25,1.4336375582052498e+33,8.696376450095829e+32,6.761763726573059e+31,2.257582772077468e+31,667.5154041042337,1127.500000756698,3.25,2.421556623296804e+33
2,0.12391691089759127,0.28604521039960673,1366.3229500626835,227.4333332087424,1064,1076,1064,1076,1.4444444444444444,2.5101966981107044e+33,1.495202017440814e+33,6.761763726573059e+31,2.257582772077468e+31,1168.7716701689465,2209.0453334939084,1.4444444444444444,4.744415392368055e+33
3,0.047404499747013364,0.040863274938601535,117.40468718153838,38.06409078296673,1597,1599,1599,1599,,2.3997534875433365e+31,6.486776899329174e+31,6.761763726573059e+31,2.257582772077468e+31,11.173482515297628,172.59165723667047,,3.706789094693917e+32
4,0.17659606711811074,0.20431622929754667,815.9985986683718,148.08471139554678,1715,1725,1715,1725,2.2857142857142856,1.9501778132533855e+33,1.1871830791677592e+33,6.761763726573059e+31,2.257582772077468e+31,908.0215035093083,1327.040936498534,2.2857142857142856,2.850115092689439e+33
5,0.0399827461234196,0.10215767593763304,287.9246361299804,555.5839428734155,2205,2209,2205,2209,2.0,3.0336417341668575e+32,6.557598831599192e+32,6.761763726573059e+31,2.257582772077468e+31,141.24927018687552,433.69926008513755,2.0,9.314654679141907e+32
6,-0.2843715172109279,0.08172611844929634,-2396.0761780009802,5092.939960148026,2216,2219,2216,2219,4.0,2.261969900980223e+32,5.149354195263732e+32,6.761763726573059e+31,2.257582772077468e+31,105.31948914721855,319.39464212472177,4.0,6.859709184599198e+32
7,0.009367402849335307,0.04086310310958652,31.71695166893669,9.023980491003776,2292,2294,2292,2294,,1.6098557533969405e+32,1.075434280089648e+32,6.761763726573059e+31,2.257582772077468e+31,74.9564286752898,172.59165723667047,,3.706789094693917e+32
8,0.2078066332773995,0.4494958804643829,1936.0203713406436,310.89988934649534,3093,3113,3093,3113,1.5,4.635249105342433e+33,2.74611655106281e+33,6.761763726573059e+31,2.257582772077468e+31,2158.216462708958,3125.224370757358,1.5,6.712113320813326e+33
