,ampl,dur,ed,ederr,istart,istop,istart_no_sys_no_thruster,istop_no_sys_no_thruster,corrected,myenerg,myenerg_err,L_bol,L_bol_err,myed,ED_true,count_true,energ_true
0,0.002335707705669957,0.04086428030132083,7.1128310456154535,1.9982380335471133,286,288,286,288,4.166666666666667,8.291518300855124e+32,5.449107845310256e+32,8.054896999449552e+32,2.967533721045604e+32,18.909369648150363,51.17891103632115,4.166666666666667,2.2441302136002262e+33
1,0.025158953468750408,0.24518048468598866,50.3246330464879,9.308682765640713,1322,1334,1322,1334,1.6666666666666667,5.508793958883085e+33,3.3357109875987185e+33,8.054896999449552e+32,2.967533721045604e+32,125.63178118207232,178.44438827723945,1.6666666666666667,7.8245596686527e+33
2,0.03864257254348297,0.040863048743631225,79.4538183262267,18.57243267783235,1953,1955,1953,1955,5.0,3.441938761978897e+33,2.1294099715486194e+33,8.054896999449552e+32,2.967533721045604e+32,78.49574709356142,65.5638777039079,5.0,2.874892722350238e+33
