,ampl,dur,ed,ederr,istart,istop,istart_no_sys_no_thruster,istop_no_sys_no_thruster,corrected,myenerg,myenerg_err,L_bol,L_bol_err,myed,ED_true,count_true,energ_true
0,0.2907414760535782,0.326911924254091,1164.164708078862,198.39662806459413,599,615,599,601,2.25,1.0627043918772553e+33,6.374771301447586e+32,3.388909656562385e+31,2.926219821264045e+31,1082.4730682912516,1400.0745230192406,2.25,1.374505646516162e+33
1,0.036606551678211634,0.04086359310167609,105.30914687793629,22.14002392982841,1196,1198,606,615,4.0,2.5256034865324422e+32,4.2595320623356844e+32,3.388909656562385e+31,2.926219821264045e+31,257.2585355109388,498.6775461976978,4.0,4.895704419800661e+32
2,0.056600164427945576,0.0408634283739957,138.96118320354518,31.281977487441306,1296,1298,1196,1198,,1.6794291249648297e+32,9.980593302178243e+31,3.388909656562385e+31,2.926219821264045e+31,171.06702595507355,198.76657771061872,,1.9513660088091212e+32
