,ampl,dur,ed,ederr,istart,istop,istart_no_sys_no_thruster,istop_no_sys_no_thruster,corrected,myenerg,myenerg_err,L_bol,L_bol_err,myed,ED_true,count_true,energ_true
0,0.02726003046596472,0.04086330474819988,56.92201580340714,12.440076097252676,1336,1338,1336,1338,1.4,3.512360289545789e+32,1.772730995851434e+32,1.3742317915994988e+32,5.53749986589713e+31,67.64474986658372,124.81150006795038,1.4,6.480664905730846e+32
