,ampl,dur,ed,ederr,istart,istop,istart_no_sys_no_thruster,istop_no_sys_no_thruster,corrected,myenerg,myenerg_err,L_bol,L_bol_err,myed,ED_true,count_true,energ_true
0,0.029162626735690644,0.04086323139927117,80.66450120925896,18.683590095571407,1685,1687,1685,1687,7.0,3.469160002255279e+32,1.809960110941326e+32,1.091591113123216e+32,3.141851780902868e+31,89.42280980391304,188.1673958403402,7.0,7.299958531936888e+32
1,0.01756690498728257,0.061294655075471376,65.22203844297695,13.31409570546838,2396,2399,2396,2399,5.333333333333333,3.88892841127307e+32,1.981008199747495e+32,1.091591113123216e+32,3.141851780902868e+31,100.2429710466596,212.31309598473038,5.333333333333333,8.236691534971002e+32
2,0.010865097981507851,0.0408632253529504,23.202814393151716,5.494086721842371,2994,2996,2994,2996,,1.9855357631369703e+32,1.0442832803915353e+32,1.091591113123216e+32,3.141851780902868e+31,51.180166608181544,137.87004189782115,,5.348671506855861e+32
