,ampl,dur,ed,ederr,istart,istop,istart_no_sys_no_thruster,istop_no_sys_no_thruster,corrected,myenerg,myenerg_err,L_bol,L_bol_err,myed,ED_true,count_true,energ_true
0,0.009912161494223377,0.04086379753425717,26.5765068913974,6.2117918614404095,682,684,682,684,10.0,1.7407746177508894e+32,9.003144270794117e+31,8.357184523416163e+31,2.79025363293769e+31,59.74876512015284,260.2364091148595,10.0,7.581963153393868e+32
1,0.13310217243820968,0.08172649237531003,284.9799563854897,59.6331575829951,1648,1652,1648,1652,5.0,1.0454286896698512e+33,5.368406448957134e+32,8.357184523416163e+31,2.79025363293769e+31,358.8234375203405,345.63648041610634,5.0,1.0070086149348206e+33
2,0.048667637598052114,0.04086324141098885,70.13551591630424,39.95207945455913,1660,1662,1660,1662,2.4,3.9169937185679105e+32,3.1001446005801126e+32,8.357184523416163e+31,2.79025363293769e+31,134.44333073411082,327.1583465701747,2.4,9.53172746833252e+32
3,0.008747754731877956,0.04086315185850253,26.117179621530205,8.357293183300202,2780,2782,2780,2782,19.0,2.0672503256429963e+32,1.2147630501279582e+32,8.357184523416163e+31,2.79025363293769e+31,70.95442045851243,112.00839728417674,19.0,3.263354055521503e+32
4,0.013573304972509078,0.04086330846621422,41.24093923998162,9.135119762929103,2968,2970,2968,2970,10.0,1.984508962079706e+32,1.0065609571522749e+32,8.357184523416163e+31,2.79025363293769e+31,68.11448113101261,260.2364091148595,10.0,7.581963153393868e+32
5,0.10162402792966688,0.18388462000439176,428.2940491722182,78.16038177647067,3071,3079,3071,3079,2.25,1.3667239982263178e+33,6.811827915015641e+32,8.357184523416163e+31,2.79025363293769e+31,469.1019177405439,811.3487731332916,2.25,2.3638569727315996e+33
