,ampl,dur,ed,ederr,istart,istop,istart_no_sys_no_thruster,istop_no_sys_no_thruster,corrected,myenerg,myenerg_err,L_bol,L_bol_err,myed,ED_true,count_true,energ_true
0,0.5314889481984102,0.12258940217725467,1872.3919075296951,354.7561407929924,2432,2438,2432,2438,1.8461538461538463,2.3463925557975245e+33,1.4032322688479648e+33,3.388909656562385e+31,2.926219821264045e+31,2390.0407005970696,3442.082059975968,1.8461538461538463,3.379220998183918e+33
1,0.011843616775800495,0.06129465391859412,48.738862459513776,64.40586466840989,2483,2486,2483,2486,,6.9043201054711095e+31,1.0819299960226966e+32,3.388909656562385e+31,2.926219821264045e+31,70.32755887864556,132.9086753610709,,1.3048142920336884e+32
2,0.14761427882547884,0.040863206777430605,259.60011113801295,58.8805943359931,2539,2541,2539,2541,2.3333333333333335,3.5255132814597806e+32,2.1428694854963227e+32,3.388909656562385e+31,2.926219821264045e+31,359.1095706626303,724.1386741013017,2.3333333333333335,7.109140835350289e+32
