,ampl,dur,ed,ederr,istart,istop,istart_no_sys_no_thruster,istop_no_sys_no_thruster,corrected,myenerg,myenerg_err,L_bol,L_bol_err,myed,ED_true,count_true,energ_true
0,0.006541724324015978,0.06129610474454239,24.12975219653212,5.496645148759941,607,610,607,610,1.5555555555555554,3.260611407509824e+32,1.7070823563549313e+32,1.3742317915994988e+32,5.53749986589713e+31,62.79630359380196,142.87489399901105,1.5555555555555554,7.418581708779321e+32
1,0.003071475478340539,0.04086401068343548,7.013541906859166,1.5126434595569085,669,671,669,671,12.0,1.0451123662152126e+32,5.250307964416703e+31,1.3742317915994988e+32,5.53749986589713e+31,20.127879479084932,58.16099154805135,12.0,3.0199292260950264e+32
2,0.042214560503730895,0.040863389724108856,124.11461203078751,27.849352924320478,1462,1464,1462,1464,1.4545454545454546,8.415924542106012e+32,4.287737245869859e+32,1.3742317915994988e+32,5.53749986589713e+31,162.0827772826301,221.4115973520339,1.4545454545454546,1.149649165261169e+33
3,0.0262222548947858,0.04086324525269447,53.16934379381829,13.235543792174878,2101,2103,2101,2103,3.0,3.5380138046256576e+32,1.8734567340892158e+32,1.3742317915994988e+32,5.53749986589713e+31,68.13881239654154,124.62029975060338,3.0,6.4707370931020364e+32
4,6.187006402764307e-14,0.04086312617437216,-1.6712799615766671,0.4331022089615594,2727,2729,2727,2729,,1.3709318501398856e+32,7.373698961313378e+31,1.3742317915994988e+32,5.53749986589713e+31,26.40285575567701,36.713877698260795,,1.9063174356760243e+32
5,0.01623582698578425,0.061294801882468164,48.69235933346592,10.103791069856833,2774,2777,2774,2777,1.7999999999999998,4.912290082692593e+32,2.4854845424731482e+32,1.3742317915994988e+32,5.53749986589713e+31,94.60607868300762,175.94638622641105,1.7999999999999998,9.135773305239405e+32
