,ampl,dur,ed,ederr,istart,istop,istart_no_sys_no_thruster,istop_no_sys_no_thruster,corrected,myenerg,myenerg_err,L_bol,L_bol_err,myed,ED_true,count_true,energ_true
0,0.20054426894778887,0.0408632166145253,388.7305435219598,86.82946679827722,2579,2581,2579,2581,3.5,2.1475071248521657e+33,1.0923258811472704e+33,1.3742317915994988e+32,5.53749986589713e+31,413.5896386532625,837.4783296624927,3.5,4.3484906578312e+33
