,ampl,dur,ed,ederr,istart,istop,istart_no_sys_no_thruster,istop_no_sys_no_thruster,corrected,myenerg,myenerg_err,L_bol,L_bol_err,myed,ED_true,count_true,energ_true
0,0.023473235315440814,0.06129640136350645,68.45862620131015,14.413691478887449,388,391,388,391,1.7,9.274328635834069e+32,4.513256913976296e+32,2.500690771102743e+32,4.606442633383174e+31,84.59434238365507,109.55686971194014,1.7,1.2011044537868626e+33
1,0.008380440273009096,0.040863592410460114,24.086111440540872,5.6179783573400615,995,997,995,997,1.5,4.1798075332921674e+32,2.0679419514471e+32,2.500690771102743e+32,4.606442633383174e+31,38.12546260253361,76.95394607940342,1.5,8.436689329977452e+32
2,0.08203578315140601,0.061294840816117364,132.44103562413312,27.973757820066105,2005,2008,2005,2008,1.1,2.090559926965956e+33,1.0185637848880826e+33,2.500690771102743e+32,4.606442633383174e+31,190.68716365300807,263.1834682343081,1.1,2.8853584142231945e+33
3,0.01865453267633568,0.061294934297620784,63.955290447852754,13.636076706047485,3233,3236,3233,3236,1.4615384615384615,6.810719887155538e+32,3.330095410298971e+32,2.500690771102743e+32,4.606442633383174e+31,62.12291936551475,106.27679734697217,1.4615384615384615,1.1651440476830283e+33
