,ampl,dur,ed,ederr,istart,istop,istart_no_sys_no_thruster,istop_no_sys_no_thruster,corrected,myenerg,myenerg_err,L_bol,L_bol_err,myed,ED_true,count_true,energ_true
0,0.003315599907751364,0.04086344851384638,10.119110163666052,2.680671206382037,1358,1360,1358,1360,1.5454545454545454,1.1182405971910889e+33,6.437505297837123e+32,1.399780668113429e+33,3.706581214838105e+32,13.466735279251843,23.781792293588264,1.5454545454545454,1.9747745140301008e+33
1,0.008646144324084936,0.0408631056707236,14.685917722165534,3.5096913002069017,2411,2413,2411,2413,1.7,2.012775130854398e+33,1.1161064033166468e+33,1.399780668113429e+33,3.706581214838105e+32,24.23942569422364,43.30408233083989,1.7,3.595851695477951e+33
