,ampl,dur,ed,ederr,istart,istop,istart_no_sys_no_thruster,istop_no_sys_no_thruster,corrected,myenerg,myenerg_err,L_bol,L_bol_err,myed,ED_true,count_true,energ_true
0,0.07854369055348723,0.06129609309573425,239.31317820533417,54.21832881310743,466,469,466,469,1.5555555555555554,7.525845644172483e+32,4.7558086870779634e+32,6.761763726573059e+31,2.257582772077468e+31,350.41059489853745,1070.7752660487686,1.5555555555555554,2.2997276592661587e+33
1,0.008390087810243807,0.04086379753425717,18.009177415711807,29.50559261526681,639,641,639,641,8.0,9.98563060335348e+31,1.7708955901164967e+32,6.761763726573059e+31,2.257582772077468e+31,46.494054297640076,330.00044782034934,8.0,7.087492413072897e+32
2,0.0942315487411719,0.04086388681753306,223.1411272746031,49.37115030419686,650,652,650,652,14.0,7.27370370595478e+32,4.4833602338732846e+32,6.761763726573059e+31,2.257582772077468e+31,338.67062430292066,410.08616308887287,14.0,8.807510986108833e+32
3,0.11665024751554515,0.04086377494240878,268.9746563266541,58.962297594788396,895,897,895,897,2.875,8.855006490386163e+32,5.4432647948055455e+32,6.761763726573059e+31,2.257582772077468e+31,412.2975993441079,993.3178219605261,2.875,2.133370597953836e+33
4,0.3596645668278594,0.14302086950920054,416.37986249903963,80.18162514516021,2207,2214,2207,2214,2.2,1.7988280928603237e+33,1.1078197896521182e+33,6.761763726573059e+31,2.257582772077468e+31,837.5516213616104,1507.061024162542,2.2,3.236748206052353e+33
5,0.1297738623748956,0.040863093883672263,183.9689241930881,41.24030611131482,2883,2885,2883,2885,6.5,6.401521101534233e+32,3.960999504522408e+32,6.761763726573059e+31,2.257582772077468e+31,298.0609653057536,674.7002556985814,6.5,1.4490686224660218e+33
6,0.3303644249382361,0.10215819549921434,738.276030158594,144.13265723013936,3002,3007,3002,3007,1.7777777777777777,2.2108597823433e+33,1.3573434251251894e+33,6.761763726573059e+31,2.257582772077468e+31,1029.397529788629,1829.3219101108252,1.7777777777777777,3.928875019598987e+33
7,0.05110811141717588,0.10215810656518444,127.8463811555032,132.37911459112027,3013,3018,3013,3018,2.0,4.681290686977493e+32,6.464681954260549e+32,6.761763726573059e+31,2.257582772077468e+31,217.96538649274095,487.55079669139036,2.0,1.0471236010016085e+33
