,ampl,dur,ed,ederr,istart,istop,istart_no_sys_no_thruster,istop_no_sys_no_thruster,corrected,myenerg,myenerg_err,L_bol,L_bol_err,myed,ED_true,count_true,energ_true
0,0.002854341475204785,0.04086307145189494,4.491787843285894,6.510226815599662,1884,1886,1884,1886,,2.5982632830958464e+31,4.0078298082411656e+31,2.5945377341929524e+31,2.240303966236216e+31,37.66591095521501,36.61451812482878,,2.5257362867210367e+31
