,ampl,dur,ed,ederr,istart,istop,istart_no_sys_no_thruster,istop_no_sys_no_thruster,corrected,myenerg,myenerg_err,L_bol,L_bol_err,myed,ED_true,count_true,energ_true
0,0.2241439895762452,0.04086315102176742,427.6578384839315,94.70213856627278,3016,3018,3016,3018,2.0,3.1886701733009107e+32,1.721602005063056e+32,2.5945377341929524e+31,2.240303966236216e+31,462.2478699310152,670.4838090186709,2.0,4.6251196870157196e+32
