,ampl,dur,ed,ederr,istart,istop,istart_no_sys_no_thruster,istop_no_sys_no_thruster,corrected,myenerg,myenerg_err,L_bol,L_bol_err,myed,ED_true,count_true,energ_true
0,0.07114715081388304,0.16345271313912235,309.1241585439656,56.306295824322575,2851,2859,2851,2859,1.3636363636363638,8.793812548618224e+32,5.341851826577421e+32,6.761763726573059e+31,2.257582772077468e+31,409.44835069446356,642.3509549117681,1.3636363636363638,1.3795913155686784e+33
