,ampl,dur,ed,ederr,istart,istop,istart_no_sys_no_thruster,istop_no_sys_no_thruster,corrected,myenerg,myenerg_err,L_bol,L_bol_err,myed,ED_true,count_true,energ_true
0,0.6041400240514445,0.1225928939966252,1893.0282018069995,363.24892848044334,401,407,401,407,1.8333333333333335,5.110228884082843e+33,3.134505268292397e+33,6.761763726573059e+31,2.257582772077468e+31,2379.3716055361047,4448.616017981697,1.8333333333333335,9.55439075442842e+33
1,0.1827693351138328,0.061296152693103075,382.219266812048,80.23503748662111,589,592,589,592,5.666666666666666,9.122281200169353e+32,5.633192749676184e+32,6.761763726573059e+31,2.257582772077468e+31,424.74216630502906,1136.7730230077693,5.666666666666666,2.4414724977402544e+33
2,0.0995298589411018,0.04086350136640249,148.4582340092862,33.11072851384243,1157,1159,1157,1159,,5.121556011784645e+32,3.164244936649412e+32,6.761763726573059e+31,2.257582772077468e+31,238.46456248877422,170.03091360060665,,3.651791438744349e+32
