,ampl,dur,ed,ederr,istart,istop,istart_no_sys_no_thruster,istop_no_sys_no_thruster,corrected,myenerg,myenerg_err,L_bol,L_bol_err,myed,ED_true,count_true,energ_true
0,0.03880494149422749,0.040863334194000345,113.15433419576412,27.202059014489397,3232,3234,3232,3234,15.0,1.641107165464822e+32,9.11451582116809e+31,2.5945377341929524e+31,2.240303966236216e+31,237.9042830821663,276.046105416982,15.0,1.9042164173311854e+32
