,ampl,dur,ed,ederr,istart,istop,istart_no_sys_no_thruster,istop_no_sys_no_thruster,corrected,myenerg,myenerg_err,L_bol,L_bol_err,myed,ED_true,count_true,energ_true
0,0.003207694791364181,0.04086322872171877,6.46057846163936,12.020988893642974,1436,1438,1436,1438,,3.3774273482056603e+31,6.5584731012010625e+31,3.388909656562385e+31,2.926219821264045e+31,34.40255044100015,149.21255012234815,,1.464875542710128e+32
1,0.09225737221422814,0.061294964129047,250.57635614540092,52.34308341652349,2801,2804,2801,2804,7.0,2.3151399869000655e+32,1.3972579636427802e+32,3.388909656562385e+31,2.926219821264045e+31,235.82067640809555,491.51135148894224,7.0,4.825351199816503e+32
