,ampl,dur,ed,ederr,istart,istop,istart_no_sys_no_thruster,istop_no_sys_no_thruster,corrected,myenerg,myenerg_err,L_bol,L_bol_err,myed,ED_true,count_true,energ_true
0,0.1638769391150235,0.040863475755031686,417.13920638371974,92.20430845180124,1406,1408,1406,1408,19.5,2.6671862458124124e+32,1.5174380909692358e+32,1.950113960413546e+31,6.95997016907608e+30,537.9559228623318,3630.4754794929063,19.5,1.799990269303293e+33
