,ampl,dur,ed,ederr,istart,istop,istart_no_sys_no_thruster,istop_no_sys_no_thruster,corrected,myenerg,myenerg_err,L_bol,L_bol_err,myed,ED_true,count_true,energ_true
0,0.13654823098422222,0.04086435155477375,151.6646582360296,36.37684580891961,208,210,208,210,1.8888888888888888,8.376764537102684e+32,4.3742394039460284e+32,8.357184523416163e+31,2.79025363293769e+31,287.51644910863325,974.2184844450325,1.8888888888888888,2.838376335402518e+33
1,0.017662278434368694,0.04086370590812294,47.41373409938839,13.891964075415153,875,877,875,877,,2.7331877031590174e+32,1.5458338969103558e+32,8.357184523416163e+31,2.79025363293769e+31,93.8114494777793,97.85802764157499,,2.8510843750335727e+32
2,0.05148787799741535,0.040863010741304606,141.60085112449698,39.302196303782615,2341,2343,2341,2343,5.0,5.663519905624088e+32,3.131778126381215e+32,8.357184523416163e+31,2.79025363293769e+31,194.38950748928502,466.40878312970534,5.0,1.3588775760227686e+33
3,0.21938780552589188,0.040863110967620735,304.0476556415363,69.95468175857678,2366,2368,2366,2368,4.5,1.506467289770766e+33,7.746375535537377e+32,8.357184523416163e+31,2.79025363293769e+31,517.0661344660494,1259.4062682125825,4.5,3.6692682446776975e+33
