,ampl,dur,ed,ederr,istart,istop,istart_no_sys_no_thruster,istop_no_sys_no_thruster,corrected,myenerg,myenerg_err,L_bol,L_bol_err,myed,ED_true,count_true,energ_true
0,1.0977098246027452,0.14302103039517533,2646.3074311133137,502.67688499125865,1993,2000,1993,2000,8.5,3.6204461037325344e+33,2.1733962664411367e+33,3.388909656562385e+31,2.926219821264045e+31,3687.7944915307367,503.140960835979,8.5,4.9395234345901764e+32
