,ampl,dur,ed,ederr,istart,istop,istart_no_sys_no_thruster,istop_no_sys_no_thruster,corrected,myenerg,myenerg_err,L_bol,L_bol_err,myed,ED_true,count_true,energ_true
0,0.2659614760891821,0.08172647257742938,1053.3917659159397,208.76066240796692,1691,1695,1691,1695,4.5,5.5883343725966744e+32,3.161362371503774e+32,1.950113960413546e+31,6.95997016907608e+30,1127.1344771642807,3236.9909448492413,4.5,1.6049005799552576e+33
1,0.024248249327729447,0.04086320683563826,68.14643405235842,17.522415064551545,2313,2315,2313,2315,16.0,7.635692330018948e+31,4.5691612039569565e+31,1.950113960413546e+31,6.95997016907608e+30,154.0074646282152,451.42036688770327,16.0,2.238142833777473e+32
