,ampl,dur,ed,ederr,istart,istop,istart_no_sys_no_thruster,istop_no_sys_no_thruster,corrected,myenerg,myenerg_err,L_bol,L_bol_err,myed,ED_true,count_true,energ_true
0,0.014088313439659559,0.08172664336598245,37.21459477245728,64.92158223355432,1606,1610,1606,1610,,8.122721543490772e+32,1.5061366150121956e+33,2.897743840299961e+32,8.673992300987034e+31,68.45921082169639,131.9503833860329,,1.56559827222244e+33
1,0.034497643025713946,0.08172663672303315,180.4482741285821,33.70234755626349,3112,3116,3112,3116,2.3333333333333335,2.4518077674942084e+33,1.1301197929026175e+33,2.897743840299961e+32,8.673992300987034e+31,206.6411164662738,379.8087137099438,2.3333333333333335,4.5064504603952317e+33
