,ampl,dur,ed,ederr,istart,istop,istart_no_sys_no_thruster,istop_no_sys_no_thruster,corrected,myenerg,myenerg_err,L_bol,L_bol_err,myed,ED_true,count_true,energ_true
0,0.007143616498688667,0.040863793226890266,13.602160851213204,3.27799780546816,795,797,795,797,2.875,7.181668016686499e+32,3.5052885445468444e+32,3.3270550844106834e+32,9.95907567321434e+31,49.21634615717099,113.56596830020592,2.875,1.6571589441464193e+33
1,0.003200517001102304,0.040863696827727836,9.021028140213485,2.2466737661639344,911,913,911,913,,4.007492823452684e+32,1.9823757851560445e+32,3.3270550844106834e+32,9.95907567321434e+31,27.463557708760028,30.205463394597697,,4.4075927476906015e+32
2,0.05228476956778058,0.040863480884581804,88.46044698791654,20.3410478592358,1372,1374,1372,1374,1.625,1.9433962502554736e+33,9.310218003721918e+32,3.3270550844106834e+32,9.95907567321434e+31,133.18196044552246,224.84030971800263,1.625,3.2808783813554075e+33
3,0.06129011059578913,0.18388458251138212,201.97082525348603,37.72896245109522,1730,1739,1730,1739,1.3636363636363638,2.7223396221356164e+33,1.2755193377316303e+33,3.3270550844106834e+32,9.95907567321434e+31,186.56335671476273,279.06985992340054,1.3636363636363638,4.072198047845228e+33
4,0.007627567320436727,0.04086313094012439,21.838600859613447,6.533578691399372,2077,2079,2077,2079,3.666666666666667,5.6786726693866466e+32,3.0414743556440303e+32,3.3270550844106834e+32,9.95907567321434e+31,38.91624051131626,109.88094322724105,3.666666666666667,1.6033869176276572e+33
5,0.012736216459036092,0.06129467795108212,30.69777427750451,6.448193650030508,2167,2170,2167,2170,3.0,8.726927347978124e+32,4.1298635293363644e+32,3.3270550844106834e+32,9.95907567321434e+31,59.80608909359488,102.53111881316185,3.0,1.4961379992412945e+33
