,ampl,dur,ed,ederr,istart,istop,istart_no_sys_no_thruster,istop_no_sys_no_thruster,corrected,myenerg,myenerg_err,L_bol,L_bol_err,myed,ED_true,count_true,energ_true
0,0.05952128157397508,0.06129471008171095,222.13917149525392,44.36164767495096,1821,1824,1821,1824,10.5,7.751530409613854e+32,4.718140707903203e+32,6.761763726573059e+31,2.257582772077468e+31,360.91869414172135,717.7292154695508,10.5,1.5414828685476477e+33
1,1.0806358004546393,0.061294656065001625,1260.2793141766322,264.14362713024485,2096,2099,2096,2099,3.0,4.774433854131604e+33,2.946954979165865e+33,6.761763726573059e+31,2.257582772077468e+31,2223.022217344362,4003.47516980127,3.0,8.598351935370472e+33
2,0.6774826563266694,0.14302096240135145,7743.418060147909,12346.941379058235,2103,2110,2103,2110,4.0,1.2361230191443962e+33,2.3823189352072897e+33,6.761763726573059e+31,2.257582772077468e+31,575.550739393077,1145.264304354166,4.0,2.4597094099982087e+33
3,0.0208162017142752,0.04086300107155694,62.769290030178176,15.273942176963198,2188,2190,2188,2190,,4.143682565310988e+32,2.6287812346000194e+32,6.761763726573059e+31,2.257582772077468e+31,192.93383646602507,499.6700274032222,,1.0731523401411229e+33
4,0.2190269495850852,0.04086322725197533,462.50984671177423,102.9363218296788,2497,2499,2497,2499,2.5,1.2252763385587673e+33,7.56540522489772e+32,6.761763726573059e+31,2.257582772077468e+31,570.5004208290394,1781.1233697533153,2.5,3.825357951255186e+33
5,0.08034002165881934,0.04086323692899897,217.37156775752743,48.15427794143231,2874,2876,2874,2876,4.0,7.333255581507692e+32,4.521710492490107e+32,6.761763726573059e+31,2.257582772077468e+31,341.44341677388746,1136.3808658783425,4.0,2.4406302532227386e+33
