,ampl,dur,ed,ederr,istart,istop,istart_no_sys_no_thruster,istop_no_sys_no_thruster,corrected,myenerg,myenerg_err,L_bol,L_bol_err,myed,ED_true,count_true,energ_true
0,0.0364983737394188,0.061294996230571996,75.10048647101176,16.092061362639708,1499,1502,1499,1502,1.5,2.0229826479663842e+33,1.1043821570207431e+33,4.227270036854636e+32,1.5087155904928934e+32,101.65159636812376,160.4934250234702,1.5,3.194002116399491e+33
1,0.05544983983998451,0.04086316574102966,76.90534267153551,17.315763461165012,1936,1938,1936,1938,1.4615384615384615,2.597415948663006e+33,1.413490517825746e+33,4.227270036854636e+32,1.5087155904928934e+32,130.5159378796642,200.9222930306882,1.4615384615384615,3.9985826776268823e+33
2,0.05720402318215211,0.08172621938138036,176.68241601223926,35.888252984768904,2510,2514,2510,2514,1.1428571428571428,4.1842818707369887e+33,2.2680061091165176e+33,4.227270036854636e+32,1.5087155904928934e+32,210.2533762423463,290.03661092571167,1.1428571428571428,5.772059191799211e+33
3,0.005519152562500308,0.04086312476283638,16.249573392880652,4.477457352913786,3024,3026,3024,3026,10.5,4.316101432602483e+32,2.526349013657015e+32,4.227270036854636e+32,1.5087155904928934e+32,21.687709538775977,45.50250555894037,10.5,9.055517323247458e+32
4,0.024000520051956933,0.04086339636705817,55.43162772814783,13.557295659914011,3196,3198,3196,3198,1.3333333333333333,1.0681668139235627e+33,5.982241211863174e+32,4.227270036854636e+32,1.5087155904928934e+32,53.67364961431297,100.28849321493352,1.3333333333333333,1.995855341314889e+33
