,ampl,dur,ed,ederr,istart,istop,istart_no_sys_no_thruster,istop_no_sys_no_thruster,corrected,myenerg,myenerg_err,L_bol,L_bol_err,myed,ED_true,count_true,energ_true
0,0.3696493951415039,0.14302409409719985,1903.5155214121087,362.46935576518285,463,470,463,470,2.25,1.6108817263357837e+33,9.677347976372e+32,3.388909656562385e+31,2.926219821264045e+31,1640.8477261307955,3009.5622097034147,2.25,2.9546000464734927e+33
