,ampl,dur,ed,ederr,istart,istop,istart_no_sys_no_thruster,istop_no_sys_no_thruster,corrected,myenerg,myenerg_err,L_bol,L_bol_err,myed,ED_true,count_true,energ_true
0,0.05022861529772374,0.040864186710678034,129.73190244299462,30.617657069747228,405,407,405,407,2.5999999999999996,2.0196006122472584e+32,1.24271073928773e+32,3.388909656562385e+31,2.926219821264045e+31,205.7169696645694,549.218077397289,2.5999999999999996,5.3918797616814424e+32
1,0.046570065523026914,0.08172736432607053,253.83070232377938,46.48413066361269,947,951,947,951,1.8181818181818181,3.9963770332638956e+32,2.343566672701713e+32,3.388909656562385e+31,2.926219821264045e+31,407.0718576408704,737.1004352719909,1.8181818181818181,7.23639130398596e+32
2,0.01265200871498185,0.1430214443607838,99.16757802792101,15.441166309261751,1614,1621,1614,1621,1.8181818181818181,3.367999490952472e+32,1.9139575917343996e+32,3.388909656562385e+31,2.926219821264045e+31,343.0651807634375,730.5572946774471,1.8181818181818181,7.172154839817217e+32
