,ampl,dur,ed,ederr,istart,istop,istart_no_sys_no_thruster,istop_no_sys_no_thruster,corrected,myenerg,myenerg_err,L_bol,L_bol_err,myed,ED_true,count_true,energ_true
0,0.016441956614694442,0.08172794872371014,86.19718323357405,24.53574404008377,598,602,598,601,,8.110097721337858e+32,5.430918630464346e+32,1.950113960413546e+31,6.95997016907608e+30,1635.7594491332911,8485.476482923286,,4.2071004709821757e+33
1,0.15858890400545453,0.0612959333739127,772.9510532921138,196.2498289243098,619,622,619,622,,4.588657922906218e+32,2.7914247823508457e+32,1.950113960413546e+31,6.95997016907608e+30,925.5055628350666,8485.476482923286,,4.2071004709821757e+33
2,-0.10569449235415007,0.08172644185106037,-1125.2652214678544,253.7790821687258,1611,1615,1611,1615,,8.404667199069109e+32,4.960173145489863e+32,1.950113960413546e+31,6.95997016907608e+30,1695.1723962001809,8485.476482923286,,4.2071004709821757e+33
3,-0.010547577110810221,0.06129478412185563,-87.79220913618536,113.72109383604281,1707,1710,1707,1710,,1.2157701018802658e+32,1.836117943909235e+32,1.950113960413546e+31,6.95997016907608e+30,245.21374469903765,8485.476482923286,,4.2071004709821757e+33
4,-0.002599091586565138,0.06129476235219045,-47.652110367903916,12.618507593910046,1756,1759,1756,1759,,5.139056773365095e+32,3.174796166840847e+32,1.950113960413546e+31,6.95997016907608e+30,1036.5178035459826,8485.476482923286,,4.2071004709821757e+33
5,0.044368024180976656,0.061294823935895686,205.58378556835166,279.6353278639407,1866,1869,1866,1869,,1.1466939087803445e+32,1.796203317419741e+32,1.950113960413546e+31,6.95997016907608e+30,231.28147908945473,8485.476482923286,,4.2071004709821757e+33
