,ampl,dur,ed,ederr,istart,istop,istart_no_sys_no_thruster,istop_no_sys_no_thruster,corrected,myenerg,myenerg_err,L_bol,L_bol_err,myed,ED_true,count_true,energ_true
0,0.05500102186551178,0.04086438367812662,145.2741032565514,32.85068685392131,192,194,192,194,1.8888888888888888,1.8939071223776526e+32,1.1500931161853957e+32,3.388909656562385e+31,2.926219821264045e+31,192.91380269891496,477.3477796077242,1.8888888888888888,4.686302104889831e+32
1,0.11161952022219747,0.06129608005721821,269.7349592552847,56.26656562401626,502,505,502,505,2.833333333333333,3.0798164973921346e+32,1.8579867371614756e+32,3.388909656562385e+31,2.926219821264045e+31,313.71079664185135,663.1968623368914,2.833333333333333,6.510852222837939e+32
2,2.06283714412363,0.2860434427566361,6122.8088753020875,1098.3964695869543,1443,1457,1443,1457,2.1,1.1383484024525403e+34,6.783842001030168e+33,3.388909656562385e+31,2.926219821264045e+31,11595.24226497759,1371.8895877275909,2.1,1.346835438917839e+33
