,ampl,dur,ed,ederr,istart,istop,istart_no_sys_no_thruster,istop_no_sys_no_thruster,corrected,myenerg,myenerg_err,L_bol,L_bol_err,myed,ED_true,count_true,energ_true
0,0.5225645024764161,0.1430242266942514,1507.3327066046668,290.28646831752627,508,515,508,515,2.2,1.4480307022866543e+33,8.728305489057646e+32,3.388909656562385e+31,2.926219821264045e+31,1474.9673091265581,2254.430984617889,2.2,2.213259413760288e+33
1,0.19030629975736352,0.0817262281634612,572.9410548615703,127.10732122122609,2481,2483,2481,2483,6.0,4.0929690705801684e+32,2.4711964837725597e+32,3.388909656562385e+31,2.926219821264045e+31,416.9107441464157,578.9994860819418,6.0,5.68425501546426e+32
