,ampl,dur,ed,ederr,istart,istop,istart_no_sys_no_thruster,istop_no_sys_no_thruster,corrected,myenerg,myenerg_err,L_bol,L_bol_err,myed,ED_true,count_true,energ_true
0,0.18852534629647608,0.040864083443011616,441.34928812894515,97.50889220726108,395,397,395,397,2.6666666666666665,5.453380037913498e+32,3.288483599985004e+32,3.388909656562385e+31,2.926219821264045e+31,555.4825092771717,1578.8855502641643,2.6666666666666665,1.5500511353930603e+33
1,0.2907566478155474,0.040863629656087135,561.1571249110725,124.16652418285594,1141,1143,1141,1143,3.25,5.9899048791564306e+32,3.6136564430586205e+32,3.388909656562385e+31,2.926219821264045e+31,610.133049498313,1269.1099326487897,3.25,1.2459327984297126e+33
2,0.14874681831960665,0.040863259811885655,274.10855192482154,60.0269257235159,1632,1634,1632,1634,2.2857142857142856,3.1881662455026188e+32,1.9174595658983585e+32,3.388909656562385e+31,2.926219821264045e+31,324.7473261962796,894.7451364892007,2.2857142857142856,8.784048435115903e+32
3,0.08099968506258322,0.04086311784340069,173.00099305330986,40.8951338710032,2551,2553,2551,2553,3.25,2.3800988940661335e+32,1.4652719315621897e+32,3.388909656562385e+31,2.926219821264045e+31,242.43740520778437,592.9310836525244,3.25,5.821026731618783e+32
4,0.26206333598169795,0.16345311844634125,679.0467116555416,126.15074647653752,3126,3133,3126,3133,2.3333333333333335,1.0308839439432992e+33,6.148230236233839e+32,3.388909656562385e+31,2.926219821264045e+31,1050.060688919576,1448.3377805748523,2.3333333333333335,1.421887495795438e+33
