,ampl,dur,ed,ederr,istart,istop,istart_no_sys_no_thruster,istop_no_sys_no_thruster,corrected,myenerg,myenerg_err,L_bol,L_bol_err,myed,ED_true,count_true,energ_true
0,0.3313645069940734,0.04086396563070594,719.61342727327,160.75788922868767,393,395,393,395,2.8,1.6943030460824413e+33,1.0472930813577857e+33,6.761763726573059e+31,2.257582772077468e+31,788.883756572759,1049.4982933704623,2.8,2.2540306356934058e+33
1,0.13972786342472535,0.04086413443292258,249.8586657438837,55.23506412417174,426,428,426,428,2.7777777777777777,8.012858983426258e+32,4.937716918699831e+32,6.761763726573059e+31,2.257582772077468e+31,373.0864033060062,781.0376881809154,2.7777777777777777,1.6774518719198186e+33
2,0.3040224137680883,0.0408631939208135,577.9727036094008,132.414786754835,1678,1680,1678,1680,2.5999999999999996,1.1806361815660085e+33,7.35283950642932e+32,6.761763726573059e+31,2.257582772077468e+31,549.7155353719357,965.9481010740079,2.5999999999999996,2.074588044653568e+33
