,ampl,dur,ed,ederr,istart,istop,istart_no_sys_no_thruster,istop_no_sys_no_thruster,corrected,myenerg,myenerg_err,L_bol,L_bol_err,myed,ED_true,count_true,energ_true
0,0.4190721434369937,0.040864049806259566,458.3350682201658,102.3400830668992,632,634,632,634,28.0,8.238389589979306e+32,4.983720809666898e+32,3.388909656562385e+31,2.926219821264045e+31,839.1642045903614,2091.8654896112484,28.0,2.0536627729090126e+33
1,0.11345037258966932,0.04086374817416072,229.03934789596263,86.2503485186797,844,846,844,846,,3.297903516668118e+32,2.407791604074345e+32,3.388909656562385e+31,2.926219821264045e+31,335.9251891591483,790.8582081669518,,7.764151513699039e+32
2,0.14925096180542072,0.04086367540730862,334.3175850692645,72.81521996498614,1050,1052,1050,1052,10.333333333333334,4.44570912204965e+32,2.6694749147399612e+32,3.388909656562385e+31,2.926219821264045e+31,452.8409246125831,2312.2638143377617,10.333333333333334,2.2700360707860515e+33
3,0.2555308741656045,0.04086341789661674,322.54453528758734,72.02744001077264,1421,1423,1421,1423,,5.990011144244316e+32,3.623704345685089e+32,3.388909656562385e+31,2.926219821264045e+31,610.143873683911,2600.2956598448945,,2.5528077315204167e+33
4,0.06174486019701859,0.06129467108257813,235.93987273194324,63.48740267478009,2361,2363,2361,2363,,3.032753785466384e+32,1.9480326525815936e+32,3.388909656562385e+31,2.926219821264045e+31,308.9169782884349,790.8582081669518,,7.764151513699039e+32
