,ampl,dur,ed,ederr,istart,istop,istart_no_sys_no_thruster,istop_no_sys_no_thruster,corrected,myenerg,myenerg_err,L_bol,L_bol_err,myed,ED_true,count_true,energ_true
0,0.01819451400556453,0.04086324234958738,48.37572118877711,13.897078258386419,1621,1623,1621,1623,14.0,1.0166719798087533e+32,6.814581464910564e+31,6.761763726573059e+31,2.257582772077468e+31,47.33722296541088,157.27116262842455,14.0,3.3777474524244504e+32
1,0.4930906263398806,0.08172648608888268,793.5665399814762,160.9130593591341,1757,1761,1757,1761,4.222222222222222,2.4842874368286686e+33,1.5330286349377634e+33,6.761763726573059e+31,2.257582772077468e+31,1156.708069494051,328.93996716245334,4.222222222222222,7.064716236050435e+32
