,ampl,dur,ed,ederr,istart,istop,istart_no_sys_no_thruster,istop_no_sys_no_thruster,corrected,myenerg,myenerg_err,L_bol,L_bol_err,myed,ED_true,count_true,energ_true
0,0.1610242940494811,0.06129512428742601,188.6019381214095,39.4112400159386,1565,1568,1565,1568,4.25,1.332611560933847e+33,6.844027354381672e+32,1.091591113123216e+32,3.141851780902868e+31,343.50064591547834,535.4927730108492,4.25,2.0774454679959205e+33
1,0.007548396335178356,0.04086316748725949,25.136085746102644,6.433313052148447,1897,1899,1897,1899,5.0,2.8498307473051927e+32,1.5434241461011195e+32,1.091591113123216e+32,3.141851780902868e+31,73.45866801299042,227.1674740612662,5.0,8.812967480610554e+32
2,0.060430662196080426,0.040863009220629465,141.9884224363003,31.639736585601984,2287,2289,2287,2289,3.666666666666667,9.835147137699353e+32,5.060709002557299e+32,1.091591113123216e+32,3.141851780902868e+31,253.51569005645183,564.0292545032728,3.666666666666667,2.1881528148302425e+33
3,0.3786205244254031,0.16345293753693113,754.1567884143892,142.93479152082685,2939,2946,2939,2946,,4.3606635720113633e+33,2.2234993434023654e+33,1.091591113123216e+32,3.141851780902868e+31,1124.026533700737,102.52806866372146,,3.977578826885631e+32
4,0.08938199503848854,0.0612948599664378,112.63855768846672,23.334138469887066,3024,3027,3024,3027,2.6666666666666665,7.698751389454897e+32,3.9418856270655836e+32,1.091591113123216e+32,3.141851780902868e+31,198.44688073749364,418.45258821564806,2.6666666666666665,1.623387796761449e+33
