,ampl,dur,ed,ederr,istart,istop,istart_no_sys_no_thruster,istop_no_sys_no_thruster,corrected,myenerg,myenerg_err,L_bol,L_bol_err,myed,ED_true,count_true,energ_true
0,0.40450131817423934,0.08172883337101666,1325.9072102339794,258.7467450051111,228,232,228,232,2.428571428571429,1.6354536444530485e+33,8.72758083914538e+32,2.5945377341929524e+31,2.240303966236216e+31,2370.8471633387594,3027.407872338046,2.428571428571429,2.0883612046457566e+33
1,0.04922524753463266,0.1430252399732126,434.688927006212,482.9886568994832,238,245,238,245,2.5,2.4575528006784983e+32,3.436778309346271e+32,2.5945377341929524e+31,2.240303966236216e+31,356.2609130503614,597.9950262471024,2.5,4.125078833269688e+32
2,0.07867538495530667,0.0612954269599868,241.45949231647592,49.27832562627211,1019,1022,1019,1022,2.8,4.337995679409878e+32,2.324502924079982e+32,2.5945377341929524e+31,2.240303966236216e+31,628.8606703092626,1284.1143412514677,2.8,8.858055094267008e+32
3,0.19429484378759648,0.040863321512006216,325.3762412376846,72.02996394857172,1490,1492,1490,1492,14.0,3.684564698211599e+32,1.9891329472940786e+32,2.5945377341929524e+31,2.240303966236216e+31,534.1355771544698,1252.2489303323218,14.0,8.638241673876296e+32
4,0.058737305038902836,0.04086343233211665,179.1937533535693,41.04753106847159,3254,3256,3254,3256,3.0,2.7445730576189454e+32,1.4989137817697993e+32,2.5945377341929524e+31,2.240303966236216e+31,397.8690114697817,912.0783128014341,3.0,6.2916826683886756e+32
