,ampl,dur,ed,ederr,istart,istop,istart_no_sys_no_thruster,istop_no_sys_no_thruster,corrected,myenerg,myenerg_err,L_bol,L_bol_err,myed,ED_true,count_true,energ_true
0,0.128332244639056,0.14302089930424694,477.9187915712575,87.66643171274212,2230,2237,2230,2237,1.8333333333333335,5.642449091244729e+32,3.3528138642521376e+32,3.388909656562385e+31,2.926219821264045e+31,574.7411252989656,1428.2214178575648,1.8333333333333335,1.40213850837536e+33
