,ampl,dur,ed,ederr,istart,istop,istart_no_sys_no_thruster,istop_no_sys_no_thruster,corrected,myenerg,myenerg_err,L_bol,L_bol_err,myed,ED_true,count_true,energ_true
0,0.6491230302274269,0.1430223454226507,1406.619735357089,265.71089471917696,1075,1082,1075,1082,2.142857142857143,1.3892611778698376e+33,7.443720371399955e+32,2.5945377341929524e+31,2.240303966236216e+31,2013.9524797053498,4174.124994082729,2.142857142857143,2.8793876043707414e+33
1,0.15014866708185307,0.04086339275090722,296.7888777376487,120.37386819519594,1290,1292,1290,1292,6.666666666666667,2.5618755624852384e+32,1.7683730967406992e+32,2.5945377341929524e+31,2.240303966236216e+31,371.384137407105,469.1134962344056,6.666666666666667,3.2360305166117805e+32
2,0.14913213672610512,0.04086327025288483,262.73581485261207,59.470947802752654,2758,2760,2758,2760,3.75,2.7716699835600707e+32,1.5075677240874595e+32,2.5945377341929524e+31,2.240303966236216e+31,401.79713686915386,965.6358091285232,3.75,6.661132053023695e+32
