,ampl,dur,ed,ederr,istart,istop,istart_no_sys_no_thruster,istop_no_sys_no_thruster,corrected,myenerg,myenerg_err,L_bol,L_bol_err,myed,ED_true,count_true,energ_true
0,0.014936780182193285,0.04086458286474226,32.60000557640528,7.3398379203646735,47,49,47,49,1.8888888888888888,4.987273548234294e+32,2.3824897254680142e+32,2.897743840299961e+32,8.673992300987034e+31,42.03330243884154,47.55606838730373,1.8888888888888888,5.642552646704619e+32
1,0.018516038994006303,0.06129466261336348,91.02151345818342,100.03631050491413,2418,2421,2418,2421,2.0833333333333335,2.2826228480148268e+32,2.8434126229247806e+32,2.897743840299961e+32,8.673992300987034e+31,19.23820211513885,37.59651420439119,2.0833333333333335,4.460846279451718e+32
2,0.029128009767721192,0.12258949122042395,87.32424266180305,17.825181782448734,2733,2737,2733,2737,1.3636363636363638,1.896498950933394e+33,9.036005484187343e+32,2.897743840299961e+32,8.673992300987034e+31,159.83906478871992,228.802145572216,1.3636363636363638,2.7147495490078713e+33
