,ampl,dur,ed,ederr,istart,istop,istart_no_sys_no_thruster,istop_no_sys_no_thruster,corrected,myenerg,myenerg_err,L_bol,L_bol_err,myed,ED_true,count_true,energ_true
0,0.0059372070228619215,0.06129673105169786,21.39192272184824,5.1337383435299895,107,110,107,110,,1.864014780071487e+32,1.1751848537196626e+32,3.388909656562385e+31,2.926219821264045e+31,189.8689620318497,233.4440537901712,,2.2918077916899815e+32
1,0.18018684827954792,0.040863441296096426,395.940072175802,86.69088461620035,1435,1437,1435,1437,,5.0210497749574535e+32,3.0196467217938857e+32,3.388909656562385e+31,2.926219821264045e+31,511.44525208371067,359.132608921679,,3.525739456685654e+32
2,-0.010693496586663284,0.04086325160460546,-65.9661614257832,102.87291587904168,3057,3059,3057,3059,24.0,8.643730395471423e+31,1.4659214675858596e+32,3.388909656562385e+31,2.926219821264045e+31,88.04523096154676,288.7110284904611,24.0,2.834384401309285e+32
