,ampl,dur,ed,ederr,istart,istop,istart_no_sys_no_thruster,istop_no_sys_no_thruster,corrected,myenerg,myenerg_err,L_bol,L_bol_err,myed,ED_true,count_true,energ_true
0,0.032945004729980874,0.061294669219932985,59.952693468203975,12.769836527052648,2486,2489,2486,2489,,2.8205216434588505e+32,1.533140635782722e+32,2.5945377341929524e+31,2.240303966236216e+31,408.8789529565885,1323.7154757116257,,9.131230947518273e+32
