,ampl,dur,ed,ederr,istart,istop,istart_no_sys_no_thruster,istop_no_sys_no_thruster,corrected,myenerg,myenerg_err,L_bol,L_bol_err,myed,ED_true,count_true,energ_true
0,0.0017447321567306002,0.08172850892151473,10.153279520070436,2.0430209396665755,291,295,291,295,2.833333333333333,8.598468485491096e+33,3.732382530452833e+33,9.420197135584039e+33,3.1451667971318476e+33,14.0492244806962,24.992244931576725,2.833333333333333,1.529586424653584e+34
