,ampl,dur,ed,ederr,istart,istop,istart_no_sys_no_thruster,istop_no_sys_no_thruster,corrected,myenerg,myenerg_err,L_bol,L_bol_err,myed,ED_true,count_true,energ_true
0,0.03157448307085497,0.040863361668016296,62.936281032157424,27.49600260819111,1575,1577,1575,1577,4.166666666666667,2.6645417706683963e+32,1.820058734778546e+32,8.357184523416163e+31,2.79025363293769e+31,91.45530890965958,195.20507249850164,4.166666666666667,5.687281314990709e+32
1,0.0060842864793833685,0.08172650587221142,23.75886800931911,31.094205259483928,1596,1600,1599,1600,19.0,3.562675168613527e+31,8.83972727495114e+31,8.357184523416163e+31,2.79025363293769e+31,12.228202300187277,106.20021417200921,19.0,3.094133190176785e+32
2,0.02096645169909902,0.08172646909224568,121.26989466313907,157.6733356577014,1644,1648,1644,1648,19.0,7.922779647223125e+31,1.1799167512278741e+32,8.357184523416163e+31,2.79025363293769e+31,27.19342845498702,106.20021417200921,19.0,3.094133190176785e+32
3,0.23858525350691376,0.10215798386343522,375.2203409626171,74.6620556432334,1763,1768,1763,1768,2.3636363636363638,1.6843861765278556e+33,8.556595704237695e+32,8.357184523416163e+31,2.79025363293769e+31,578.1333953675389,957.1445600720269,2.3636363636363638,2.788631618312288e+33
4,0.2316405544619101,0.04086321847717045,531.9863534008772,116.38532478591377,2136,2137,2136,2137,4.3,2.0585847090998332e+33,1.0411619821473783e+33,8.357184523416163e+31,2.79025363293769e+31,706.5698971579645,1141.199338080589,4.3,3.32487347233014e+33
5,0.0035030944382693856,0.0817262334676343,19.72589387186184,153.947841632158,2147,2151,2147,2151,19.0,8.360612075960319e+31,6.108911756967087e+32,8.357184523416163e+31,2.79025363293769e+31,28.696204671956664,106.20021417200921,19.0,3.094133190176785e+32
