,ampl,dur,ed,ederr,istart,istop,istart_no_sys_no_thruster,istop_no_sys_no_thruster,corrected,myenerg,myenerg_err,L_bol,L_bol_err,myed,ED_true,count_true,energ_true
0,0.4106933648559295,0.061294930572330486,690.9588811527948,142.3203602984654,1497,1500,1497,1500,10.0,1.0678370893332363e+33,6.41776151618418e+32,3.388909656562385e+31,2.926219821264045e+31,1087.7012453894679,1525.3630504713935,10.0,1.4975060908463047e+33
1,0.2245807704083766,0.08172651798668085,702.4429632183212,141.31696971494634,1561,1565,1561,1565,3.3333333333333335,8.309451017897931e+32,5.006994162093318e+32,3.388909656562385e+31,2.926219821264045e+31,846.4025375175783,1912.6272131746769,3.3333333333333335,1.877697837483567e+33
