,ampl,dur,ed,ederr,istart,istop,istart_no_sys_no_thruster,istop_no_sys_no_thruster,corrected,myenerg,myenerg_err,L_bol,L_bol_err,myed,ED_true,count_true,energ_true
0,0.08971174092588872,0.1430255658196984,661.9405286457684,106.77545425090875,186,193,186.0,193.0,4.2,1.8927302827665805e+33,1.1103015604885148e+33,6.761763726573059e+31,2.257582772077468e+31,881.2733820554479,3443.676212227252,4.2,7.396059365509508e+33
1,0.0635698708525005,0.04086377296334831,159.9254026668262,35.874633782792614,834,836,834.0,836.0,33.0,4.976213233483749e+32,3.0796911574431046e+32,6.761763726573059e+31,2.257582772077468e+31,231.697263262001,800.2752172212117,33.0,1.7187687374028604e+33
2,0.6020475564945834,0.040863394504413016,1365.8693888686776,303.85730079058413,1202,1204,1202.0,1204.0,3.375,5.002694243039137e+33,3.0884959360919833e+33,6.761763726573059e+31,2.257582772077468e+31,2329.302444777402,6929.500530464761,3.375,1.4882641148047888e+34
3,0.03013577869760748,0.04086347354314057,91.28632875515369,18.45423167519112,1228,1230,1874.0,1876.0,5.8,1.6755613920340983e+33,1.033668435697229e+33,6.761763726573059e+31,2.257582772077468e+31,780.1574626053193,2587.0414632871684,5.8,5.556246018591661e+33
