,ampl,dur,ed,ederr,istart,istop,istart_no_sys_no_thruster,istop_no_sys_no_thruster,corrected,myenerg,myenerg_err,L_bol,L_bol_err,myed,ED_true,count_true,energ_true
0,0.03888362679594537,0.04086312429717509,58.639430832046024,12.611879691488033,2584,2586,2584,2586,1.6666666666666667,3.373369553423558e+33,1.9958901696613844e+33,5.035701647176669e+32,1.7972453895609597e+32,133.26835451125817,247.48894902191782,1.6666666666666667,6.264590633696201e+33
1,0.07535006249226786,0.10215809936926236,233.14744673647755,45.119336536744264,2907,2912,2907,2912,1.5,7.092591406512113e+33,4.20387774564282e+33,5.035701647176669e+32,1.7972453895609597e+32,280.1999517091979,436.75678692722846,1.5,1.1055453131950757e+34
2,0.008178696406246227,0.040863277907192234,17.886609415700008,5.126596360942114,3112,3114,3112,3114,2.111111111111111,2.4369275113284493e+33,1.5841831655092952e+33,5.035701647176669e+32,1.7972453895609597e+32,96.27327049547854,216.26285860597727,2.111111111111111,5.474176862415739e+33
