,ampl,dur,ed,ederr,istart,istop,istart_no_sys_no_thruster,istop_no_sys_no_thruster,corrected,myenerg,myenerg_err,L_bol,L_bol_err,myed,ED_true,count_true,energ_true
0,0.5307033864877985,0.5312312065434526,4270.623813884642,514.5895308940404,663,689,663,689,1.4285714285714286,8.07519164222501e+33,4.47339638000514e+33,6.761763726573059e+31,2.257582772077468e+31,3759.8867171330357,5985.34421141803,1.4285714285714286,1.2854855794362106e+34
1,0.1418308571832078,0.04086393792385934,322.7845804162333,72.02310120546605,775,777,775,777,1.5384615384615383,1.1661551808821473e+33,7.2057945846353e+32,6.761763726573059e+31,2.257582772077468e+31,542.9730424956872,907.5161153192809,1.5384615384615383,1.9490923798892387e+33
2,-0.004654381000029537,0.08172765815834282,-59.90716111688097,59.7079495761939,783,787,783,784,14.0,1.662071964577015e+32,2.5208296452868948e+32,6.761763726573059e+31,2.257582772077468e+31,77.38766557384692,234.2026155837514,14.0,5.030021237956965e+32
