,ampl,dur,ed,ederr,istart,istop,istart_no_sys_no_thruster,istop_no_sys_no_thruster,corrected,myenerg,myenerg_err,L_bol,L_bol_err,myed,ED_true,count_true,energ_true
0,0.8381744349791701,0.040864585665985935,1224.836188724905,271.5746161503734,106,108,106,108,2.444444444444444,1.3477199134904738e+33,7.279580238048735e+32,2.5945377341929524e+31,2.240303966236216e+31,1953.7318863859605,3768.358307780639,2.444444444444444,2.599482338366224e+33
