,ampl,dur,ed,ederr,istart,istop,istart_no_sys_no_thruster,istop_no_sys_no_thruster,corrected,myenerg,myenerg_err,L_bol,L_bol_err,myed,ED_true,count_true,energ_true
0,0.021266054344457302,0.06129519949172391,50.31477710016431,72.07631114095425,1153,1156,1153,1156,36.0,2.4343900566294387e+32,4.080800333008015e+32,6.761763726573059e+31,2.257582772077468e+31,113.34753704643686,270.44969308900414,36.0,5.808507717328047e+32
