,ampl,dur,ed,ederr,istart,istop,istart_no_sys_no_thruster,istop_no_sys_no_thruster,corrected,myenerg,myenerg_err,L_bol,L_bol_err,myed,ED_true,count_true,energ_true
0,0.06003290847512215,0.04086437948717503,165.97942928635496,35.70076170301904,90,92,90,92,2.8,1.3859723704580678e+32,6.840138052238199e+31,1.2304387258962846e+31,7.082974670228428e+30,487.9669898035102,1267.7951983114885,2.8,3.6009179985036975e+32
1,0.4878582621191046,0.2860421356162988,2267.908435269353,406.1026260760276,2617,2630,2617,2630,2.5999999999999996,7.075436811603873e+32,3.470190534489487e+32,1.2304387258962846e+31,7.082974670228428e+30,2491.088333429187,8752.798773717966,2.5999999999999996,2.4860569501714055e+33
2,1.0988077196239967,0.08172653695510235,1392.354559138872,281.3808134432245,2859,2863,2859,2863,1.8571428571428572,6.667973526046031e+32,3.325048648718511e+32,1.2304387258962846e+31,7.082974670228428e+30,2347.6304715358833,4584.090888767204,1.8571428571428572,1.3020190808518107e+33
3,0.13362145658421015,0.04086334822204663,302.4885633502999,71.62678562204009,2937,2939,2937,2939,2.6666666666666665,1.2506452345536256e+32,6.393854436207284e+31,1.2304387258962846e+31,7.082974670228428e+30,440.32161349330545,1075.307987227742,2.6666666666666665,3.0541966796373783e+32
4,0.03284293806801648,0.040863471214834135,103.67841301044392,22.202293743211907,3194,3196,3194,3196,18.0,5.961456079259388e+31,2.9375320535624513e+31,1.2304387258962846e+31,7.082974670228428e+30,209.8882950228372,561.8014981359685,18.0,1.5956844835179071e+32
