,ampl,dur,ed,ederr,istart,istop,istart_no_sys_no_thruster,istop_no_sys_no_thruster,corrected,myenerg,myenerg_err,L_bol,L_bol_err,myed,ED_true,count_true,energ_true
0,0.4571179910144314,0.10215917665482266,1014.1671258826566,197.8156872224493,885,890,885,890,3.5,3.966424790304357e+32,1.967197783350161e+32,1.2304387258962846e+31,7.082974670228428e+30,1396.4812044320574,3431.070957903344,3.5,9.745268938478764e+32
