,ampl,dur,ed,ederr,istart,istop,istart_no_sys_no_thruster,istop_no_sys_no_thruster,corrected,myenerg,myenerg_err,L_bol,L_bol_err,myed,ED_true,count_true,energ_true
0,0.032268260988987635,0.040864108013920486,83.90391653928087,20.691443484364427,436,438,436,438,5.5,1.4438129920397854e+32,8.091986020944204e+31,2.5945377341929524e+31,2.240303966236216e+31,209.30339103031932,422.75700311151644,5.5,2.916254966360256e+32
