,ampl,dur,ed,ederr,istart,istop,istart_no_sys_no_thruster,istop_no_sys_no_thruster,corrected,myenerg,myenerg_err,L_bol,L_bol_err,myed,ED_true,count_true,energ_true
0,0.6963037165112342,0.10216077479708474,1971.825039201124,415.7427328870076,271,274,271,274,2.1666666666666665,9.404263707445638e+32,5.094274298111753e+32,2.5945377341929524e+31,2.240303966236216e+31,1363.2958665449491,1183.1193854983585,2.1666666666666665,8.161373456530429e+32
1,0.09748131932090794,0.040863451540644746,107.99751443681248,24.462433299605816,1431,1433,1431,1433,1.8461538461538463,1.4427833819052761e+32,7.849437010111654e+31,2.5945377341929524e+31,2.240303966236216e+31,209.1541328550708,536.7988685121987,1.8461538461538463,3.702936568084071e+32
2,1.5451047134680136,0.08172641030250816,4188.043107775807,840.5926524208786,1641,1645,1641,1645,1.5,2.9589594540059547e+33,1.5937752167514045e+33,2.5945377341929524e+31,2.240303966236216e+31,4289.476899426617,630.888307152056,1.5,4.35198268842274e+32
3,0.06736562183430618,0.040863077352696564,140.46896311850807,31.7633626098081,2829,2831,2829,2831,3.4,1.2506702666149086e+32,6.800312275370261e+31,2.5945377341929524e+31,2.240303966236216e+31,181.30431663000348,323.6988206715561,3.4,2.2329335444252233e+32
