,ampl,dur,ed,ederr,istart,istop,istart_no_sys_no_thruster,istop_no_sys_no_thruster,corrected,myenerg,myenerg_err,L_bol,L_bol_err,myed,ED_true,count_true,energ_true
0,0.05259125552537652,0.040863865397113834,152.04114200518228,35.91394170875205,705,707,705,707,2.5,1.2299537664153282e+32,6.788981697667853e+31,2.5945377341929524e+31,2.240303966236216e+31,178.30113424699513,393.796926049197,2.5,2.7164830691768356e+32
