,ampl,dur,ed,ederr,istart,istop,istart_no_sys_no_thruster,istop_no_sys_no_thruster,corrected,myenerg,myenerg_err,L_bol,L_bol_err,myed,ED_true,count_true,energ_true
0,0.3262758415659345,0.1430254091246752,3154.832414467372,905.0125608629263,135,142,135,139,21.5,4.499862624220754e+32,4.297893274884915e+32,6.761763726573059e+31,2.257582772077468e+31,209.51792179472318,452.893936193636,21.5,9.72690297210312e+32
1,0.06670001270259864,0.04086341405491112,163.84835736548553,36.94881303511455,1457,1459,1457,1459,22.0,4.162362194537444e+32,2.580040665973227e+32,6.761763726573059e+31,2.257582772077468e+31,193.80357792754378,582.1941819380395,22.0,1.2503912872467898e+33
2,0.44533729436820585,0.08172618223761674,1605.2234764294772,322.5419309540119,1962,1966,1962,1966,8.333333333333334,3.3435648504809166e+33,2.057779603695907e+33,6.761763726573059e+31,2.257582772077468e+31,1556.7958788074307,2864.5946458509848,8.333333333333334,6.152353111366335e+33
3,0.11314726042829208,0.04086311275023037,189.54773555885205,42.06409895166728,2499,2501,2499,2501,6.333333333333334,6.528817063715625e+32,4.0277616510208285e+32,6.761763726573059e+31,2.257582772077468e+31,303.98798745650726,703.7353893153597,6.333333333333334,1.5114280194246296e+33
