,ampl,dur,ed,ederr,istart,istop,istart_no_sys_no_thruster,istop_no_sys_no_thruster,corrected,myenerg,myenerg_err,L_bol,L_bol_err,myed,ED_true,count_true,energ_true
0,0.040236605626841115,0.040864434093236916,96.7303482700872,22.362028971799024,46,48,46,48,2.375,5.6218626943655196e+32,2.9310581775551765e+32,1.091591113123216e+32,3.141851780902868e+31,144.9119550943586,265.03347045750405,2.375,1.0281979698314572e+33
1,0.003410604606348076,0.2043216859237873,-3.0257448544907293,2.2355310510506894,231,241,231,241,4.333333333333333,3.367714964250606e+32,3.492535832275733e+32,1.091591113123216e+32,3.141851780902868e+31,86.80791157692286,171.4771097752451,4.333333333333333,6.652458492850743e+32
2,0.007540520094206528,0.04086426109279273,24.738854984333955,5.870119991923523,379,381,379,381,,1.5385422905463449e+32,8.098148126804898e+31,1.091591113123216e+32,3.141851780902868e+31,39.658238459270294,26.75380346530366,,1.037914432498281e+32
3,-0.001967533277872994,0.04086330742575228,-13.30175329410136,22.386481142752306,1297,1299,1297,1299,,9.731222806265285e+31,1.660878358973514e+32,1.091591113123216e+32,3.141851780902868e+31,25.0836884317372,26.75380346530366,,1.037914432498281e+32
4,0.005497798128945557,0.08172665453457739,27.355885967715093,5.4322421329791055,1351,1354,1351,1354,6.0,3.155624536060462e+32,1.5922757213659777e+32,1.091591113123216e+32,3.141851780902868e+31,81.34096222637453,136.77873839785815,6.0,5.306334361996573e+32
5,0.01239321980825952,0.0817263476055814,71.3652685598708,13.71133465951818,2547,2551,2547,2551,3.666666666666667,4.016097196490325e+32,2.0259454017337985e+32,1.091591113123216e+32,3.141851780902868e+31,103.5209374956226,251.91430471271195,3.666666666666667,9.773021355755325e+32
6,-0.00044276364819703087,0.06129480693925871,-3.2298024306165263,4.406033154666675,2896,2899,2896,2899,,8.513425709573135e+31,1.2889546007277529e+32,1.091591113123216e+32,3.141851780902868e+31,21.94463349952119,26.75380346530366,,1.037914432498281e+32
