,ampl,dur,ed,ederr,istart,istop,istart_no_sys_no_thruster,istop_no_sys_no_thruster,corrected,myenerg,myenerg_err,L_bol,L_bol_err,myed,ED_true,count_true,energ_true
0,0.04325891346569245,0.0817285730590811,142.61159356884096,29.353407734492826,319,323,319,323,1.5833333333333335,2.0036950764794314e+33,9.525925054488063e+32,3.3270550844106834e+32,9.95907567321434e+31,137.31427051250694,218.43892381898957,1.5833333333333335,3.187469113981926e+33
1,0.22024174467123248,0.143021401410806,681.8550955251145,130.48855469174308,1685,1692,1685,1692,1.25,1.1890161600459237e+34,5.592335067249675e+33,3.3270550844106834e+32,9.95907567321434e+31,814.838987033685,464.31002736582155,1.25,6.775229641613901e+33
