,ampl,dur,ed,ederr,istart,istop,istart_no_sys_no_thruster,istop_no_sys_no_thruster,corrected,myenerg,myenerg_err,L_bol,L_bol_err,myed,ED_true,count_true,energ_true
0,0.05176751518458713,0.18388424884324195,376.2580078740325,68.46353804347864,2796,2804,2796,2804,8.0,1.2613409871967846e+33,6.279242513542636e+32,1.3742317915994988e+32,5.53749986589713e+31,242.9223899078704,95.81684423895831,8.0,4.9751574133732235e+32
