,ampl,dur,ed,ederr,istart,istop,istart_no_sys_no_thruster,istop_no_sys_no_thruster,corrected,myenerg,myenerg_err,L_bol,L_bol_err,myed,ED_true,count_true,energ_true
0,-0.016585414078669154,0.10216088563174708,-362.42032673416685,334.8239990357545,185,190,185,190,1.875,3.575995543156682e+32,4.574005483895776e+32,6.761763726573059e+31,2.257582772077468e+31,166.50178396926643,455.38550936574387,1.875,9.780415038739901e+32
1,0.013430840221348227,0.08172867934626993,0.31271942520716145,0.06054597802557055,199,203,199,203,4.0,4.546544854400675e+32,2.7683739446099148e+32,6.761763726573059e+31,2.257582772077468e+31,211.69149122757528,504.62364384988086,4.0,1.0837913314560921e+33
2,0.012475146755213806,0.04086387098504929,39.34995522573415,9.728693658500074,665,667,665,667,15.0,1.3108426102040018e+32,8.357824907670473e+31,6.761763726573059e+31,2.257582772077468e+31,61.03408979901324,172.40673695660945,15.0,3.702817521047238e+32
3,0.0290247207349456,0.06129574291844619,99.544317749842,20.23377096059569,712,715,712,715,5.666666666666666,4.015505340373561e+32,2.4565128907804222e+32,6.761763726573059e+31,2.257582772077468e+31,186.9657818757019,366.81853686808773,5.666666666666666,7.878242633302136e+32
4,0.018027716321328036,0.04086352372542024,54.75335942786909,13.822889949173481,961,963,961,963,9.5,2.396277777046083e+32,1.538064544931159e+32,6.761763726573059e+31,2.257582772077468e+31,111.57299273697652,270.5680806644424,9.5,5.811050353401006e+32
5,0.17812302865358415,0.3473391629740945,982.5015679376328,166.03478255792544,1235,1251,1235,1251,2.75,2.119737972889968e+33,1.2711460398606643e+33,6.761763726573059e+31,2.257582772077468e+31,986.9703409138508,546.6758512430321,2.75,1.1741077849095679e+33
6,0.03447973958928237,0.04086321419890737,99.37243994961872,23.027946555487265,2455,2457,2455,2457,3.2,3.294897859578645e+32,2.0590966890940556e+32,6.761763726573059e+31,2.257582772077468e+31,153.41360608410713,251.59360367753348,3.2,5.4035313255481885e+32
