,ampl,dur,ed,ederr,istart,istop,istart_no_sys_no_thruster,istop_no_sys_no_thruster,corrected,myenerg,myenerg_err,L_bol,L_bol_err,myed,ED_true,count_true,energ_true
0,0.12396428169458655,0.061294743842154276,371.2411069734666,75.98049052739695,1921,1924,1921,1924,1.6,4.143025454501154e+32,2.4852851847931895e+32,3.388909656562385e+31,2.926219821264045e+31,422.00949859823436,879.7552437657777,1.6,8.636887038702625e+32
