,ampl,dur,ed,ederr,istart,istop,istart_no_sys_no_thruster,istop_no_sys_no_thruster,corrected,myenerg,myenerg_err,L_bol,L_bol_err,myed,ED_true,count_true,energ_true
0,0.01280295094599974,0.10215814101684373,79.74127507765934,15.779573104908893,1602,1607,1602,1607,18.0,1.8594117650341325e+33,9.017118250408916e+32,2.500690771102743e+32,4.606442633383174e+31,169.60334452214258,134.7456778233638,18.0,1.477256827323657e+33
1,0.01847946461266356,0.06129492830223171,76.96955816519822,15.161011581004011,3105,3108,3105,3108,4.5,1.5517650101144293e+33,7.369116929026717e+32,2.500690771102743e+32,4.606442633383174e+31,141.54182552621012,399.9636063088331,4.5,4.384919632637497e+33
