,ampl,dur,ed,ederr,istart,istop,istart_no_sys_no_thruster,istop_no_sys_no_thruster,corrected,myenerg,myenerg_err,L_bol,L_bol_err,myed,ED_true,count_true,energ_true
0,0.3882690952821857,0.04086310322600184,701.4587539739473,151.37126352316238,1763,1765,1763,1765,1.6666666666666667,2.459734296101963e+33,1.5051629542075478e+33,6.761763726573059e+31,2.257582772077468e+31,1145.2758915628779,3479.1520659599596,1.6666666666666667,7.472251639137794e+33
1,0.3733299802515005,0.061294786290091,736.3411205359909,164.1472153590722,2578,2580,2578,2580,4.25,1.676102279676576e+33,1.0353967633590782e+33,6.761763726573059e+31,2.257582772077468e+31,780.4093050819461,1963.7720234201097,4.25,4.21763649380617e+33
