,ampl,dur,ed,ederr,istart,istop,istart_no_sys_no_thruster,istop_no_sys_no_thruster,corrected,myenerg,myenerg_err,L_bol,L_bol_err,myed,ED_true,count_true,energ_true
0,0.2487047108321343,0.04086312290019123,650.2029964637214,156.0158392973364,2112,2113,2112,2113,6.75,3.754153000471661e+32,2.6945729141530955e+32,3.388909656562385e+31,2.926219821264045e+31,382.3988635331378,268.3026217280518,6.75,2.634027421233413e+32
