,ampl,dur,ed,ederr,istart,istop,istart_no_sys_no_thruster,istop_no_sys_no_thruster,corrected,myenerg,myenerg_err,L_bol,L_bol_err,myed,ED_true,count_true,energ_true
0,0.7987647152641791,0.040863947237085085,1188.5629886677416,260.6439250625241,811,813,811,813,3.166666666666667,5.617190972927994e+32,2.7915028133733607e+32,1.2304387258962846e+31,7.082974670228428e+30,1977.67562228186,5125.449842883399,3.166666666666667,1.4557812345596364e+33
1,0.060990984353131175,0.04086322488001315,196.86922384554057,48.782066905110504,2230,2232,2230,2232,,8.521534158018196e+31,4.433105422658938e+31,1.2304387258962846e+31,7.082974670228428e+30,300.0223857436366,725.1605454238677,,2.0596730949126048e+32
