,ampl,dur,ed,ederr,istart,istop,istart_no_sys_no_thruster,istop_no_sys_no_thruster,corrected,myenerg,myenerg_err,L_bol,L_bol_err,myed,ED_true,count_true,energ_true
0,0.15129557140533895,0.04086323442606954,379.7249048237216,81.73119730024945,1984,1986,1984,1986,,2.5263371669071062e+32,1.4253375232132443e+32,1.950113960413546e+31,6.95997016907608e+30,509.54748443933977,281.4736532790527,,1.3955467812120057e+32
1,0.5272709677454618,0.04086318238842068,735.9634059970532,163.08905799119253,2781,2783,2781,2783,4.75,6.1770594164255175e+32,3.51712786805118e+32,1.950113960413546e+31,6.95997016907608e+30,1245.876887733605,2419.5057153148136,4.75,1.1995912845825566e+33
