,ampl,dur,ed,ederr,istart,istop,istart_no_sys_no_thruster,istop_no_sys_no_thruster,corrected,myenerg,myenerg_err,L_bol,L_bol_err,myed,ED_true,count_true,energ_true
0,0.11853324979435052,0.04086355352046667,336.24389240920397,73.42605858645456,904,906,904,906,30.0,2.946391120739614e+32,1.6698666653016747e+32,1.950113960413546e+31,6.95997016907608e+30,594.2699190802355,1358.4532117126237,30.0,6.735212993996222e+32
1,0.0947766279976084,0.06129492987383856,339.29156152005544,69.48287389552097,1487,1490,1487,1490,,2.637417571289694e+32,1.4922561423727796e+32,1.950113960413546e+31,6.95997016907608e+30,531.9517546868246,1222.4021102838142,,6.060671435781215e+32
2,0.32988721902895884,0.04086311964056222,345.18417959477694,76.94048446411426,2056,2058,2056,2058,16.0,3.294091217102148e+32,1.8790974193361225e+32,1.950113960413546e+31,6.95997016907608e+30,664.3990023085627,1549.6681270535873,16.0,7.683256821598283e+32
