,ampl,dur,ed,ederr,istart,istop,istart_no_sys_no_thruster,istop_no_sys_no_thruster,corrected,myenerg,myenerg_err,L_bol,L_bol_err,myed,ED_true,count_true,energ_true
0,0.12145046962037633,0.10215796197007876,696.8403972996267,130.58506572862188,1821,1826,1821,1826,2.8,3.911739379126449e+32,2.188691010285516e+32,1.950113960413546e+31,6.95997016907608e+30,788.9750372696305,686.7615988906304,2.8,3.404965003391152e+32
