,ampl,dur,ed,ederr,istart,istop,istart_no_sys_no_thruster,istop_no_sys_no_thruster,corrected,myenerg,myenerg_err,L_bol,L_bol_err,myed,ED_true,count_true,energ_true
0,0.014888785348713346,0.04086318798363209,39.59152417424436,8.437763487272898,1577,1579,1577,1579,,2.008906673011061e+32,1.0051810013615727e+32,8.357184523416163e+31,2.79025363293769e+31,68.95188597655795,88.40104320867117,,2.5755560284952173e+32
1,0.027217567346102443,0.061294577251828734,91.58501094086884,19.08291415769108,2514,2517,2514,2517,6.5,3.486164968067816e+32,1.766780121146524e+32,8.357184523416163e+31,2.79025363293769e+31,119.65595644788785,166.82325367663194,6.5,4.8603797093866324e+32
