,ampl,dur,ed,ederr,istart,istop,istart_no_sys_no_thruster,istop_no_sys_no_thruster,corrected,myenerg,myenerg_err,L_bol,L_bol_err,myed,ED_true,count_true,energ_true
0,0.7173684079636778,0.06129485815472435,1310.9689229497867,270.957226758918,1674,1677,1674,1677,2.857142857142857,2.9964510516548036e+32,1.8115013160477087e+32,6.517184130558885e+30,5.177198004426185e+30,2017.3424418698457,8202.323872502295,2.857142857142857,1.2183287023392981e+33
