,ampl,dur,ed,ederr,istart,istop,istart_no_sys_no_thruster,istop_no_sys_no_thruster,corrected,myenerg,myenerg_err,L_bol,L_bol_err,myed,ED_true,count_true,energ_true
0,0.004261277233901621,0.040863654925487936,14.137715339003911,4.096992033783357,948,950,948,950,12.0,6.846320177123017e+32,4.4683640742299426e+32,5.035701647176669e+32,1.7972453895609597e+32,27.04707592847151,47.62861805482548,12.0,1.2056045158433689e+33
1,0.050033737481511874,0.30647493074502563,314.0106261310622,64.82275940057805,1485,1500,1485,1500,1.2857142857142856,6.675777216696761e+33,4.111827408863428e+33,5.035701647176669e+32,1.7972453895609597e+32,263.7332882340205,337.4408381872599,1.2857142857142856,8.541507500390623e+33
2,0.013791763316990271,0.04086335095780669,24.984175558800693,6.186190891528548,1629,1631,1629,1631,20.0,9.335901728635812e+32,5.7716481746165325e+32,5.035701647176669e+32,1.7972453895609597e+32,36.88241805560302,32.895838525577815,20.0,8.32679449847544e+32
3,0.008207571724466279,0.040863254442228936,22.95142871703235,7.197776364182848,2749,2751,2749,2751,12.0,8.902841181994383e+32,5.983718615892173e+32,5.035701647176669e+32,1.7972453895609597e+32,35.1715688426528,48.62531534919778,12.0,1.2308335232783718e+33
4,0.009159398142250436,0.04086334490420995,24.00828929306695,6.026575272175404,3031,3033,3031,3033,2.272727272727273,8.417173094497442e+32,5.227149496155297e+32,5.035701647176669e+32,1.7972453895609597e+32,33.25288825239076,62.63318197967023,2.272727272727273,1.5854091535767241e+33
5,0.015560959373551226,0.061294877137697774,45.00977408268189,10.10724718557436,3047,3050,3047,3050,1.5,1.7370780601612227e+33,1.0605286401597463e+33,5.035701647176669e+32,1.7972453895609597e+32,68.625014564548,127.5181185478666,1.5,3.227816087298428e+33
6,0.12459774498298798,0.04086333431041567,366.3406029013056,79.43187092494121,3230,3232,3230,3232,2.4,1.5550257426640643e+34,9.222696902170748e+33,5.035701647176669e+32,1.7972453895609597e+32,614.3285479563544,687.2786375597392,2.4,1.7396814413781876e+34
