,ampl,dur,ed,ederr,istart,istop,istart_no_sys_no_thruster,istop_no_sys_no_thruster,corrected,myenerg,myenerg_err,L_bol,L_bol_err,myed,ED_true,count_true,energ_true
0,0.11486174905349925,0.04086397762148408,263.1584747321832,58.88058538728052,593,595,593,595,4.0,6.558264167140866e+32,4.0557140524288805e+32,6.761763726573059e+31,2.257582772077468e+31,305.35907284905284,569.6207685986394,4.0,1.2233870900591724e+33
1,0.3629086939346686,0.040863856665964704,550.0042775065621,121.84002385169451,616,618,616,618,3.5,1.8381081718648094e+33,1.1333774905881396e+33,6.761763726573059e+31,2.257582772077468e+31,855.8408030727466,510.3920777605164,3.5,1.0961803242126106e+33
