,ampl,dur,ed,ederr,istart,istop,istart_no_sys_no_thruster,istop_no_sys_no_thruster,corrected,myenerg,myenerg_err,L_bol,L_bol_err,myed,ED_true,count_true,energ_true
0,0.15411941614669927,0.2247502355967299,1054.995038257425,213.6235963946009,940,950,940,950,2.0,2.344151918259744e+33,1.473978400802134e+33,6.761763726573059e+31,2.257582772077468e+31,1091.4596273257273,1767.2254671668375,2.0,3.7955091192945364e+33
1,0.4410760391473701,0.06129476910427911,651.4883474334747,135.1801552985397,1898,1901,1898,1901,2.0,2.322362311647978e+33,1.4292293513334632e+33,6.761763726573059e+31,2.257582772077468e+31,1081.3141773969924,1767.2254671668375,2.0,3.7955091192945364e+33
2,0.11879764627750394,0.040863060268748086,186.64263683205672,41.38590953075458,1975,1977,1975,1977,1.75,6.54010557204153e+32,4.0337674481730156e+32,6.761763726573059e+31,2.257582772077468e+31,304.5135912364706,1008.789906415422,1.75,2.1666003350383737e+33
3,0.03671454007954917,0.04086311723222025,77.28013766005874,17.557169383204187,2539,2541,2539,2541,2.7142857142857144,3.806848457708504e+32,2.3649050703898857e+32,6.761763726573059e+31,2.257582772077468e+31,177.25051719432315,539.9781686367456,2.7142857142857144,1.15972302423098e+33
