,ampl,dur,ed,ederr,istart,istop,istart_no_sys_no_thruster,istop_no_sys_no_thruster,corrected,myenerg,myenerg_err,L_bol,L_bol_err,myed,ED_true,count_true,energ_true
0,0.19403445151396692,0.061294787614315276,234.0264510231472,48.558402901987115,1851,1854,1851,1854,4.0,2.2106305804051077e+32,1.2559539784431e+32,1.950113960413546e+31,6.95997016907608e+30,445.87130570902093,906.1310720110795,4.0,4.492599169299779e+32
