,ampl,dur,ed,ederr,istart,istop,istart_no_sys_no_thruster,istop_no_sys_no_thruster,corrected,myenerg,myenerg_err,L_bol,L_bol_err,myed,ED_true,count_true,energ_true
0,0.05005214342952771,0.04086322802322684,121.93974922919905,26.181161748197603,2926,2928,2926,2928,9.0,3.181554153035965e+32,1.7002565136179867e+32,2.5945377341929524e+31,2.240303966236216e+31,461.2162909243812,1563.2376850950097,9.0,1.0783498863902428e+33
