,ampl,dur,ed,ederr,istart,istop,istart_no_sys_no_thruster,istop_no_sys_no_thruster,corrected,myenerg,myenerg_err,L_bol,L_bol_err,myed,ED_true,count_true,energ_true
0,0.05132859852068675,0.08172771496901987,170.08194608761855,34.01011433133556,665,669,665,669,7.0,1.7964614769028728e+32,1.0805327781552311e+32,3.388909656562385e+31,2.926219821264045e+31,182.98796747559635,201.50594741547218,7.0,1.978259428161518e+32
1,0.11691741885170424,0.08172739471046953,304.7748169648408,60.15846398235406,789,793,789,793,1.5555555555555554,4.0629697166073824e+32,2.434425417103929e+32,3.388909656562385e+31,2.926219821264045e+31,413.8550032470756,708.3160423704983,1.5555555555555554,6.953804127916778e+32
2,-0.004992223565588243,0.04086347913107602,-22.55581296590455,46.745482657991296,1148,1150,1148,1150,12.5,3.8541592689571633e+31,8.150633456285564e+31,3.388909656562385e+31,2.926219821264045e+31,39.25855243885268,153.99242928281635,12.5,1.5118014083530542e+32
3,0.026152212082773355,0.08172666874452261,127.4424140555149,24.501721727027586,1499,1503,1499,1503,2.5,1.659114777369433e+32,9.864864682546868e+31,3.388909656562385e+31,2.926219821264045e+31,168.99780196955118,293.38297756043255,2.5,2.88025067679199e+32
4,0.01775409851055161,0.08172627910244046,95.4103304481484,22.067224460910527,2845,2846,2845,2846,7.5,1.3161525437952386e+32,8.520297560971842e+31,3.388909656562385e+31,2.926219821264045e+31,134.06359221915437,193.51371453664453,7.5,1.8997966817890544e+32
