,ampl,dur,ed,ederr,istart,istop,istart_no_sys_no_thruster,istop_no_sys_no_thruster,corrected,myenerg,myenerg_err,L_bol,L_bol_err,myed,ED_true,count_true,energ_true
0,0.013532647739857543,0.04086348180862842,40.948377501013326,10.121929674438269,1386,1388,1386,1388,,2.3324466764356025e+32,1.487058158398736e+32,6.761763726573059e+31,2.257582772077468e+31,108.60095544103936,90.35880557095138,,1.9406559996157552e+32
