,ampl,dur,ed,ederr,istart,istop,istart_no_sys_no_thruster,istop_no_sys_no_thruster,corrected,myenerg,myenerg_err,L_bol,L_bol_err,myed,ED_true,count_true,energ_true
0,0.04050836901209634,0.06129593057994497,127.737948857351,25.875091805443386,684,687,684,687,4.0,2.630901381590235e+32,1.5734142794064521e+32,3.388909656562385e+31,2.926219821264045e+31,267.9842026314512,507.344060695148,4.0,4.980786841603974e+32
1,0.07113626361736833,0.08172749669029145,236.8438725989244,46.20545984891685,851,855,851,855,1.5555555555555554,3.486050843365688e+32,2.081584438376616e+32,3.388909656562385e+31,2.926219821264045e+31,355.0899179000679,882.7603529900073,1.5555555555555554,8.666389322539588e+32
2,0.0887274462938191,0.0408632176622632,220.45995601487687,48.06478593332147,1801,1803,1801,1803,4.0,3.077957971967196e+32,1.848741414898557e+32,3.388909656562385e+31,2.926219821264045e+31,313.52148682676,736.94059849606,4.0,7.23482212643558e+32
3,0.24650724992172585,0.16345263270341093,1238.8272567231722,222.0028148733413,2007,2015,2007,2015,2.125,1.3139105741786905e+33,7.772846957263102e+32,3.388909656562385e+31,2.926219821264045e+31,1338.3522469302102,2282.843340490411,2.125,2.2411528886686026e+33
