,ampl,dur,ed,ederr,istart,istop,istart_no_sys_no_thruster,istop_no_sys_no_thruster,corrected,myenerg,myenerg_err,L_bol,L_bol_err,myed,ED_true,count_true,energ_true
0,0.012918864981178186,0.04086358635686338,36.79293941069493,9.05011823290135,861,863,861,863,5.0,1.877147432917624e+32,9.896082692753932e+31,8.357184523416163e+31,2.79025363293769e+31,64.42950162623698,181.48996675969622,5.0,5.287693007150867e+32
1,0.008474062336031435,0.06129469087318285,33.49537452199797,6.431049710550402,2021,2024,2021,2022,19.0,8.55789014023541e+31,5.038901408922307e+31,8.357184523416163e+31,2.79025363293769e+31,29.373323961584177,80.48928427897151,19.0,2.3450476807680487e+32
2,-0.049682028105288205,0.06129499285452766,-303.3410363963605,440.05796383743416,3010,3013,3010,3013,19.0,7.443708126566927e+31,1.1781129736577996e+32,8.357184523416163e+31,2.79025363293769e+31,25.549106928721645,80.48928427897151,19.0,2.3450476807680487e+32
3,0.0017734350664791953,0.04086336528416723,5.802988144289321,12.054004966138285,3019,3021,3019,3021,19.0,5.3828626779530175e+31,1.0886205360188395e+32,8.357184523416163e+31,2.79025363293769e+31,18.475648400399447,80.48928427897151,19.0,2.3450476807680487e+32
