,ampl,dur,ed,ederr,istart,istop,istart_no_sys_no_thruster,istop_no_sys_no_thruster,corrected,myenerg,myenerg_err,L_bol,L_bol_err,myed,ED_true,count_true,energ_true
0,0.014056790538282769,0.040863250847905874,44.9026208397886,11.787736934311845,1412,1414,1412.0,1414.0,2.8,2.1113324862458456e+32,1.3725138812897634e+32,6.761763726573059e+31,2.257582772077468e+31,98.30566656743656,245.94287127556854,2.8,5.282169299248653e+32
1,0.010089730712868566,0.04086314909363864,16.984506806140814,4.116910116461732,1635,1637,1955.0,1958.0,1.5833333333333335,4.827929793755658e+32,2.959136807748574e+32,6.761763726573059e+31,2.257582772077468e+31,224.7930440173562,443.0202645224638,1.5833333333333335,9.51484394757506e+32
2,0.06719863716839405,0.06129472509928746,172.79181085404858,35.354506750812156,1955,1958,2204.0,2206.0,2.5999999999999996,3.7015495886525654e+32,2.2729966026645318e+32,6.761763726573059e+31,2.257582772077468e+31,172.3477008076217,273.05339337985254,2.5999999999999996,5.864427962828289e+32
3,0.015841472079050976,0.04086311218998162,32.48881022648635,7.096283168460215,2204,2206,2372.0,2374.0,3.5,5.998737896341645e+32,3.673387498074113e+32,6.761763726573059e+31,2.257582772077468e+31,279.3069927663402,561.9009368650119,3.5,1.2068070371520714e+33
4,0.07854159335698073,0.04086320596252335,168.10845438101762,36.367364889821204,2372,2374,2378.0,2380.0,,1.0139448519748471e+32,2.1398689841817567e+32,6.761763726573059e+31,2.257582772077468e+31,47.210245276546985,21.879158730944845,,4.69903518417065e+31
