,ampl,dur,ed,ederr,istart,istop,istart_no_sys_no_thruster,istop_no_sys_no_thruster,corrected,myenerg,myenerg_err,L_bol,L_bol_err,myed,ED_true,count_true,energ_true
0,0.01891332088035605,0.0612967371052946,39.009761164022,8.704578245242745,146,148,146,148,1.125,3.5665750531165137e+33,1.9315637768780398e+33,1.399780668113429e+33,3.706581214838105e+32,42.95150991168685,72.11785156994551,1.125,5.988467712138356e+33
1,0.006715303373664301,0.06129472137399716,13.90953845948982,3.3953984523831595,2021,2023,2021,2022,2.3000000000000003,1.3480587300366588e+33,7.537518542635839e+32,1.399780668113429e+33,3.706581214838105e+32,16.234386503127375,29.65969494395544,2.3000000000000003,2.462859356694569e+33
2,0.008098588314916572,0.040863125228497665,17.115267516090388,6.184578269044539,2153,2155,2153,2155,1.909090909090909,1.2752649111592206e+33,8.345613697749415e+32,1.399780668113429e+33,3.706581214838105e+32,15.35774592036668,32.25390790531801,1.909090909090909,2.6782756540375805e+33
3,0.007651324339527295,0.08172624661528971,34.662900909325714,9.609606354014183,2167,2171,2167,2171,1.1578947368421053,2.7087072054317963e+33,1.6451180739728417e+33,1.399780668113429e+33,3.706581214838105e+32,32.620388649973734,58.99084330167239,1.1578947368421053,4.898437110002572e+33
4,0.014254772744486909,0.06129478773073061,42.601896042843045,9.512373987359489,2906,2909,2906,2909,1.1111111111111112,4.1659275935580375e+33,2.3027278595697583e+33,1.399780668113429e+33,3.706581214838105e+32,50.16938594064471,84.58766430041213,1.1111111111111112,7.023926607366058e+33
