,ampl,dur,ed,ederr,istart,istop,istart_no_sys_no_thruster,istop_no_sys_no_thruster,corrected,myenerg,myenerg_err,L_bol,L_bol_err,myed,ED_true,count_true,energ_true
0,0.3004353625752787,0.10215793417592067,1445.3342740904175,262.7746687900333,2655,2660,2655,2660,2.25,1.2216690762082849e+33,6.4146455835936675e+32,2.5945377341929524e+31,2.240303966236216e+31,1771.0013815987716,4268.715165036441,2.25,2.94463763069375e+33
1,0.23474540805749555,0.20431578059651656,3800.235396872346,2943.8654173291475,2666,2672,2666,2672,2.0,4.354802110978856e+32,4.68704701447641e+32,2.5945377341929524e+31,2.240303966236216e+31,631.2970267750237,1116.6019434684492,2.0,7.702524001071181e+32
