,ampl,dur,ed,ederr,istart,istop,istart_no_sys_no_thruster,istop_no_sys_no_thruster,corrected,myenerg,myenerg_err,L_bol,L_bol_err,myed,ED_true,count_true,energ_true
0,0.006597622474945207,0.04086395294871181,18.84676210370481,31.63900075031547,609,611,609,611,4.2,3.64447256853245e+32,6.066496403982073e+32,2.897743840299961e+32,8.673992300987034e+31,30.71602474210013,72.14737740533238,4.2,8.560324457770765e+32
1,0.07996571139305661,0.04086384409310995,95.92332823239192,21.54478327631959,619,621,619,621,3.3333333333333335,1.8866234018834664e+33,9.004279304275072e+32,2.897743840299961e+32,8.673992300987034e+31,159.00674240665973,130.8824074605329,3.3333333333333335,1.552926681425721e+33
2,0.019005694868946585,0.18388632467394928,101.1203855916774,18.181747740500203,986,994,986,994,2.0,1.1478041270738325e+33,5.3189344423454685e+32,2.897743840299961e+32,8.673992300987034e+31,96.73822289319989,161.31237165094862,2.0,1.9139798147154303e+33
3,0.001805677075138391,0.14302091734862188,4.710973609788066,4.628855566776348,1977,1984,1977,1984,2.6666666666666665,4.327618338984833e+32,5.2493574425282215e+32,2.897743840299961e+32,8.673992300987034e+31,36.47365413650276,105.42324329865099,2.6666666666666665,1.2508523531726599e+33
4,0.0046309942390269105,0.06129478385992115,20.540238994638216,3.743732275415116,2868,2871,2868,2871,20.0,3.270173409047009e+32,1.4772212633883675e+32,2.897743840299961e+32,8.673992300987034e+31,27.561389324352522,62.48582190296723,20.0,7.413975791451908e+32
