,ampl,dur,ed,ederr,istart,istop,istart_no_sys_no_thruster,istop_no_sys_no_thruster,corrected,myenerg,myenerg_err,L_bol,L_bol_err,myed,ED_true,count_true,energ_true
0,0.1638963672966773,0.0817274782966706,297.34011804183194,59.18345863011729,916,920,916,920,8.428571428571429,9.772777986085418e+32,5.998086915303994e+32,6.761763726573059e+31,2.257582772077468e+31,455.02992086573244,2752.218819048701,8.428571428571429,5.911001069229843e+33
1,0.0933322953448128,0.04086332058068365,243.74760699138528,64.8552980335962,1483,1484,1483,1484,,5.3535309909261434e+32,4.015948200412003e+32,6.761763726573059e+31,2.257582772077468e+31,249.2655401178452,482.4319092001933,,1.0361296534185483e+33
2,-0.010083981515948512,0.04086329973506509,-47.97778192246521,72.89618041540666,1776,1778,1776,1778,,1.8370790989756743e+32,3.0794746475316562e+32,6.761763726573059e+31,2.257582772077468e+31,85.53616568607126,482.4319092001933,,1.0361296534185483e+33
3,0.4221489827219607,0.040863147463824134,418.81331744126993,93.59932357000015,1975,1977,1975,1977,,1.9176697304298684e+33,1.185506229606525e+33,6.761763726573059e+31,2.257582772077468e+31,892.8854282032461,347.4318150167446,,7.461869731558224e+32
4,0.25642215784606964,0.12258971591654699,640.9656043695363,122.21129588679071,3010,3016,3010,3016,16.333333333333332,1.5797021881235337e+33,9.671709119782522e+32,6.761763726573059e+31,2.257582772077468e+31,735.5244974118184,2795.5318154103834,16.333333333333332,6.004025346962943e+33
