,ampl,dur,ed,ederr,istart,istop,istart_no_sys_no_thruster,istop_no_sys_no_thruster,corrected,myenerg,myenerg_err,L_bol,L_bol_err,myed,ED_true,count_true,energ_true
0,0.035430424799160434,0.040863274938601535,68.66862188667712,15.957411045550694,1573,1575,1573,1575,3.666666666666667,1.0953648081089732e+32,6.707639210155544e+31,3.388909656562385e+31,2.926219821264045e+31,111.57410412480252,184.01532086732465,3.666666666666667,1.8065473902930605e+32
1,0.010518459354672214,0.0817262713026139,54.4766102871147,11.627225719094277,2036,2040,2036,2040,,9.011588117911319e+31,5.528863440359007e+31,3.388909656562385e+31,2.926219821264045e+31,91.79223794248844,41.38497017026817,,4.062917669358576e+31
2,0.01067041536546526,0.08172662561264588,57.897138783125754,11.116795546663106,3068,3072,3068,3072,1.75,8.606160371098992e+31,5.115195350860696e+31,3.388909656562385e+31,2.926219821264045e+31,87.66254185374734,228.21210600824753,1.75,2.240443798914627e+32
