,ampl,dur,ed,ederr,istart,istop,istart_no_sys_no_thruster,istop_no_sys_no_thruster,corrected,myenerg,myenerg_err,L_bol,L_bol_err,myed,ED_true,count_true,energ_true
0,0.4094129671400362,0.12259146301948932,1350.7504247739726,260.48367647560644,721,726,721,726,3.25,7.714143508199674e+32,4.354569914946687e+32,1.950113960413546e+31,6.95997016907608e+30,1555.8977917501938,3489.7432510756676,3.25,1.73021521004197e+33
1,0.0074216117122770705,0.040863308000552934,23.81260110171502,53.46536430154239,3140,3142,3140,3142,18.0,4.351055606662609e+31,9.666711639633492e+31,1.950113960413546e+31,6.95997016907608e+30,87.75825602664459,425.8328916077627,18.0,2.1112800942269922e+32
