,ampl,dur,ed,ederr,istart,istop,istart_no_sys_no_thruster,istop_no_sys_no_thruster,corrected,myenerg,myenerg_err,L_bol,L_bol_err,myed,ED_true,count_true,energ_true
0,0.14430987486823985,0.10216132859204664,960.4777306535956,181.4172673857088,52,57,52,57,3.5,5.396204642272889e+32,3.2110177567910644e+32,3.388909656562385e+31,2.926219821264045e+31,549.6586107007739,1146.8509518060143,3.5,1.1259065735803967e+33
1,0.4546261652252077,0.10215803973551374,1068.840640493207,210.0565639852701,1756,1761,1756,1761,2.5,1.2659482957187898e+33,7.621390939968957e+32,3.388909656562385e+31,2.926219821264045e+31,1289.497762914184,2503.0694537251543,2.5,2.4573571200681498e+33
