,ampl,dur,ed,ederr,istart,istop,istart_no_sys_no_thruster,istop_no_sys_no_thruster,corrected,myenerg,myenerg_err,L_bol,L_bol_err,myed,ED_true,count_true,energ_true
0,0.2861804689887509,0.040863485883164685,307.7957904387825,68.36508037870395,1177,1179,1177,1179,3.8000000000000003,5.868220091270725e+32,3.5442846141809526e+32,3.388909656562385e+31,2.926219821264045e+31,597.7382098125254,1467.3404916091229,3.8000000000000003,1.4405431696087105e+33
1,0.09733360931291804,0.06129471259191632,324.9665014526405,77.1201433442162,2654,2655,2654,2655,16.0,4.2370070392379924e+32,3.006516173258346e+32,3.388909656562385e+31,2.926219821264045e+31,431.58248382070536,1266.0265630336319,16.0,1.2429057388863453e+33
