,ampl,dur,ed,ederr,istart,istop,istart_no_sys_no_thruster,istop_no_sys_no_thruster,corrected,myenerg,myenerg_err,L_bol,L_bol_err,myed,ED_true,count_true,energ_true
0,0.0008592734469901821,0.06129591415810864,3.699674656025252,0.9271728147602708,629,632,629,632,,4.9064252134172236e+32,3.1638726087616712e+32,8.054896999449552e+32,2.967533721045604e+32,11.189435353708737,21.587880360390823,,9.466011211133106e+32
1,0.0019307825600683253,0.04086311524588382,4.381162763131363,1.2087320442039462,2480,2482,2480,2482,4.666666666666667,5.177364267291392e+32,3.381204029217839e+32,8.054896999449552e+32,2.967533721045604e+32,11.807330235674854,22.801450943408973,4.666666666666667,9.998146490399735e+32
