,ampl,dur,ed,ederr,istart,istop,istart_no_sys_no_thruster,istop_no_sys_no_thruster,corrected,myenerg,myenerg_err,L_bol,L_bol_err,myed,ED_true,count_true,energ_true
0,0.02176817986218456,0.04086389392614365,58.43332390847833,12.670011942130554,584,586,584,586,,1.0082915328841485e+32,6.046378664900638e+31,3.388909656562385e+31,2.926219821264045e+31,102.70480085295989,280.5642965139192,,2.754404879374532e+32
1,0.04834380439722052,0.04086301149072824,133.01178424611874,29.67636776074346,2274,2276,2274,2276,16.0,2.07825852339076e+32,1.2569207392618038e+32,3.388909656562385e+31,2.926219821264045e+31,211.69187760137558,242.30067633917886,16.0,2.3787565755048704e+32
2,-0.45818461845578107,0.06129488889564527,-2983.1678006307884,7747.996606227252,3081,3084,3081,3084,,7.148586597171928e+31,1.9100308540090033e+32,3.388909656562385e+31,2.926219821264045e+31,72.81566282150256,162.9464878932702,,1.599706758510878e+32
