,ampl,dur,ed,ederr,istart,istop,istart_no_sys_no_thruster,istop_no_sys_no_thruster,corrected,myenerg,myenerg_err,L_bol,L_bol_err,myed,ED_true,count_true,energ_true
0,0.005195995396918083,0.040863329311832786,7.202295035055013,10.001737108352973,1300,1302,1300,1302,9.0,8.06275968479153e+31,1.2037400192475191e+32,2.5945377341929524e+31,2.240303966236216e+31,116.88237690015977,743.4101496881109,9.0,5.12817889500153e+32
1,0.15140212647465065,0.0408631277969107,294.0398979490078,64.81881609970513,2127,2129,2127,2129,,3.189997987161225e+32,1.7197104763087512e+32,2.5945377341929524e+31,2.240303966236216e+31,462.44035742430765,770.567948053974,,5.315518344796445e+32
