,ampl,dur,ed,ederr,istart,istop,istart_no_sys_no_thruster,istop_no_sys_no_thruster,corrected,myenerg,myenerg_err,L_bol,L_bol_err,myed,ED_true,count_true,energ_true
0,0.2079317349453136,0.040863116380933207,490.674126074621,107.81328081894146,2180,2182,2180,2182,52.0,1.993027086505448e+32,9.911510851081206e+31,1.2304387258962846e+31,7.082974670228428e+30,701.6961151090618,3170.8006595411744,52.0,9.006023354415589e+32
1,0.7304723483521576,0.08172621163976146,2842.174612466823,624.2874217002418,2420,2421,2420,2421,6.333333333333334,4.7821698970462216e+32,2.383283614386388e+32,1.2304387258962846e+31,7.082974670228428e+30,1683.685114602512,11368.73377855979,6.333333333333334,3.229060824487737e+33
