,ampl,dur,ed,ederr,istart,istop,istart_no_sys_no_thruster,istop_no_sys_no_thruster,corrected,myenerg,myenerg_err,L_bol,L_bol_err,myed,ED_true,count_true,energ_true
0,0.09137198210908502,0.0408633889092016,133.7541311066838,81.00549324502605,1189,1191,1189,1191,6.0,7.331595740153807e+31,5.956184906577483e+31,1.2304387258962846e+31,7.082974670228428e+30,258.1275630044986,929.4373010335399,6.0,2.639880250556116e+32
