,ampl,dur,ed,ederr,istart,istop,istart_no_sys_no_thruster,istop_no_sys_no_thruster,corrected,myenerg,myenerg_err,L_bol,L_bol_err,myed,ED_true,count_true,energ_true
0,0.4458563372936409,0.06129471008171095,711.3233485060755,147.74450676055486,1948,1951,1948,1951,4.0,3.2550355390981737e+33,1.6477862221458744e+33,8.357184523416163e+31,2.79025363293769e+31,1117.2288009036113,1698.4884769506948,4.0,4.948530104801893e+33
1,0.07589842943443705,0.04086304164957255,213.2434107697816,47.142123699096295,2661,2663,2661,2663,3.2,1.0272887862964259e+33,5.206859868047788e+32,8.357184523416163e+31,2.79025363293769e+31,352.5972620297914,725.6834243001406,3.2,2.114271789557284e+33
