,ampl,dur,ed,ederr,istart,istop,istart_no_sys_no_thruster,istop_no_sys_no_thruster,corrected,myenerg,myenerg_err,L_bol,L_bol_err,myed,ED_true,count_true,energ_true
0,0.015641371075629764,0.22475020555430086,211.58667462271103,24.47575546066772,1094,1104,1094,1104,2.3333333333333335,7.224027943322869e+32,3.9444564771129225e+32,6.761763726573059e+31,2.257582772077468e+31,336.3576731265482,669.9188648621251,2.3333333333333335,1.438799523893232e+33
1,0.014289729488762754,0.0817264803845319,59.83990326011834,9.634206419535417,1692,1696,1692,1696,3.0,3.530614511747018e+32,2.0467947293749946e+32,6.761763726573059e+31,2.257582772077468e+31,164.3887995997713,436.20126784887526,3.0,9.368390851804905e+32
