,ampl,dur,ed,ederr,istart,istop,istart_no_sys_no_thruster,istop_no_sys_no_thruster,istart_no_sys_no_thruster.1,istop_no_sys_no_thruster.1,corrected,myenerg,myenerg_err,L_bol,L_bol_err,myed,ED_true,count_true,energ_true
0,0.8584010645146184,0.04086355562321842,2708.671997930365,658.1910758191011,1264,1266,1264,1266,1264,1266,2.6666666666666665,7.102734615447764e+32,4.2762764857530955e+32,1.3011615595745358e+28,1.1235132039949538e+28,3558.0763920423406,189413.85803333612,2.6666666666666665,3.7811340113657554e+34
1,0.4757795987558319,0.1021583378824289,3920.4164899820753,3770.483813610807,1557,1562,1557,1562,1557,1562,2.6666666666666665,1.836688861158821e+32,2.425939963283096e+32,1.3011615595745358e+28,1.1235132039949538e+28,920.0793258139147,189413.85803333612,2.6666666666666665,3.7811340113657554e+34
2,0.4565807223509925,0.040863226626242984,1365.2800094448226,373.87089192302483,2130,2132,2130,2132,2130,2132,2.6666666666666665,3.077728062326787e+32,1.947920182563103e+32,1.3011615595745358e+28,1.1235132039949538e+28,1541.7711842808037,189413.85803333612,2.6666666666666665,3.7811340113657554e+34
