,ampl,dur,ed,ederr,istart,istop,istart_no_sys_no_thruster,istop_no_sys_no_thruster,corrected,myenerg,myenerg_err,L_bol,L_bol_err,myed,ED_true,count_true,energ_true
0,0.03829255246570629,0.04086391196324257,93.49537841818504,20.549407301960077,622,624,622,624,3.2,4.762804301924578e+32,2.4090663783061717e+32,8.357184523416163e+31,2.79025363293769e+31,163.4741641147184,317.6665965292371,3.2,9.25518622909397e+32
1,0.007353947427480021,0.08172680064308224,33.50361553171674,6.261561201091572,1291,1295,1291,1295,2.6666666666666665,3.029888487743747e+32,1.4952847501893416e+32,8.357184523416163e+31,2.79025363293769e+31,103.99513742241531,283.71612175048716,2.6666666666666665,8.26604235914802e+32
2,0.003980331093383624,0.04086321475915612,-31.197205622696195,8.103011588649926,2142,2144,2142,2144,3.2,4.665728531203343e+32,2.5121354605901458e+32,8.357184523416163e+31,2.79025363293769e+31,160.1422236299848,317.6665965292371,3.2,9.25518622909397e+32
3,0.08944852967165866,0.04086320957139833,129.40305254566246,29.18838094447283,2444,2446,2444,2446,2.0,6.029625935053357e+32,3.0782477062522203e+32,8.357184523416163e+31,2.79025363293769e+31,206.95539794884564,656.3031037144332,2.0,1.912132882076697e+33
4,0.012917368865439163,0.10215779471036512,97.9326349261796,19.14367070281069,2524,2528,2524,2528,2.2857142857142856,4.89363991928996e+32,2.452647763177849e+32,8.357184523416163e+31,2.79025363293769e+31,167.96484687835755,426.8204697255849,2.2857142857142856,1.2435373995440151e+33
5,0.12991658517046986,0.12258980992191935,271.35447618410154,52.589759963172476,3062,3067,3062,3067,2.0,1.0591434195626771e+33,5.330337668282862e+32,8.357184523416163e+31,2.79025363293769e+31,363.5307567028291,666.5118050725837,2.0,1.9418758368787425e+33
