,ampl,dur,ed,ederr,istart,istop,istart_no_sys_no_thruster,istop_no_sys_no_thruster,corrected,myenerg,myenerg_err,L_bol,L_bol_err,myed,ED_true,count_true,energ_true
0,0.011526209159258002,0.04086408135481179,23.00691809769976,5.311430245699573,482,484,482,484,13.5,1.6846466025131874e+32,8.7788482643376e+31,1.091591113123216e+32,3.141851780902868e+31,43.42429655173331,91.50020617131484,13.5,3.549752643019128e+32
1,0.019061004918279768,0.04086357726919232,39.39025145351432,9.79340467457361,1100,1102,1100,1102,4.0,4.047510623467648e+32,2.1678970275560563e+32,1.091591113123216e+32,3.141851780902868e+31,104.33066575954129,217.6669871044321,4.0,8.444395866445568e+32
2,0.008695198323701903,0.06129465932463062,24.08565658489049,5.967044991359449,2376,2379,2376,2379,6.2,2.93796347594844e+32,1.607543010825025e+32,1.091591113123216e+32,3.141851780902868e+31,75.73042147084233,174.2902779676455,6.2,6.761595418810602e+32
