,ampl,dur,ed,ederr,istart,istop,istart_no_sys_no_thruster,istop_no_sys_no_thruster,corrected,myenerg,myenerg_err,L_bol,L_bol_err,myed,ED_true,count_true,energ_true
0,0.062103759220010685,0.0408642667971435,181.37497972095886,39.07572767211703,262,264,262,264,4.25,2.265847196571748e+32,1.2787482877490323e+32,1.950113960413546e+31,6.95997016907608e+30,457.00817541727497,1695.2688095695144,4.25,8.405145216694103e+32
1,0.29921512460161304,0.04086330404243199,781.6841715983954,173.03157046924653,1476,1478,1476,1478,4.666666666666667,5.6500555725580964e+32,3.215943044004678e+32,1.950113960413546e+31,6.95997016907608e+30,1139.583283518748,1178.3072267023747,4.666666666666667,5.842048939028423e+32
2,-0.017900649624377513,0.04086340055073378,-75.99408026559328,146.39851608096942,1484,1486,1484,1486,7.333333333333334,6.461903471195914e+31,1.2674294352933313e+32,1.950113960413546e+31,6.95997016907608e+30,130.33282736637926,882.3038524036269,7.333333333333334,4.3744637799266e+32
