,ampl,dur,ed,ederr,istart,istop,istart_no_sys_no_thruster,istop_no_sys_no_thruster,corrected,myenerg,myenerg_err,L_bol,L_bol_err,myed,ED_true,count_true,energ_true
0,0.16030274088809285,0.061296450257941615,313.1382677780647,66.08574486387506,229,232,229,232,16.0,7.320969620242291e+32,4.527975761801263e+32,6.761763726573059e+31,2.257582772077468e+31,340.87137062791805,814.2812003672224,16.0,1.7488496963653822e+33
1,0.19928864386905626,0.040864253642212134,449.86376764212935,99.00256927318651,366,368,366,368,2.75,2.151175786851159e+33,1.3238624356605235e+33,6.761763726573059e+31,2.257582772077468e+31,1001.6080887674501,1695.5145340444878,2.75,3.641493966346708e+33
2,0.02072277075830489,0.040864111731934834,69.75968582254299,18.442914935585197,407,409,407,409,10.5,2.34839948495273e+32,1.5301905841645959e+32,6.761763726573059e+31,2.257582772077468e+31,109.3437335137092,534.6081976773626,10.5,1.1481898191446133e+33
3,0.8435649659539932,0.061296195424802136,1648.5176402142856,344.72144019936945,455,458,455,458,2.25,3.808084309359793e+33,2.3489011714109897e+33,6.761763726573059e+31,2.257582772077468e+31,1773.080596331147,4324.751879329704,2.25,9.288365011510118e+33
4,0.04296419684476102,0.0612956767945434,167.50027089041546,35.30124222230558,755,758,755,758,2.25,4.2819820553634965e+32,2.6473048151847967e+32,6.761763726573059e+31,2.257582772077468e+31,199.3731934333035,878.7327753913574,2.25,1.887273765790535e+33
5,0.13617146413285974,0.040863736874598544,318.33515866090147,69.11552509492617,811,813,811,813,4.0,1.2776774522090092e+33,7.832153087123061e+32,6.761763726573059e+31,2.257582772077468e+31,594.8988821790211,1136.9407283137975,4.0,2.4418326821254445e+33
6,0.6412846221753161,0.20431565351464087,1791.1361367630172,409.01973859538117,2002,2012,2002,2012,2.2857142857142856,3.997607599018273e+33,2.6122592134525975e+33,6.761763726573059e+31,2.257582772077468e+31,1861.3244586375447,2856.5095595928715,2.2857142857142856,6.134988593259798e+33
