,ampl,dur,ed,ederr,istart,istop,istart_no_sys_no_thruster,istop_no_sys_no_thruster,corrected,myenerg,myenerg_err,L_bol,L_bol_err,myed,ED_true,count_true,energ_true
0,0.22379691261693,0.08172633102367399,587.2896177202603,117.83062736748538,2184,2188,2187,2188,,4.117861996112738e+31,1.0405961431777456e+32,3.388909656562385e+31,2.926219821264045e+31,41.944634310375015,69.0344960346822,,6.7773752785275335e+31
1,0.16548848218885648,0.10215786517073866,344.89644884485534,69.14628532184987,2402,2406,2402,2406,1.7,3.963467367424781e+32,2.385787277015867e+32,3.388909656562385e+31,2.926219821264045e+31,403.71967172448615,424.24099415281455,1.7,4.164932882923833e+32
