,ampl,dur,ed,ederr,istart,istop,istart_no_sys_no_thruster,istop_no_sys_no_thruster,corrected,myenerg,myenerg_err,L_bol,L_bol_err,myed,ED_true,count_true,energ_true
0,0.398522398357794,0.1021594435951556,746.6608494198558,146.67865696282743,712,717,712,717,1.5714285714285714,2.2611995986022817e+33,1.3907623340115107e+33,6.761763726573059e+31,2.257582772077468e+31,1052.8362312932923,1308.857215459136,1.5714285714285714,2.8110615138960163e+33
1,0.06619041447405746,0.04086323839146644,104.19975505939634,23.95493190412109,1621,1623,1621,1623,,3.254000522703628e+32,2.0286514149212608e+32,6.761763726573059e+31,2.257582772077468e+31,151.50938683464148,24.90434001512552,,5.348760041861541e+31
2,0.17278739237567006,0.06129496311041294,236.79985358328216,50.034587098727954,2978,2981,2978,2981,1.5454545454545454,7.244940467751042e+32,4.482530193488017e+32,6.761763726573059e+31,2.257582772077468e+31,337.33138033131667,551.8979683271386,1.5454545454545454,1.185323440966475e+33
