,ampl,dur,ed,ederr,istart,istop,istart_no_sys_no_thruster,istop_no_sys_no_thruster,corrected,myenerg,myenerg_err,L_bol,L_bol_err,myed,ED_true,count_true,energ_true
0,0.04519046844394471,0.040864469825464766,118.20291285544474,27.50836029501948,59,61,59.0,61.0,6.0,1.663507105824167e+32,1.0191347840901028e+32,3.388909656562385e+31,2.926219821264045e+31,169.44520552746252,514.8362899020785,6.0,5.054340864483496e+32
1,0.5390636492762667,0.2247512562025804,2203.90487853256,402.55668678380476,639,649,639.0,649.0,4.5,2.2116990839893593e+33,1.319901599861874e+33,3.388909656562385e+31,2.926219821264045e+31,2252.8416292264997,795.7269234277337,4.5,7.811949516642429e+32
2,0.20619295087408765,0.04086392674798845,377.177490977463,84.17227877475693,687,689,687.0,689.0,2.6666666666666665,4.04590841031608e+32,2.4471202079941246e+32,3.388909656562385e+31,2.926219821264045e+31,412.1171347757147,943.1640560264343,2.6666666666666665,9.259395119938227e+32
3,0.09316905642458982,0.04086310672573745,100.44368950222523,22.485332654748774,2184,2186,2595.0,2603.0,2.0,1.3110563141194163e+33,7.83240597054799e+32,3.388909656562385e+31,2.926219821264045e+31,1335.4448912556882,2008.7898660545877,2.0,1.972104318848841e+33
4,0.31566552682637583,0.20431575625843834,1069.8416636819647,198.33628273647702,2595,2603,2995.0,2998.0,4.5,1.8471957945445083e+32,1.0728379134479225e+32,3.388909656562385e+31,2.926219821264045e+31,188.1557764076919,557.7386469870505,4.5,5.47552938761282e+32
5,0.00587425005317229,0.08172660080890637,38.250556111850095,6.985900558384764,2995,2998,3250.0,3252.0,,5.732534509886183e+31,1.0152050129969113e+32,3.388909656562385e+31,2.926219821264045e+31,58.39172461723212,144.75471871338888,,1.4211113405759578e+32
