,ampl,dur,ed,ederr,istart,istop,istart_no_sys_no_thruster,istop_no_sys_no_thruster,corrected,myenerg,myenerg_err,L_bol,L_bol_err,myed,ED_true,count_true,energ_true
0,0.0456824349079266,0.28605042825074634,516.1203101517007,394.3635153831299,245,258,245,258,,1.541116801636084e+33,1.6376643632267024e+33,8.357184523416163e+31,2.79025363293769e+31,528.9589178560304,956.5516249267622,,2.7869041073775037e+33
1,0.1579054016161261,0.06129634269018425,622.2862162691375,131.30701796774954,358,361,358,361,3.090909090909091,2.40767332708904e+33,1.2257173540708613e+33,8.357184523416163e+31,2.79025363293769e+31,826.3879001875829,2819.373244858003,3.090909090909091,8.214217269168928e+33
2,0.1407231669873618,0.1430248608085094,1266.3634897466927,425.73111639026536,366,373,366,373,9.333333333333334,1.8738068091053447e+33,1.2007755337280248e+33,8.357184523416163e+31,2.79025363293769e+31,643.1484109208204,1833.7481494358346,9.333333333333334,5.342607880625266e+33
3,0.021079152641247816,0.040863914757210296,63.428462008219356,16.609819166234587,676,678,676,678,,3.455796249710362e+32,1.866695293200191e+32,8.357184523416163e+31,2.79025363293769e+31,118.61360817279413,157.81031480520585,,4.597788588261906e+32
