,ampl,dur,ed,ederr,istart,istop,istart_no_sys_no_thruster,istop_no_sys_no_thruster,corrected,myenerg,myenerg_err,L_bol,L_bol_err,myed,ED_true,count_true,energ_true
0,0.05694973595396782,0.20431566923070926,300.5079200680468,55.416097950366755,2182,2191,2182,2183,1.2777777777777777,1.0783229903925837e+34,6.58638758667342e+33,8.054896999449552e+32,2.967533721045604e+32,245.9188689643168,308.549224035199,1.2777777777777777,1.3529491386576953e+34
