,ampl,dur,ed,ederr,istart,istop,istart_no_sys_no_thruster,istop_no_sys_no_thruster,corrected,myenerg,myenerg_err,L_bol,L_bol_err,myed,ED_true,count_true,energ_true
0,0.8584010645146184,0.04086355562321842,2708.671997930365,658.1910758191011,1264,1266,1264,1266,2.6666666666666665,3.493096982474583e+33,2.1693171177835128e+33,3.388909656562385e+31,2.926219821264045e+31,3558.0763920423406,189413.85803333612,2.6666666666666665,1.8595468535045497e+35
1,0.4757795987558319,0.1021583378824289,3920.4164899820753,3770.483813610807,1557,1562,1557,1562,2.6666666666666665,9.032763669228126e+32,1.1747876873338631e+33,3.388909656562385e+31,2.926219821264045e+31,920.0793258139147,189413.85803333612,2.6666666666666665,1.8595468535045497e+35
2,0.4565807223509925,0.04086322662624298,1365.2800094448226,373.8708919230248,2130,2132,2130,2132,2.6666666666666665,1.513614570930059e+33,9.781233902044273e+32,3.388909656562385e+31,2.926219821264045e+31,1541.7711842808037,189413.85803333612,2.6666666666666665,1.8595468535045497e+35
