,ampl,dur,ed,ederr,istart,istop,istart_no_sys_no_thruster,istop_no_sys_no_thruster,corrected,myenerg,myenerg_err,L_bol,L_bol_err,myed,ED_true,count_true,energ_true
0,0.06820982277581578,0.040863011905457824,115.15144100787079,26.37586307591701,2504,2506,2504,2506,2.0,1.5079426276066337e+32,9.193134848405705e+31,3.388909656562385e+31,2.926219821264045e+31,153.5993730137007,349.1660822049645,2.0,3.427894327565409e+32
1,3.8802855207092666,0.14302151642186806,24112.213479365462,5387.030493246173,3074,3075,3074,3075,1.5,6.909474222250037e+33,4.1805474149668244e+33,3.388909656562385e+31,2.926219821264045e+31,7038.005882732989,7709.243204340574,1.5,7.568453064827927e+33
