,ampl,dur,ed,ederr,istart,istop,istart_no_sys_no_thruster,istop_no_sys_no_thruster,corrected,myenerg,myenerg_err,L_bol,L_bol_err,myed,ED_true,count_true,energ_true
0,0.017643655856883118,0.04086324676609365,51.517061477343155,11.222038637858038,1665,1667,1665,1667,1.7777777777777777,1.8532830694001464e+32,1.1371444290018483e+32,6.761763726573059e+31,2.257582772077468e+31,86.29063809815884,225.75744693698525,1.7777777777777777,4.848642487999447e+32
