,ampl,dur,ed,ederr,istart,istop,istart_no_sys_no_thruster,istop_no_sys_no_thruster,corrected,myenerg,myenerg_err,L_bol,L_bol_err,myed,ED_true,count_true,energ_true
0,0.11878270329202248,0.0817264297438669,420.4400260752462,85.22213781449331,1876,1880,1876,1880,11.333333333333332,1.914357883105236e+33,9.838058408438327e+32,1.091591113123216e+32,3.141851780902868e+31,493.45449839803683,316.44323154254255,11.333333333333332,1.2276422584562497e+33
