,ampl,dur,ed,ederr,istart,istop,istart_no_sys_no_thruster,istop_no_sys_no_thruster,corrected,myenerg,myenerg_err,L_bol,L_bol_err,myed,ED_true,count_true,energ_true
0,0.43427204641589895,0.061296017192944426,508.61272285406375,106.87081562589876,441,444,441,444,6.5,9.8639650267601e+32,5.9637247525437405e+32,3.388909656562385e+31,2.926219821264045e+31,1004.7456818328342,1936.2168747274063,6.5,1.9008566925805868e+33
1,0.1464260289579099,0.10215985267132056,217.3604994165866,42.21675161826497,557,562,557,562,6.0,4.319146855884077e+32,2.591176852017694e+32,3.388909656562385e+31,2.926219821264045e+31,439.9492638992842,1334.698288635984,6.0,1.310323346338334e+33
2,0.9426302337139478,0.10215779607824517,2268.672164487533,446.1330447701399,2006,2011,2006,2011,2.0,2.184147584487963e+33,1.3151658864604185e+33,3.388909656562385e+31,2.926219821264045e+31,2224.777610267645,3321.5544748026673,2.0,3.260894549371462e+33
3,0.026144139269650445,0.14302090955607127,254.8822455851564,567.5675890587434,2016,2023,2016,2022,13.0,1.8093150906021575e+32,8.430195670078898e+32,3.388909656562385e+31,2.926219821264045e+31,184.2972394392811,932.2173364903234,13.0,9.151927070446362e+32
