,ampl,dur,ed,ederr,istart,istop,istart_no_sys_no_thruster,istop_no_sys_no_thruster,corrected,myenerg,myenerg_err,L_bol,L_bol_err,myed,ED_true,count_true,energ_true
0,0.034237585955783516,0.16345344551518792,290.3006247232307,52.25079492782013,1458,1466,1458,1466,3.181818181818182,1.2066674993561012e+33,6.061160314762753e+32,1.091591113123216e+32,3.141851780902868e+31,311.03667233951893,524.6812436774604,3.181818181818182,2.0355021146067266e+33
