,ampl,dur,ed,ederr,istart,istop,istart_no_sys_no_thruster,istop_no_sys_no_thruster,corrected,myenerg,myenerg_err,L_bol,L_bol_err,myed,ED_true,count_true,energ_true
0,0.08021948190574603,0.04086324804666218,139.45516655682735,30.252706445696912,1353,1355,1353,1355,1.5,8.12842133795863e+32,4.981517576777338e+32,6.761763726573059e+31,2.257582772077468e+31,378.4670974252007,601.4575833669315,1.5,1.2917637194295412e+33
1,0.01975189575613736,0.04086310706770746,55.656665450674346,12.016015713915408,2266,2268,2266,2268,2.5,1.939216775940765e+32,1.186806344428289e+32,6.761763726573059e+31,2.257582772077468e+31,90.29179393558309,278.4557283447605,2.5,5.980455102577832e+32
2,0.017251160718050572,0.04086315470340196,52.50990234416071,10.413205846012644,2682,2684,2682,2684,,2.6107754405886112e+32,1.5603143600939676e+32,6.761763726573059e+31,2.257582772077468e+31,121.56020978074945,194.65604555779274,,4.1806708298792635e+32
