,ampl,dur,ed,ederr,istart,istop,istart_no_sys_no_thruster,istop_no_sys_no_thruster,corrected,myenerg,myenerg_err,L_bol,L_bol_err,myed,ED_true,count_true,energ_true
0,0.20685526561382844,0.040864009759388864,349.5598961746662,76.87288393781016,591,593,591,593,4.5,5.577686387680881e+32,3.358796017580891e+32,3.388909656562385e+31,2.926219821264045e+31,568.1443818420427,1017.3130219290844,4.5,9.98734331584384e+32
1,-2.144567854372882e-12,0.040863109985366464,-61.456902458965686,13.863352429477592,2451,2453,2451,2453,4.666666666666667,3.2640423550378744e+32,1.9806535098250507e+32,3.388909656562385e+31,2.926219821264045e+31,332.4760836688579,952.7794301831245,4.666666666666667,9.353792852733446e+32
2,0.19876447490815768,0.08172637403913541,479.27054145770416,97.1255987656946,3044,3048,3044,3048,17.0,4.117533627257176e+32,2.4865138667521303e+32,3.388909656562385e+31,2.926219821264045e+31,419.4128953787451,277.8626585734527,17.0,2.7278818868983488e+32
