,ampl,dur,ed,ederr,istart,istop,istart_no_sys_no_thruster,istop_no_sys_no_thruster,corrected,myenerg,myenerg_err,L_bol,L_bol_err,myed,ED_true,count_true,energ_true
0,0.04941483863870209,0.06129638553102267,70.95340238017013,14.88572171848992,301,304,301,304,,4.713603042249172e+32,2.424202962123939e+32,1.091591113123216e+32,3.141851780902868e+31,121.50019833740063,27.48843021422902,,1.066414294441192e+32
1,0.023957725734924988,0.040863143280148506,36.58475075171239,8.32735010052293,1653,1655,1653,1655,1.7272727272727273,6.232503496357375e+32,3.2313054692478824e+32,1.091591113123216e+32,3.141851780902868e+31,160.65213896005753,307.9956621667956,1.7272727272727273,1.1948698932634311e+33
2,-0.000561430978462351,0.06129486003192141,-5.356510429183851,7.041304201545447,1661,1664,1661,1664,4.0,8.27113336903513e+31,1.2167076907211413e+32,1.091591113123216e+32,3.141851780902868e+31,21.32008859900378,64.69336451905586,4.0,2.5097805928147938e+32
3,0.030990525340280805,0.04086314588494133,48.969640843314714,11.233053801627506,2688,2690,2688,2690,1.2999999999999998,3.05875352047208e+32,1.5902628350590726e+32,1.091591113123216e+32,3.141851780902868e+31,78.84396629743486,157.82406443378002,1.2999999999999998,6.122788278825375e+32
