,ampl,dur,ed,ederr,istart,istop,istart_no_sys_no_thruster,istop_no_sys_no_thruster,corrected,myenerg,myenerg_err,L_bol,L_bol_err,myed,ED_true,count_true,energ_true
0,0.009518479037634165,0.040864314883947365,13.863183559333635,3.129611491909176,174,176,174,176,1.4166666666666665,4.745070099214819e+32,2.584522199200109e+32,4.227270036854636e+32,1.5087155904928934e+32,23.843207500999426,42.92547113427651,1.4166666666666665,8.542658095200763e+32
1,0.005572966675139673,0.06129612243239535,23.869069398979,6.088844945143531,483,485,483,485,1.7,6.419187722259181e+32,3.6501700245196345e+32,4.227270036854636e+32,1.5087155904928934e+32,32.25537698063088,55.769220813850225,1.7,1.1098710696923519e+33
2,-0.004065135677980575,0.08172779366577743,-83.44169438830845,135.48303612301112,674,678,674,678,3.142857142857143,4.527947178142907e+32,8.207444773098224e+32,4.227270036854636e+32,1.5087155904928934e+32,22.752200044397817,38.054001896664914,3.142857142857143,7.573180183402752e+32
3,0.04238564287564391,0.1021588942312519,94.22857019766094,18.428080658647282,1085,1090,1085,1090,1.222222222222222,2.6754676524452027e+33,1.4417546420502517e+33,4.227270036854636e+32,1.5087155904928934e+32,134.43790937887007,183.3294284529241,1.222222222222222,3.6484646171101304e+33
4,0.0025490471580779392,0.0408631197642535,7.968629072709513,2.2688689122967345,1720,1722,1720,1722,,3.1677054272124058e+32,1.8779056086762007e+32,4.227270036854636e+32,1.5087155904928934e+32,15.917205905043494,10.222645106777597,,2.0344229118092352e+32
5,0.0076554812200368295,0.040863208007067435,15.50469177866271,3.4375856252770163,2935,2937,2935,2937,3.142857142857143,4.1041763719156724e+32,2.2219142932268576e+32,4.227270036854636e+32,1.5087155904928934e+32,20.622820487410085,38.114259041138865,3.142857142857143,7.585172042069225e+32
6,0.00265784124840362,0.040863205678761005,7.568923631425286,1.7756545133768231,3174,3176,3174,3176,4.0,2.512318292049486e+32,1.3865478373792471e+32,4.227270036854636e+32,1.5087155904928934e+32,12.62399186806629,27.64093775095495,4.0,5.500861712117245e+32
