,ampl,dur,ed,ederr,istart,istop,istart_no_sys_no_thruster,istop_no_sys_no_thruster,corrected,myenerg,myenerg_err,L_bol,L_bol_err,myed,ED_true,count_true,energ_true
0,0.14414535604420922,0.08172868446854409,421.1840753469666,85.69714015367344,239,243,239,243,4.0,2.2055714709761843e+33,1.1209965620866877e+33,1.3742317915994988e+32,5.53749986589713e+31,424.772284640397,981.9937780850559,4.0,5.0988671811629265e+33
1,0.0036008401411304213,0.04086432314215928,10.47554918320106,41.88359250486688,252,254,252,254,,1.341317186296425e+32,4.816410342748178e+32,1.3742317915994988e+32,5.53749986589713e+31,25.83250523268641,86.55661629372237,,4.4943328560921525e+32
2,0.35170255670713146,0.06129513686028076,870.7519594764641,180.73746259580147,1287,1290,1289,1290,5.166666666666667,9.087161058498708e+32,1.0638505770574484e+33,1.3742317915994988e+32,5.53749986589713e+31,175.01016015614866,406.7863480821947,5.166666666666667,2.1121819773910704e+33
