,ampl,dur,ed,ederr,istart,istop,istart_no_sys_no_thruster,istop_no_sys_no_thruster,corrected,myenerg,myenerg_err,L_bol,L_bol_err,myed,ED_true,count_true,energ_true
0,1.3350738762035284,0.08172764663322596,1697.3580539538682,343.9537328397468,780,784,780,784,2.5,1.372130073517733e+33,7.816992234385764e+32,1.950113960413546e+31,6.95997016907608e+30,2767.5063979701786,4514.576436836826,2.5,2.2383276521860057e+33
