,ampl,dur,ed,ederr,istart,istop,istart_no_sys_no_thruster,istop_no_sys_no_thruster,corrected,myenerg,myenerg_err,L_bol,L_bol_err,myed,ED_true,count_true,energ_true
0,0.006464561452152501,0.04086311435094103,15.784131154704303,3.474059383994462,2516,2518,2516,2518,1.75,5.598779375051945e+33,2.631973339240252e+33,2.3017597493486285e+33,5.034997802178657e+32,40.2502007267528,96.36968246634316,1.75,1.3404966455589543e+34
1,0.016146186124896374,0.04086324363015592,44.25540146425283,10.02510870371616,2758,2760,2758,2760,2.0,8.071229390065864e+33,3.8366425690519305e+33,2.3017597493486285e+33,5.034997802178657e+32,58.02489816073588,116.81262437340011,2.0,1.6248567715906767e+34
