,ampl,dur,ed,ederr,istart,istop,istart_no_sys_no_thruster,istop_no_sys_no_thruster,corrected,myenerg,myenerg_err,L_bol,L_bol_err,myed,ED_true,count_true,energ_true
0,0.23656772411938026,0.10216080168902407,356.64422220328345,69.80928234910607,303,308,303,308,5.5,6.072664017537816e+32,3.651557596845489e+32,3.388909656562385e+31,2.926219821264045e+31,618.5629138272435,722.0341569283775,5.5,7.088480001303136e+32
1,0.02385094565210201,0.061296324529394035,105.80765048199169,23.12500169913769,365,367,365,367,4.8,1.5507412294517376e+32,9.32114882607351e+31,3.388909656562385e+31,2.926219821264045e+31,157.9588481614421,445.714986442869,4.8,4.375751115601e+32
2,0.07776245632687383,0.04086369613651186,215.3369365511137,47.014853459498866,920,922,920,922,4.5,3.0399953985966385e+32,1.8267118034745332e+32,3.388909656562385e+31,2.926219821264045e+31,309.65461062009746,727.2593934697032,4.5,7.13977810731357e+32
3,0.021748974589300942,0.12258933395787608,179.54344716289174,30.375151840262088,2461,2467,2461,2467,2.5,3.711913436284761e+32,2.150148732418805e+32,3.388909656562385e+31,2.926219821264045e+31,378.0963320861839,1015.3677589935317,2.5,9.968245940347643e+32
4,0.23390390771232866,0.061294785606150974,555.7319159241832,113.5361143924312,2891,2894,2891,2894,,7.736578752191847e+32,4.6385051151410805e+32,3.388909656562385e+31,2.926219821264045e+31,788.0496405184049,151.32158832342344,,1.485580761385523e+32
5,0.14977222382475766,0.06129490915191128,346.85066590457143,70.78244847734494,2939,2942,2939,2942,2.3333333333333335,4.2574986836580316e+32,2.5517631155112447e+32,3.388909656562385e+31,2.926219821264045e+31,433.6697673004047,858.0686177144449,2.3333333333333335,8.423981300676909e+32
