,ampl,dur,ed,ederr,istart,istop,istart_no_sys_no_thruster,istop_no_sys_no_thruster,corrected,myenerg,myenerg_err,L_bol,L_bol_err,myed,ED_true,count_true,energ_true
0,0.30463346248554296,0.04086345573887229,483.4113824730529,106.53229819934744,1016,1018,1016,1018,2.4,1.6660013915381738e+33,1.0256927651150702e+33,6.761763726573059e+31,2.257582772077468e+31,775.7062346378667,1624.2252274068583,2.4,3.4883843499008264e+33
1,0.00841269202205978,0.04086316125903977,17.021336799058833,56.55732602376092,3004,3006,3004,3006,,1.0846260049227541e+32,3.415187640631602e+32,6.761763726573059e+31,2.257582772077468e+31,50.50122758253792,40.272270341621656,,8.649364338403886e+31
2,0.1307339260360373,0.3882011397072347,2471.85517129281,343.29941796299926,3010,3027,3010,3027,1.5,4.785768655506255e+33,2.731216246817045e+33,6.761763726573059e+31,2.257582772077468e+31,2228.2998096317137,3484.962872679935,1.5,7.484731636911638e+33
