,ampl,dur,ed,ederr,istart,istop,istart_no_sys_no_thruster,istop_no_sys_no_thruster,corrected,myenerg,myenerg_err,L_bol,L_bol_err,myed,ED_true,count_true,energ_true
0,-0.1018352950170232,0.10215890191466316,-1082.079993657074,1152.404930845183,1074,1079,1074,1079,25.0,9.133352565767498e+31,1.215926034249404e+32,2.5945377341929524e+31,2.240303966236216e+31,132.40230376302972,499.9774622229457,25.0,3.448935787093868e+32
