,ampl,dur,ed,ederr,istart,istop,istart_no_sys_no_thruster,istop_no_sys_no_thruster,corrected,myenerg,myenerg_err,L_bol,L_bol_err,myed,ED_true,count_true,energ_true
0,0.07768456425503177,0.040863643982447684,139.9455734842388,30.27463591520431,977,979,977,979,8.666666666666666,3.930832533395094e+32,2.355590281977371e+32,3.388909656562385e+31,2.926219821264045e+31,400.39548023762427,825.5980033184977,8.666666666666666,8.105205106272399e+32
1,0.044687650897844204,0.061294582868868026,155.28503611191087,211.7140441594857,2532,2534,2532,2534,6.5,1.763536894596043e+32,2.7084913238329434e+32,3.388909656562385e+31,2.926219821264045e+31,179.63426216447743,371.08120518926006,6.5,3.6430433056430316e+32
