,ampl,dur,ed,ederr,istart,istop,istart_no_sys_no_thruster,istop_no_sys_no_thruster,corrected,myenerg,myenerg_err,L_bol,L_bol_err,myed,ED_true,count_true,energ_true
0,0.013765115938998035,0.040864379370759714,31.450801771108107,6.968219233222097,267,269,267,269,,2.794982639296382e+32,1.4088799384299235e+32,1.577829208301114e+32,6.357900525068292e+31,42.82354842667526,9.779505041367388,,6.382830899297202e+31
1,0.002090969876056596,0.0408637910077232,6.212992608796254,1.3827952000630666,656,658,656,658,,9.469845048858609e+31,4.781285369467541e+31,1.577829208301114e+32,6.357900525068292e+31,14.509298281187093,26.396847703512762,,1.7228542186268513e+32
2,0.0010655628631297477,0.04086348029522924,3.3631776410165326,7.283467860177139,1176,1178,1176,1178,,4.248720015623847e+31,8.885851929550124e+31,1.577829208301114e+32,6.357900525068292e+31,6.509710106330241,26.396847703512762,,1.7228542186268513e+32
