,ampl,dur,ed,ederr,istart,istop,istart_no_sys_no_thruster,istop_no_sys_no_thruster,corrected,myenerg,myenerg_err,L_bol,L_bol_err,myed,ED_true,count_true,energ_true
0,0.010720003723079562,0.04086311368155293,17.334081913802553,3.901600397840858,2422,2424,2422,2424,1.4615384615384615,2.1427880437154924e+33,1.1638794014899636e+33,1.399780668113429e+33,3.706581214838105e+32,25.805143738071056,45.020237071640125,1.4615384615384615,3.7383564572060206e+33
