,ampl,dur,ed,ederr,istart,istop,istart_no_sys_no_thruster,istop_no_sys_no_thruster,corrected,myenerg,myenerg_err,L_bol,L_bol_err,myed,ED_true,count_true,energ_true
0,0.1293093714812717,0.04086404979898362,280.29427051320505,61.65534986503793,503,505,503,505,,2.6380614481940596e+32,1.4211397610073019e+32,2.5945377341929524e+31,2.240303966236216e+31,382.4284792404449,127.87153011561891,,8.820811530291602e+31
1,0.02430755212982363,0.04086301978531992,65.38809061974689,13.954027700377074,2557,2559,2557,2559,3.666666666666667,7.112521434411212e+31,3.7934432053185065e+31,2.5945377341929524e+31,2.240303966236216e+31,103.10717961437183,279.6200714603354,3.666666666666667,1.928870287395599e+32
