,ampl,dur,ed,ederr,istart,istop,istart_no_sys_no_thruster,istop_no_sys_no_thruster,corrected,myenerg,myenerg_err,L_bol,L_bol_err,myed,ED_true,count_true,energ_true
0,0.08269820590048403,0.16345505880599376,339.82503297432606,61.56991865311838,820,828,820,828,5.199999999999999,1.6874262679245708e+33,8.495013583217536e+32,1.091591113123216e+32,3.141851780902868e+31,434.95946602823227,909.977603172279,5.199999999999999,3.530260244333383e+33
1,0.07122542213207601,0.2656137193844188,416.28886534857554,71.44656464072042,979,992,979,992,34.0,1.6180912830832208e+33,8.058016583306551e+32,1.091591113123216e+32,3.141851780902868e+31,417.0873322604194,76.79943275971226,34.0,2.9794357939558827e+32
2,0.006105293557128116,0.040863399975933135,16.88450585370865,4.0580890775344125,1329,1331,1329,1331,,1.5829286748685286e+32,8.371333002345686e+31,1.091591113123216e+32,3.141851780902868e+31,40.802364184386946,102.38568477292297,,3.972055040504877e+32
3,0.06441442360393355,0.26561131785274483,359.806639652814,62.711871284112775,1557,1570,1557,1570,2.2666666666666666,1.5325421587997813e+33,7.671355696216805e+32,1.091591113123216e+32,3.141851780902868e+31,395.0357605118806,690.3354411726812,2.2666666666666666,2.67815796205357e+33
4,0.033402316166654705,0.1225894468225306,176.09396662192574,31.65620310348269,1957,1963,1957,1963,4.428571428571429,8.644831887183072e+32,4.314155657115576e+32,1.091591113123216e+32,3.141851780902868e+31,222.83352659774204,289.5451364841106,4.428571428571429,1.1232910356326864e+33
5,0.016483063842507608,0.04086321065551602,46.8839060294615,11.007578814696906,2496,2497,2496,2497,36.0,1.847845078467369e+32,9.977075547335107e+31,1.091591113123216e+32,3.141851780902868e+31,47.63098239673671,119.14467111191523,36.0,4.622220308327075e+32
