,ampl,dur,ed,ederr,istart,istop,istart_no_sys_no_thruster,istop_no_sys_no_thruster,corrected,myenerg,myenerg_err,L_bol,L_bol_err,myed,ED_true,count_true,energ_true
0,0.7949575872515882,0.3269076421420323,3867.6844215318897,653.0090424681177,1244,1259,1244,1259,1.7,4.5747571170400826e+33,2.6812737769635963e+33,3.388909656562385e+31,2.926219821264045e+31,4659.857822194444,5489.081061896316,1.7,5.388836658131042e+33
1,0.18690924108105847,0.04086327004915802,365.04967905197935,81.48864097532342,1894,1896,1894,1896,3.5,4.874718187077071e+32,2.94866518863672e+32,3.388909656562385e+31,2.926219821264045e+31,496.5398838428778,982.449871528382,3.5,9.645078698544972e+32
