,ampl,dur,ed,ederr,istart,istop,istart_no_sys_no_thruster,istop_no_sys_no_thruster,corrected,myenerg,myenerg_err,L_bol,L_bol_err,myed,ED_true,count_true,energ_true
0,0.5055497934247469,0.1430209869722603,1840.3087071117225,345.1887726288836,2155,2162,2155,2162,1.3636363636363638,8.466390734097817e+33,4.301499024241203e+33,1.091591113123216e+32,3.141851780902868e+31,2182.3393785488774,434.07193212713923,1.3636363636363638,1.683983078075058e+33
1,0.051767279670960224,0.16345264876872534,642.8130103186627,1665.862114610012,2166,2174,2166,2174,9.0,2.02845341139137e+32,5.6308212012708784e+32,1.091591113123216e+32,3.141851780902868e+31,52.286433455080925,89.29272293054059,9.0,3.464113278953789e+32
2,-0.006124690130167842,0.040863051086489584,-24.78246805354064,31.0002746217209,2829,2831,2829,2831,10.0,1.0487618698813557e+32,1.41998445179968e+32,1.091591113123216e+32,3.141851780902868e+31,27.03341245691429,106.97483911280257,10.0,4.1500913906821655e+32
