,ampl,dur,ed,ederr,istart,istop,istart_no_sys_no_thruster,istop_no_sys_no_thruster,corrected,myenerg,myenerg_err,L_bol,L_bol_err,myed,ED_true,count_true,energ_true
0,-0.023823002372736938,0.04086400591768325,-131.73708935126223,212.00378154520348,620,622,620,622,8.0,1.588788745649267e+32,2.779917353942103e+32,6.761763726573059e+31,2.257582772077468e+31,73.97552857892514,327.684731353819,8.0,7.037757259694268e+32
1,0.7646144537112987,0.04086348262353568,1469.6327647243188,325.64475813610323,1153,1155,1153,1155,2.125,3.414300223839241e+33,2.1054158724319096e+33,6.761763726573059e+31,2.257582772077468e+31,1589.7309474107226,2718.925325810457,2.125,5.839495899376495e+33
2,0.017277788809125758,0.08172670832573202,77.90642592742023,13.883046689082365,3223,3227,3223,3227,2.0,5.989982165321266e+32,3.5647188168410544e+32,6.761763726573059e+31,2.257582772077468e+31,278.8993175281431,974.7176485001255,2.0,2.0934225951092473e+33
