,ampl,dur,ed,ederr,istart,istop,istart_no_sys_no_thruster,istop_no_sys_no_thruster,corrected,myenerg,myenerg_err,L_bol,L_bol_err,myed,ED_true,count_true,energ_true
0,0.09219357919552087,0.08172644813748775,425.4290028322468,82.22396061234714,1711,1715,1711,1715,4.875,4.588196614773484e+32,2.4407960851296515e+32,2.5945377341929524e+31,2.240303966236216e+31,665.1312292384881,1839.2345050924696,4.875,1.268737530141449e+33
