,ampl,dur,ed,ederr,istart,istop,istart_no_sys_no_thruster,istop_no_sys_no_thruster,corrected,myenerg,myenerg_err,L_bol,L_bol_err,myed,ED_true,count_true,energ_true
0,0.16822497981791715,0.0408630294186878,314.5672059815215,69.73914319594397,2096,2098,2096,2098,7.5,2.376652323726839e+32,1.353423983256655e+32,1.950113960413546e+31,6.95997016907608e+30,479.35692385214054,997.0184797723612,7.5,4.943219068804949e+32
1,0.7898522409463041,0.10215821080782916,1219.4861212241576,240.0753160430741,3142,3147,3142,3147,3.0,9.296346943445214e+32,5.281845252703312e+32,1.950113960413546e+31,6.95997016907608e+30,1875.019004413844,3489.2399397385866,3.0,1.729965668208044e+33
