,ampl,dur,ed,ederr,istart,istop,istart_no_sys_no_thruster,istop_no_sys_no_thruster,corrected,myenerg,myenerg_err,L_bol,L_bol_err,myed,ED_true,count_true,energ_true
0,0.13621879740333465,0.04086322325019864,292.244250644337,69.50223384687635,2047,2049,2047,2049,20.0,7.546472519719285e+32,4.7535705519478096e+32,6.761763726573059e+31,2.257582772077468e+31,351.3710020172843,260.87149210508915,20.0,5.602794581928481e+32
1,-0.01577783961006635,0.10215766313194764,-406.6333195374636,311.14857529333636,2372,2377,2372,2377,,4.399528459527397e+32,4.990110978692801e+32,6.761763726573059e+31,2.257582772077468e+31,204.84626680721075,537.7485252201145,,1.1549343698810823e+33
2,0.015204397513681887,0.06129465856793104,39.71543703655181,12.206617083739385,2384,2387,2384,2387,,3.6048351435967425e+32,2.5302327206932142e+32,6.761763726573059e+31,2.257582772077468e+31,167.84458343986984,537.7485252201145,,1.1549343698810823e+33
3,0.13461715560642998,0.04086340835056035,332.23377188117627,74.60567157950202,3124,3126,3124,3126,6.6,8.648018969236324e+32,5.353778823135541e+32,6.761763726573059e+31,2.257582772077468e+31,402.66006173677573,966.1085313138542,6.6,2.0749326042186379e+33
