,ampl,dur,ed,ederr,istart,istop,istart_no_sys_no_thruster,istop_no_sys_no_thruster,corrected,myenerg,myenerg_err,L_bol,L_bol_err,myed,ED_true,count_true,energ_true
0,0.6348450867484025,0.061296712425246376,815.5969445619611,170.28021764548652,90,93,90,93,2.0,5.411561051641944e+33,3.3364101394607765e+33,6.761763726573059e+31,2.257582772077468e+31,2519.6747542968187,2275.570556970568,2.0,4.88729308231758e+33
1,0.12019526237054635,0.08172828552051215,191.3875342118737,38.1602397800079,342,346,342,346,1.5,7.14731659810246e+32,4.3888991730694785e+32,6.761763726573059e+31,2.257582772077468e+31,332.78591928185364,719.8063641011106,1.5,1.5459440064837452e+33
2,0.1096913724513472,0.040863973430532496,188.58486946107948,42.79867149656446,563,565,563,565,16.0,6.49533018143202e+32,4.033769749810336e+32,6.761763726573059e+31,2.257582772077468e+31,302.42880608379585,350.42807370668675,16.0,7.526221040390778e+32
3,0.10880875417476917,0.0408639035813394,265.5734976664443,59.94740723751745,637,639,637,639,1.5555555555555554,7.377540768806746e+32,4.574306540564122e+32,6.761763726573059e+31,2.257582772077468e+31,343.5053775900345,734.2821370450231,1.5555555555555554,1.577033943358376e+33
4,0.057437359853927,0.040863112306396936,152.00187847367994,33.299619291650274,2153,2155,2153,2155,2.8,4.6921991226341516e+32,2.8838164870245624e+32,6.761763726573059e+31,2.257582772077468e+31,218.47329372451125,582.7710412672056,2.8,1.2516302207530562e+33
5,3.168272249615661,0.2860418511190801,11980.100462496794,2322.034701095537,2447,2454,2447,2454,1.4285714285714286,1.5070724007341203e+34,9.299106105740625e+33,6.761763726573059e+31,2.257582772077468e+31,7017.073714570951,5944.782793659607,1.4285714285714286,1.276774114269266e+34
6,0.01890966722718193,0.2656104507332202,290.5288810431232,31.962222802265586,2622,2634,2622,2634,2.0,1.6960122817222103e+33,9.182601715981551e+32,6.761763726573059e+31,2.257582772077468e+31,789.6795930882435,1475.2377822370117,2.0,3.1684007273757886e+33
7,0.4029035555503408,0.1021580428860034,1017.8095831585533,195.7513247375895,2940,2945,2940,2945,2.0,3.1047357824435183e+33,1.8979063278624123e+33,6.761763726573059e+31,2.257582772077468e+31,1445.5947729558236,2643.2926519445978,2.0,5.677057937323633e+33
8,0.3347670802625348,0.14302146747650113,889.3305423002803,169.01529790873767,3086,3092,3086,3092,2.5,2.769890251025823e+33,1.694273072170567e+33,6.761763726573059e+31,2.257582772077468e+31,1289.6874803925662,959.7389412898233,2.5,2.0612524952163978e+33
