,ampl,dur,ed,ederr,istart,istop,istart_no_sys_no_thruster,istop_no_sys_no_thruster,corrected,myenerg,myenerg_err,L_bol,L_bol_err,myed,ED_true,count_true,energ_true
0,0.013544784042615443,0.061295708110264975,62.49112761484066,17.334869534575734,821,824,821,824,16.5,1.9015230336271477e+32,1.2853501010486956e+32,6.761763726573059e+31,2.257582772077468e+31,88.5367371230248,147.84529836899162,16.5,3.1753060864607458e+32
1,0.1073528816853605,0.04086353920138208,238.3064939730389,52.88131840825734,1081,1083,1081,1083,3.0,6.659611749476623e+32,4.108377698674588e+32,6.761763726573059e+31,2.257582772077468e+31,310.0779135344581,543.201101619729,3.0,1.1666449884936382e+33
2,0.027880797838171188,0.040863215595891234,75.15642166978249,19.467053620650038,2502,2504,2502,2504,3.8333333333333335,2.4720633869847954e+32,1.5999551589393541e+32,6.761763726573059e+31,2.257582772077468e+31,115.10164345863144,398.263276776994,3.8333333333333335,8.553588248762482e+32
