,ampl,dur,ed,ederr,istart,istop,istart_no_sys_no_thruster,istop_no_sys_no_thruster,corrected,myenerg,myenerg_err,L_bol,L_bol_err,myed,ED_true,count_true,energ_true
0,0.15268945269636824,0.06129650089133065,680.1315768621662,140.52249525466308,267,270,267,270,15.5,6.0603901565243376e+32,3.2606980777906004e+32,2.5945377341929524e+31,2.240303966236216e+31,878.548827113171,802.8210271453255,15.5,5.538005970993741e+32
1,1.8058107399642216,0.08172844652290223,3333.402046727941,667.3052001064905,307,311,307,311,2.888888888888889,3.4006864554133917e+33,1.8301041569615568e+33,2.5945377341929524e+31,2.240303966236216e+31,4929.829630798101,17194.03231829834,2.888888888888889,1.1860757307613328e+34
2,0.011922470557802831,0.040864112321287394,36.749622016233495,528.0713341380297,319,321,319,321,,6.228782236591172e+31,7.53165623704104e+32,2.5945377341929524e+31,2.240303966236216e+31,90.29599063699409,781.9659359928385,,5.3941437458863946e+32
3,0.0017422473108290298,0.06129563441936625,-10.58551106233935,16.791484824826927,785,788,788,788,,1.5802037632834435e+31,5.373054058083378e+31,2.5945377341929524e+31,2.240303966236216e+31,22.907537748834915,781.9659359928385,,5.3941437458863946e+32
4,0.06569619656822047,0.04086330137215555,186.5044132791592,42.42667240249131,1282,1284,1282,1284,,2.351717540643694e+32,1.2813184221239678e+32,2.5945377341929524e+31,2.240303966236216e+31,340.91842829784173,505.19647785193985,,3.484937509443932e+32
5,0.6009081203056393,0.3269053727490245,4667.883171620104,779.7374870888167,1876,1892,1876,1892,3.75,3.4790096019404624e+33,1.8131198200252263e+33,2.5945377341929524e+31,2.240303966236216e+31,5043.371344681146,12786.252219369086,3.75,8.820190147396324e+33
6,0.22046261177028625,0.0408632102116826,346.5471150675347,75.88460043256156,2390,2392,2390,2392,8.0,3.9337593913168536e+32,2.1159503925583534e+32,2.5945377341929524e+31,2.240303966236216e+31,570.2602654494567,2470.457679579123,8.0,1.7041667965829123e+33
7,0.9078582148748844,0.08172659144474892,2353.9863246083123,466.05520727113816,3102,3106,3102,3106,12.5,1.7077606296495646e+33,9.156804565711922e+32,2.5945377341929524e+31,2.240303966236216e+31,2475.667505587023,4097.48321569006,12.5,2.82651870681889e+33
8,0.08647028070398695,0.14302155076438794,902.0427093228168,3311.66133413549,3110,3117,3110,3117,30.0,1.6754390540768356e+32,6.3554136765718125e+32,2.5945377341929524e+31,2.240303966236216e+31,242.8812300597785,899.8743872751977,30.0,6.2074977627264756e+32
