,ampl,dur,ed,ederr,istart,istop,istart_no_sys_no_thruster,istop_no_sys_no_thruster,corrected,myenerg,myenerg_err,L_bol,L_bol_err,myed,ED_true,count_true,energ_true
0,1.5061365077292257,0.040864022324967664,3837.428986963253,856.2077918378067,517,519,517,519,1.7142857142857142,1.0441941079750082e+34,6.452095844832126e+33,6.761763726573059e+31,2.257582772077468e+31,4861.867966271624,6473.993056677708,1.7142857142857142,1.3904337698495825e+34
1,0.20023665102134391,0.06129493616026594,757.2559996572278,166.80216180517445,1521,1524,1521,1524,2.7142857142857144,7.30407935281578e+32,4.575904210896825e+32,6.761763726573059e+31,2.257582772077468e+31,340.08494356885365,653.2644278674138,2.7142857142857144,1.403030422177262e+33
