,ampl,dur,ed,ederr,istart,istop,istart_no_sys_no_thruster,istop_no_sys_no_thruster,corrected,myenerg,myenerg_err,L_bol,L_bol_err,myed,ED_true,count_true,energ_true
0,0.04928991821814381,0.04086403920518933,112.63360945800457,26.64101032643153,397,399,397,399,1.565217391304348,1.2884501072592569e+34,7.118769497963274e+33,1.399780668113429e+33,3.706581214838105e+32,155.16532451574926,229.60096663514994,1.565217391304348,1.9065431726523495e+34
1,0.001828401582513364,0.04086345736141084,5.535455803141587,25.55661921889599,1376,1378,1376,1378,,5.65641660058593e+32,2.3355690223137962e+33,1.399780668113429e+33,3.706581214838105e+32,6.81190301806218,18.810804964577645,,1.5619974211301956e+33
2,0.04405521717013378,0.1430216212029336,173.30812966833759,33.64916139431114,1506,1513,1506,1513,1.565217391304348,1.2988972218842895e+34,7.027037104625738e+33,1.399780668113429e+33,3.706581214838105e+32,156.42344846010178,229.60096663514994,1.565217391304348,1.9065431726523495e+34
3,0.03838340267269353,0.061294670063944075,114.34821102212923,23.997117596404127,2450,2453,2450,2453,1.9473684210526316,9.786110440217496e+33,5.295520371758759e+33,1.399780668113429e+33,3.706581214838105e+32,117.85206067725291,146.22697359842311,1.9473684210526316,1.2142285037270783e+34
