,ampl,dur,ed,ederr,istart,istop,istart_no_sys_no_thruster,istop_no_sys_no_thruster,corrected,myenerg,myenerg_err,L_bol,L_bol_err,myed,ED_true,count_true,energ_true
0,0.16483062833355652,0.061296308231248986,467.5460781717511,96.40059415686176,321,324,321,324,3.2,5.819007562689803e+32,3.498309838613915e+32,3.388909656562385e+31,2.926219821264045e+31,592.725410654214,1420.3056747096384,3.2,1.394367326574456e+33
1,0.04531370634623138,0.040863878442905836,140.1999208366115,31.188818419075012,655,657,655,657,4.666666666666667,2.5300320182392636e+32,1.5288059151372306e+32,3.388909656562385e+31,2.926219821264045e+31,257.7096267401978,1091.435058629449,4.666666666666667,1.0715027137675155e+33
2,0.2330281529064908,0.06129487154976233,619.3176179002252,128.84822211418822,3016,3019,3016,3019,3.0,7.378341184530032e+32,4.4476745214115134e+32,3.388909656562385e+31,2.926219821264045e+31,751.5594818244085,1919.092331670555,3.0,1.8840448866812176e+33
