,ampl,dur,ed,ederr,istart,istop,istart_no_sys_no_thruster,istop_no_sys_no_thruster,corrected,myenerg,myenerg_err,L_bol,L_bol_err,myed,ED_true,count_true,energ_true
0,0.019199765235295298,0.04086389845906524,51.221035892149544,12.043050411942547,689,691,689,691,3.4,1.2071975332822278e+33,5.991026624155457e+32,2.500690771102743e+32,4.606442633383174e+31,110.11264045636923,236.64964105912682,3.4,2.5944601977999138e+33
