,ampl,dur,ed,ederr,istart,istop,istart_no_sys_no_thruster,istop_no_sys_no_thruster,corrected,myenerg,myenerg_err,L_bol,L_bol_err,myed,ED_true,count_true,energ_true
0,0.0372386409148883,0.06129655596305384,143.09124840614112,28.055422006258212,237,240,237,240,2.8,1.5858902742546302e+33,7.817977781557064e+32,1.577829208301114e+32,6.357900525068292e+31,242.98343755019965,575.9626775634463,2.8,3.759159957117721e+33
1,0.10797680902497092,0.04086374106555013,289.90917987729097,62.670011254122045,878,880,878,880,2.5,2.5107638973486186e+33,1.254566570341971e+33,1.577829208301114e+32,6.357900525068292e+31,384.68868405252016,836.5712806063269,2.5,5.460085144116955e+33
2,0.030446065685211545,0.040863159687432926,82.14859322192892,20.474405252737828,1961,1963,1961,1963,3.0,7.24469406643097e+32,3.815582860458395e+32,1.577829208301114e+32,6.357900525068292e+31,111.00015535994717,292.65385233085533,3.0,1.9100762702757014e+33
3,0.012409413595183076,0.04086313606239855,36.96608216407913,9.085324995155275,2080,2082,2080,2082,6.666666666666667,5.162491401605549e+32,2.7043522978510412e+32,1.577829208301114e+32,6.357900525068292e+31,79.09752190611255,242.37793052728463,6.666666666666667,1.5819382859696863e+33
4,0.4998092870635556,0.3064734746221802,2939.5362802360246,549.4419184725658,2529,2539,2529,2539,1.1875,1.2772044121861203e+34,6.403752011059317e+33,1.577829208301114e+32,6.357900525068292e+31,1956.8788810002977,3001.2321419484006,1.1875,1.9588268701289715e+34
