,ampl,dur,ed,ederr,istart,istop,istart_no_sys_no_thruster,istop_no_sys_no_thruster,corrected,myenerg,myenerg_err,L_bol,L_bol_err,myed,ED_true,count_true,energ_true
0,0.02501732211085421,0.18389054659201065,322.67602722058245,319.28267443142875,50,59,50,59,2.5999999999999996,2.781643268067271e+32,3.82317891107713e+32,6.761763726573059e+31,2.257582772077468e+31,129.51597979075228,309.1937728555413,2.5999999999999996,6.640622865081765e+32
1,-0.03582043493941473,0.040864371570933145,-245.73578199045662,396.3458653691909,221,223,221,223,11.0,1.0664023773456062e+32,1.8690278496995773e+32,6.761763726573059e+31,2.257582772077468e+31,49.65271799538442,208.58717821542785,11.0,4.479872839054271e+32
2,0.7021561025521312,0.10215867943770718,2089.0812414543493,407.474013922724,1286,1291,1289,1291,2.5,7.598465459218474e+32,9.617875990866756e+32,6.761763726573059e+31,2.257582772077468e+31,353.7918431721307,750.5008209019524,2.5,1.6118671684479953e+33
3,0.11599681606054656,0.0408633110273513,283.85583412678903,61.24035130312746,1512,1514,1512,1514,1.3636363636363638,7.45348932725061e+32,4.560639555676826e+32,6.761763726573059e+31,2.257582772077468e+31,347.0416153504526,652.2306478227019,1.3636363636363638,1.4008101499709435e+33
