,ampl,dur,ed,ederr,istart,istop,istart_no_sys_no_thruster,istop_no_sys_no_thruster,corrected,myenerg,myenerg_err,L_bol,L_bol_err,myed,ED_true,count_true,energ_true
0,0.01975569090495188,0.061296352003409986,78.50077910161285,15.808304080849874,303,306,303,306,1.9000000000000001,1.379774510174476e+33,6.4611966960107704e+32,2.897743840299961e+32,8.673992300987034e+31,116.28894770390406,240.56687593565053,1.9000000000000001,2.854338696515461e+33
1,0.4584887145239952,0.3269074860363617,1183.8602977973735,217.4196014074413,1258,1273,1258,1273,8.5,1.6890658156446456e+34,7.967362902970786e+33,2.897743840299961e+32,8.673992300987034e+31,1423.5636682338368,77.43650763616199,8.5,9.18788255487159e+32
2,0.27564638222106064,0.18388458636036376,819.6033004303607,152.91258203110118,1634,1643,1634,1634,1.4444444444444444,5.737305785277561e+33,2.965036943551406e+33,2.897743840299961e+32,8.673992300987034e+31,483.546584971396,634.4961418313238,1.4444444444444444,7.528330254840878e+33
3,0.0076863994617221935,0.040863157220883295,22.22178461368549,4.822160770285672,2725,2727,1638,1643,1.6,8.635218151290823e+32,2.86987074734331e+33,2.897743840299961e+32,8.673992300987034e+31,72.77858987844908,186.2348976870127,1.6,2.2096869032452758e+33
