,ampl,dur,ed,ederr,istart,istop,istart_no_sys_no_thruster,istop_no_sys_no_thruster,corrected,myenerg,myenerg_err,L_bol,L_bol_err,myed,ED_true,count_true,energ_true
0,0.022978670698667544,0.04086373943573562,75.0588477902193,21.187530038355803,876,878,876,878,15.0,9.7309089246878e+31,5.737187815493855e+31,2.5945377341929524e+31,2.240303966236216e+31,141.0648225894501,437.34581127465816,15.0,3.016891227725314e+32
