,ampl,dur,ed,ederr,istart,istop,istart_no_sys_no_thruster,istop_no_sys_no_thruster,corrected,myenerg,myenerg_err,L_bol,L_bol_err,myed,ED_true,count_true,energ_true
0,0.008830363341951749,0.040863431167963433,29.16617079275393,6.736074937106755,1269,1271,1269,1271,,2.0296431430577636e+32,1.044949947909838e+32,1.3742317915994988e+32,5.53749986589713e+31,39.08901462620849,112.86925337504667,,5.860580226064739e+32
1,0.0067538676922035065,0.04086315607855795,16.223913873569295,3.799752665723858,1614,1616,1614,1616,,1.951266997049842e+32,1.0097792838614099e+32,1.3742317915994988e+32,5.53749986589713e+31,37.5795638993019,112.86925337504667,,5.860580226064739e+32
2,0.019326451461725132,0.061294656996324186,61.751028352359,12.374259242717983,2323,2326,2323,2326,2.0,5.6073422895230165e+32,2.8026201649688595e+32,1.3742317915994988e+32,5.53749986589713e+31,107.992129315456,236.24324517961784,2.0,1.2266604498928359e+33
3,0.007954691430220108,0.2247476441261824,105.77327444683121,82.53377222805737,2880,2890,2880,2890,7.0,5.805057258260312e+32,6.212844938957003e+32,1.3742317915994988e+32,5.53749986589713e+31,111.79993332830782,111.8150858813385,7.0,5.805844033666463e+32
4,0.0015108906826034887,0.04086319321504561,2.72285993468196,4.469750870836526,2895,2897,2895,2897,,8.14979778330333e+31,1.3582470524407786e+32,1.3742317915994988e+32,5.53749986589713e+31,15.695742665001035,112.86925337504667,,5.860580226064739e+32
5,0.023070421439989625,0.061294794541026924,98.21958138542242,17.589779079305465,2904,2907,2904,2907,1.4444444444444444,8.115406140199053e+32,3.906459622576349e+32,1.3742317915994988e+32,5.53749986589713e+31,156.2950760072776,251.5891524510342,1.4444444444444444,1.3063419557206833e+33
