,ampl,dur,ed,ederr,istart,istop,istart_no_sys_no_thruster,istop_no_sys_no_thruster,corrected,myenerg,myenerg_err,L_bol,L_bol_err,myed,ED_true,count_true,energ_true
0,0.1574593312436447,0.12259275429823906,628.5540907439365,119.51151613935556,440,446,440,446,16.0,7.176878260564985e+32,4.296501366039998e+32,3.388909656562385e+31,2.926219821264045e+31,731.038423370313,549.4074328800305,16.0,5.393738735442823e+32
1,0.12300146239148413,0.16345597348117735,431.9831879668013,75.49186966365451,667,675,667,675,3.0,6.938554844785044e+32,4.075623642389668e+32,3.388909656562385e+31,2.926219821264045e+31,706.7627469830867,1320.1006060180846,3.0,1.2959922540611283e+33
2,0.9861648389822903,0.14302225019491746,2986.0123073109307,565.9248861764128,1292,1299,1292,1299,2.3333333333333335,3.02988851616324e+33,1.8176623867008265e+33,3.388909656562385e+31,2.926219821264045e+31,3086.25121316942,4583.572277388141,2.3333333333333335,4.4998647378417896e+33
3,0.6267125045281383,0.040863302296202164,676.7058580371844,150.54298297226532,1455,1457,1455,1457,1.8888888888888888,1.2364282037526055e+33,7.471332664916572e+32,3.388909656562385e+31,2.926219821264045e+31,1259.4285312716688,2587.5674811713666,1.8888888888888888,2.540312001351066e+33
4,0.028615290513086124,0.0408632792532444,87.11432337364036,24.82390745906907,3228,3230,3228,3230,15.0,1.7711470148072936e+32,1.1606203217664537e+32,3.388909656562385e+31,2.926219821264045e+31,180.40943070975706,326.15959573522036,15.0,3.202031025010861e+32
