,ampl,dur,ed,ederr,istart,istop,istart_no_sys_no_thruster,istop_no_sys_no_thruster,corrected,myenerg,myenerg_err,L_bol,L_bol_err,myed,ED_true,count_true,energ_true
0,0.010540899163841058,0.061294681210711126,48.05436214274354,476.1440112229197,2147,2150,2147,2150,,8.012074818337193e+31,7.213744607808558e+32,3.388909656562385e+31,2.926219821264045e+31,81.61117313784723,166.53735308730964,,1.634959628296994e+32
1,0.012765302537506507,0.040863043963327066,25.229861476520988,67.58213659159212,2711,2713,2711,2713,,6.771321420281639e+31,1.7671388161568554e+32,3.388909656562385e+31,2.926219821264045e+31,68.97283129930968,166.53735308730964,,1.634959628296994e+32
2,0.2808290404025709,0.1634525843692245,897.0994607664989,167.1987689800604,2718,2726,2718,2726,10.666666666666666,7.984040815952649e+32,4.7772025090147896e+32,3.388909656562385e+31,2.926219821264045e+31,813.256181631089,2041.9892064930843,10.666666666666666,2.004697355964408e+33
