,ampl,dur,ed,ederr,istart,istop,istart_no_sys_no_thruster,istop_no_sys_no_thruster,corrected,myenerg,myenerg_err,L_bol,L_bol_err,myed,ED_true,count_true,energ_true
0,0.024191829906086253,0.04086334606836317,66.51493872057759,15.318040551798775,1244,1246,1244,1246,15.0,3.4338416954018516e+32,1.7663165506334767e+32,8.357184523416163e+31,2.79025363293769e+31,117.86006001364665,283.73752498085804,15.0,8.266665940239488e+32
1,0.025020938238423145,0.04086312627623556,63.35591426002549,13.7356451515642,2115,2117,2115,2117,16.5,2.666536170395485e+32,1.3422479855148615e+32,8.357184523416163e+31,2.79025363293769e+31,91.52376287241525,176.93054112827605,16.5,5.154854572837821e+32
