,ampl,dur,ed,ederr,istart,istop,istart_no_sys_no_thruster,istop_no_sys_no_thruster,corrected,myenerg,myenerg_err,L_bol,L_bol_err,myed,ED_true,count_true,energ_true
0,0.026873876077577408,0.06129499832604779,112.16355864874883,23.99876443332869,1380,1383,1380,1383,1.1428571428571428,8.633633511161946e+32,4.3899344266817214e+32,1.577829208301114e+32,6.357900525068292e+31,132.28090134273077,189.4939095787487,1.1428571428571428,1.2367779107139271e+33
1,0.037912675370922834,0.04086325724347262,77.95191465323266,157.8969247347469,1545,1547,1545,1547,,1.7140653675255274e+32,3.388778841319708e+32,1.577829208301114e+32,6.357900525068292e+31,26.26218862353825,69.82851957508703,,4.5575275078924235e+32
2,0.12167094975337313,0.0612948437265004,208.79090308539776,43.162292016423656,1616,1619,1616,1619,1.0833333333333333,2.1507039269695884e+33,1.0800862724000447e+33,1.577829208301114e+32,6.357900525068292e+31,329.5218098070497,521.4840631481371,1.0833333333333333,3.403592081269156e+33
3,0.025111528144192645,0.08172649760672357,100.53979166788088,22.780962911880234,3088,3090,3088,3090,2.7142857142857144,7.637130192968236e+32,3.8810318025603645e+32,1.577829208301114e+32,6.357900525068292e+31,117.01289663170552,217.77765104486312,2.7142857142857144,1.421378601867522e+33
