,ampl,dur,ed,ederr,istart,istop,istart_no_sys_no_thruster,istop_no_sys_no_thruster,corrected,myenerg,myenerg_err,L_bol,L_bol_err,myed,ED_true,count_true,energ_true
0,0.01020072975726586,0.04086358053609729,29.719194996019105,6.472182658542701,1230,1232,1232,1232,15.0,6.2647893269233245e+31,4.3155801853053435e+31,1.091591113123216e+32,3.141851780902868e+31,16.14843547368402,151.01032371835777,15.0,5.85844904806854e+32
1,0.010651033112690476,0.061294855368032586,45.390958588232145,9.663297360758573,1707,1710,1707,1710,18.0,3.2372741453885137e+32,1.6736039180292827e+32,1.091591113123216e+32,3.141851780902868e+31,83.445603546106,215.36095960853814,18.0,8.354933475693156e+32
2,0.057156721137016815,0.040863124137104016,120.24454732178869,25.96752953128334,2614,2616,2614,2616,2.0,9.123240611663357e+32,4.6431658937214475e+32,1.091591113123216e+32,3.141851780902868e+31,235.16523005042848,460.58010848183403,2.0,1.7868216103735726e+33
3,0.03746366978419819,0.06129474050976569,123.71997628624477,25.913198235108556,2799,2802,2799,2802,2.625,5.881026542733541e+32,3.0228492241670996e+32,1.091591113123216e+32,3.141851780902868e+31,151.5922925551842,343.26136278646146,2.625,1.3316832614739884e+33
4,0.04840252099821274,0.2656107163638808,171.37317340234708,29.88774711786624,2892,2904,2892,2904,3.4,1.3423684014306816e+33,6.71413065449877e+32,1.091591113123216e+32,3.141851780902868e+31,346.015618103179,205.02427796953364,3.4,7.953921669234444e+32
5,0.02774090768470968,0.06129479812079808,120.0461126208222,26.175898644981494,2932,2935,2932,2935,1.7692307692307694,5.9848010055735e+32,3.1207542317879252e+32,1.091591113123216e+32,3.141851780902868e+31,154.26723520614527,372.53459263507483,1.7692307692307694,1.4452488252829565e+33
6,0.020424135849305185,0.061294869745324825,100.92180362821593,22.434330615309552,3064,3067,3064,3067,1.7692307692307694,6.167758557036596e+32,3.2388338473317558e+32,1.091591113123216e+32,3.141851780902868e+31,158.9832409009066,372.53459263507483,1.7692307692307694,1.4452488252829565e+33
