,ampl,dur,ed,ederr,istart,istop,istart_no_sys_no_thruster,istop_no_sys_no_thruster,corrected,myenerg,myenerg_err,L_bol,L_bol_err,myed,ED_true,count_true,energ_true
0,0.2678064162192409,0.040863357011403416,492.0258679472369,109.07379525068558,1605,1607,1605,1607,2.2,9.099992543458323e+32,5.493023172813013e+32,3.388909656562385e+31,2.926219821264045e+31,926.9272739660038,1654.072526522418,2.2,1.623865008663595e+33
1,0.6052416457159061,0.061294728009670514,1171.7906460014508,243.6957127066549,1943,1946,1943,1946,2.2,1.6497918354764108e+33,9.943824838539645e+32,3.388909656562385e+31,2.926219821264045e+31,1680.4816502501822,1216.2652414818717,2.2,1.1940531840212635e+33
