,ampl,dur,ed,ederr,istart,istop,istart_no_sys_no_thruster,istop_no_sys_no_thruster,corrected,myenerg,myenerg_err,L_bol,L_bol_err,myed,ED_true,count_true,energ_true
0,0.003613313577605063,0.0408636525971815,9.890571476507976,2.3046826594666934,1041,1043,1041,1043,,1.989795004791629e+32,9.840731403030851e+31,2.500690771102743e+32,4.606442633383174e+31,18.149604841287967,42.258453794316566,,4.632919614804237e+32
1,-0.06880316602575179,0.0817265700243297,-532.3733451580739,610.1033912596928,1768,1772,1768,1772,,1.910891642497476e+32,2.5401884733863265e+32,2.500690771102743e+32,4.606442633383174e+31,17.429900126561428,42.258453794316566,,4.632919614804237e+32
