,ampl,dur,ed,ederr,istart,istop,istart_no_sys_no_thruster,istop_no_sys_no_thruster,corrected,myenerg,myenerg_err,L_bol,L_bol_err,myed,ED_true,count_true,energ_true
0,0.20505632880233648,0.16345670573355164,703.7706023157942,131.0901265376474,351,359,351,359,5.75,4.79821976297404e+32,2.5657021169912457e+32,2.5945377341929524e+31,2.240303966236216e+31,695.5773862931742,1040.0323755798292,5.75,7.174333146789e+32
1,0.32565945215954545,0.04086316120083211,510.78544203919074,112.94901637596986,2728,2730,2728,2730,2.888888888888889,5.7000213961767184e+32,3.076042381786618e+32,2.5945377341929524e+31,2.240303966236216e+31,826.3077100308344,2052.447284994782,2.888888888888889,1.4158155971409869e+33
