,ampl,dur,ed,ederr,istart,istop,istart_no_sys_no_thruster,istop_no_sys_no_thruster,corrected,myenerg,myenerg_err,L_bol,L_bol_err,myed,ED_true,count_true,energ_true
0,0.03583358028872826,0.040863989263016265,97.47931270275619,21.178828856522426,598,600,598,600,3.3333333333333335,4.4004263203086676e+32,2.2166976501178114e+32,8.357184523416163e+31,2.79025363293769e+31,151.03623177844713,503.98526164004585,3.3333333333333335,1.4683562905764846e+33
1,0.032326761872974175,0.040863570633518975,88.39669952383522,19.250973769532425,1088,1090,1088,1090,3.3333333333333335,4.363088832672724e+32,2.199721812456599e+32,8.357184523416163e+31,2.79025363293769e+31,149.754693803233,503.98526164004585,3.3333333333333335,1.4683562905764846e+33
2,0.024254529822439624,0.061294744780752815,114.1808236177204,26.796263593035,1930,1932,1930,1932,,3.9650957234380144e+32,2.0537915883166818e+32,8.357184523416163e+31,2.79025363293769e+31,136.09434021086065,308.3567986221054,,8.983946148055727e+32
3,0.03712961837263151,0.2043158553497051,443.8041065960231,68.89223685364234,2751,2761,2751,2761,12.0,1.7433601446343498e+33,8.269754825618409e+32,8.357184523416163e+31,2.79025363293769e+31,598.37508393921,1364.9849751420038,12.0,3.9768708082254184e+33
