,ampl,dur,ed,ederr,istart,istop,istart_no_sys_no_thruster,istop_no_sys_no_thruster,corrected,myenerg,myenerg_err,L_bol,L_bol_err,myed,ED_true,count_true,energ_true
0,0.0033188619846611037,0.04086384711990832,7.269339673956324,1.6596325614047982,918,920,918,920,17.0,4.0103517760456526e+32,2.1927087166657356e+32,4.227270036854636e+32,1.5087155904928934e+32,20.15136711343433,51.048924483193154,17.0,1.0159317916942243e+33
1,0.0006735282266876366,0.10215931727725547,3.6521059468645993,0.3274769810746365,941,946,941,946,9.0,4.8201368872662615e+32,2.1314961701028877e+32,4.227270036854636e+32,1.5087155904928934e+32,24.220405933587443,58.04026553033776,9.0,1.155067448483809e+33
2,0.002479143382013836,0.10215873544075292,13.410537557324762,2.2352943996389683,1254,1259,1254,1259,4.0,7.724263644464349e+32,3.958765167332256e+32,4.227270036854636e+32,1.5087155904928934e+32,38.813171779667684,82.91958279034924,4.0,1.6501942237484675e+33
3,0.026535970410078727,0.14302154552569846,99.0710494351275,18.116430070159108,1670,1677,1670,1677,1.9000000000000001,2.0821526952736608e+33,1.1064641624432541e+33,4.227270036854636e+32,1.5087155904928934e+32,104.62479525937891,186.6935016665606,1.9000000000000001,3.7154135090196054e+33
4,0.002832213880112347,0.122589633174357,22.37527803842184,4.2501398757686255,2892,2896,2892,2896,17.0,8.068367764259869e+32,4.2782192951723516e+32,4.227270036854636e+32,1.5087155904928934e+32,40.54223916090426,51.804441399783144,17.0,1.0309674396044807e+33
