,ampl,dur,ed,ederr,istart,istop,istart_no_sys_no_thruster,istop_no_sys_no_thruster,corrected,myenerg,myenerg_err,L_bol,L_bol_err,myed,ED_true,count_true,energ_true
0,-0.0026492027480350014,0.061296156425669324,-16.301330246027142,37.12859635673585,430,433,430,433,6.5,3.2546895313474273e+31,7.588634524588872e+31,2.5945377341929524e+31,2.240303966236216e+31,47.18184137541864,229.52070393005786,6.5,1.5832757063564762e+32
1,0.01307514543537606,0.04086344653478592,38.391104921851344,10.01878079575978,1224,1226,1224,1226,6.5,4.322777051928457e+31,2.4734160935332226e+31,2.5945377341929524e+31,2.240303966236216e+31,62.66544910074761,229.52070393005786,6.5,1.5832757063564762e+32
2,0.02346428988495512,0.28604337069555186,221.93904996040436,21.757696276768986,1408,1421,1408,1421,2.0,4.20566286612559e+32,1.9075736670422052e+32,2.5945377341929524e+31,2.240303966236216e+31,609.6769486516171,1252.2297550196236,2.0,8.638109399069548e+32
