,ampl,dur,ed,ederr,istart,istop,istart_no_sys_no_thruster,istop_no_sys_no_thruster,corrected,myenerg,myenerg_err,L_bol,L_bol_err,myed,ED_true,count_true,energ_true
0,2.0528071016128027,0.1838864330566139,3904.889669371053,736.5128091239626,962,971,962,971,14.5,1.216190247520671e+34,7.475423707342302e+33,6.761763726573059e+31,2.257582772077468e+31,5662.698496527264,783.7849558518362,14.5,1.683352239298996e+33
1,0.13295443935784912,0.08172691053914605,633.7767898133969,132.09309019983533,1215,1218,1215,1218,4.0,1.5249248175527654e+33,9.396951798949285e+32,6.761763726573059e+31,2.257582772077468e+31,710.0196280373799,1773.563459265367,4.0,3.809121364735155e+33
2,0.0343184298457278,0.04086326120159356,94.09924377935728,20.08445833194406,1587,1589,1587,1589,12.0,3.3671137150657265e+32,2.053930629200437e+32,6.761763726573059e+31,2.257582772077468e+31,156.77604561300308,521.1832909219434,12.0,1.1193568507642057e+33
3,0.004894466497529477,0.0408633137049037,16.946908955947336,4.122172464222054,1714,1716,1714,1716,,1.7987777670934343e+32,1.1410187718756509e+32,6.761763726573059e+31,2.257582772077468e+31,83.7528189201627,294.63365731316514,,6.327912051743007e+32
4,0.1416013500166947,0.08172633870708522,272.8591243932705,60.922510217872976,2142,2145,2142,2145,5.333333333333333,7.368771558632545e+32,4.635595272929085e+32,6.761763726573059e+31,2.257582772077468e+31,343.097074749501,852.2058670076416,5.333333333333333,1.830301339494248e+33
5,1.3195085332336205,0.3473365957761416,5847.3681307988745,1038.6237912206686,2157,2174,2157,2174,7.25,1.2916284501824065e+34,7.857532416306897e+33,6.761763726573059e+31,2.257582772077468e+31,6013.946007074391,8424.964700496366,7.25,1.809448253466669e+34
6,0.01660347022700731,0.040863218368031085,42.693020057388175,9.355386531547188,2923,2925,2923,2925,,3.4618240607851365e+32,2.1277937009987776e+32,6.761763726573059e+31,2.257582772077468e+31,161.1858501925433,279.3275232633014,,5.999178834353729e+32
