,ampl,dur,ed,ederr,istart,istop,istart_no_sys_no_thruster,istop_no_sys_no_thruster,corrected,myenerg,myenerg_err,L_bol,L_bol_err,myed,ED_true,count_true,energ_true
0,0.0041561338232259095,0.04086363431997597,13.212301143027199,3.9079542760238906,1133,1135,1133,1135,7.0,2.1542900790608337e+32,1.1533758461492954e+32,2.897743840299961e+32,8.673992300987034e+31,18.156599103375648,42.73655379393461,7.0,5.070714693172138e+32
1,0.0020165210653552645,0.10215821983729256,12.248665881693046,20.10757826754153,1476,1481,1476,1481,,1.7998592008799258e+32,3.2261800523615702e+32,2.897743840299961e+32,8.673992300987034e+31,15.16941579527,21.419576904353615,,2.541444119573612e+32
2,0.008529317973086809,0.040863149559299934,24.27179682773137,5.953053416261377,1974,1976,1974,1976,2.833333333333333,3.87739554666554e+32,1.9159765401910717e+32,2.897743840299961e+32,8.673992300987034e+31,32.67912580125301,59.47793623522249,2.833333333333333,7.057088567358985e+32
3,0.012197268279863534,0.06129469494771912,34.80908534647235,8.023694111677575,2077,2080,2077,2080,1.3888888888888888,6.2621335396116734e+32,3.0903931237293152e+32,2.897743840299961e+32,8.673992300987034e+31,52.77796584390305,97.25938205221784,1.3888888888888888,1.1539877080379313e+33
4,4.150088369155682e-14,0.04086310492129997,-3.7928612400764425,0.9741476649604596,2367,2369,2367,2369,1.222222222222222,1.5514994053834804e+33,7.813159390612824e+32,2.897743840299961e+32,8.673992300987034e+31,130.7621150302762,176.38207311786033,1.222222222222222,2.0927826190277238e+33
