,ampl,dur,ed,ederr,istart,istop,istart_no_sys_no_thruster,istop_no_sys_no_thruster,corrected,myenerg,myenerg_err,L_bol,L_bol_err,myed,ED_true,count_true,energ_true
0,0.03140569237303091,0.08172778330481377,180.4778432303059,40.97515741809391,732,735,732,735,3.0,1.5141920989164994e+32,8.859086141372925e+31,1.950113960413546e+31,6.95997016907608e+30,305.40372245934515,1791.4332026836216,3.0,8.881928417232418e+32
1,1.1702909984144108,0.10215801295998972,2532.535242669372,493.66376820955537,1886,1891,1886,1891,1.5,1.7798618657295145e+33,1.00810492753167e+33,1.950113960413546e+31,6.95997016907608e+30,3589.8776624590255,7234.859203626313,1.5,3.587044242514951e+33
