,ampl,dur,ed,ederr,istart,istop,istart_no_sys_no_thruster,istop_no_sys_no_thruster,corrected,myenerg,myenerg_err,L_bol,L_bol_err,myed,ED_true,count_true,energ_true
0,0.002417874303535193,0.24518123499001376,36.7400713572428,13.966808275880627,1104,1115,1104,1115,1.8888888888888888,4.2783316142675877e+33,2.5108334028984787e+33,3.7849486454631735e+33,2.6145498986374743e+32,17.930421456165327,30.234014582103235,1.8888888888888888,7.214060234393569e+33
1,0.0012225580161987107,0.16345420396100965,11.166551368857698,8.170049888419083,1124,1132,1124,1132,3.5,1.8495426364779358e+33,1.688103779993988e+33,3.7849486454631735e+33,2.6145498986374743e+32,7.751404510721592,13.777260731717035,3.5,3.28735664639075e+33
