,ampl,dur,ed,ederr,istart,istop,istart_no_sys_no_thruster,istop_no_sys_no_thruster,corrected,myenerg,myenerg_err,L_bol,L_bol_err,myed,ED_true,count_true,energ_true
0,0.010745502094373348,0.04086338332126616,27.06710408170364,7.433287699428147,1232,1234,1232,1234,3.2,1.0215112696209762e+32,6.607705510260859e+31,3.388909656562385e+31,2.926219821264045e+31,104.05136619106281,294.382800583863,3.2,2.8900663142357625e+32
