,ampl,dur,ed,ederr,istart,istop,istart_no_sys_no_thruster,istop_no_sys_no_thruster,corrected,myenerg,myenerg_err,L_bol,L_bol_err,myed,ED_true,count_true,energ_true
0,0.0021323616938741133,0.0612964656247641,6.532024823183695,1.4067022113980088,272,274,272,274,14.0,3.300421711710968e+33,1.934863515003238e+33,1.0815833456435376e+33,3.4866127639132136e+32,53.74325340296276,131.1887388603933,14.0,8.056418892626126e+33
1,0.0144954833191396,0.14302337964909384,148.68357295637844,23.836751358198534,761,768,761,768,3.0,1.2615808251441795e+34,7.069588137576859e+33,1.0815833456435376e+33,3.4866127639132136e+32,205.4327110182947,213.7388997485275,3.0,1.3125898800320214e+34
2,0.1884029294731716,0.286042701540282,856.2192000433454,149.49805414192537,1658,1672,1658,1672,2.1,6.803930553471311e+34,3.9401090670834965e+34,1.0815833456435376e+33,3.4866127639132136e+32,1107.9352755857526,1293.1999934610908,2.1,7.9416579119271815e+34
3,0.016840591422714213,0.040863146881747525,52.373579040425646,12.441976763517694,1983,1985,1983,1985,3.0,4.247261794501877e+33,2.566958470043703e+33,1.0815833456435376e+33,3.4866127639132136e+32,69.16136385865181,193.76397553053067,3.0,1.18992206704245e+34
