,ampl,dur,ed,ederr,istart,istop,istart_no_sys_no_thruster,istop_no_sys_no_thruster,corrected,myenerg,myenerg_err,L_bol,L_bol_err,myed,ED_true,count_true,energ_true
0,0.07473069258718303,0.061295485647860914,254.4647901491775,51.51981741952078,940,943,940,943,4.333333333333333,4.884660602794583e+32,2.920853374346037e+32,3.388909656562385e+31,2.926219821264045e+31,497.55262052960126,880.981459792813,4.333333333333333,8.648925261135057e+32
1,0.0155376325292667,0.040863281341444235,43.05433773987259,9.756895086591827,1351,1353,1351,1353,4.333333333333333,1.3371566969013233e+32,8.125351947533708e+31,3.388909656562385e+31,2.926219821264045e+31,136.20307994813976,377.3979110551423,4.333333333333333,3.705056775192592e+32
2,0.031346827118342274,0.04086329566052882,86.2654399487558,19.48843845474769,1521,1523,1521,1523,4.333333333333333,1.3343719617942836e+32,8.100741599067803e+31,3.388909656562385e+31,2.926219821264045e+31,135.91942620785827,377.3979110551423,4.333333333333333,3.705056775192592e+32
