,ampl,dur,ed,ederr,istart,istop,istart_no_sys_no_thruster,istop_no_sys_no_thruster,corrected,myenerg,myenerg_err,L_bol,L_bol_err,myed,ED_true,count_true,energ_true
0,0.2260912339297941,0.06129522929404629,584.8820392978009,130.1473369186369,1122,1124,1122,1124,11.333333333333332,4.453794018315749e+32,2.6914808298445048e+32,3.388909656562385e+31,2.926219821264045e+31,453.6644539529033,1198.2406640651036,11.333333333333332,1.1763577806494568e+33
1,0.0117851226533665,0.06129522277478827,34.60067721425528,68.92158626699053,1128,1131,1128,1131,,7.024542918356057e+31,1.5086431077855344e+32,3.388909656562385e+31,2.926219821264045e+31,71.55215113719723,55.077305031039835,,5.407145513711837e+31
2,0.3714981648894505,0.061295134997635614,625.5165986289436,129.71272772189855,1222,1225,1222,1225,,9.606289671917285e+32,5.785030130558157e+32,3.388909656562385e+31,2.926219821264045e+31,978.4988126082686,343.7880090214725,,3.375095766942038e+32
