,ampl,dur,ed,ederr,istart,istop,istart_no_sys_no_thruster,istop_no_sys_no_thruster,corrected,myenerg,myenerg_err,L_bol,L_bol_err,myed,ED_true,count_true,energ_true
0,0.0015331078706918256,0.04086370707227616,4.688485144546863,9.148815158023428,1014,1016,1014,1016,,6.979770415159049e+32,1.4121854364337303e+33,6.699771504105753e+32,2.4682870386912345e+32,19.829067117605526,86.55771208983012,,3.0468047461095386e+33
1,-0.004346899492419902,0.061295549436181325,-74.70773784625614,114.90056775992052,1023,1026,1023,1026,,9.437278686525613e+32,1.6627943374476374e+33,6.699771504105753e+32,2.4682870386912345e+32,26.810685932626093,86.55771208983012,,3.0468047461095386e+33
2,0.0027990229570748373,0.04086300969356671,7.158996468170091,1.7127690576237569,2397,2399,2397,2399,,1.358554796706028e+33,8.495575496113822e+32,6.699771504105753e+32,2.4682870386912345e+32,38.59564519245709,86.55771208983012,,3.0468047461095386e+33
3,0.020004552270550063,0.04086320893839002,44.979810634279815,9.09644677393906,2414,2416,2414,2416,25.0,3.183382871457844e+33,1.8944888325649034e+33,6.699771504105753e+32,2.4682870386912345e+32,90.43780649586736,34.33160925355088,25.0,1.2084620479194352e+33
4,0.1593410118154792,0.04086319304042263,187.4499027585157,41.938538231627476,3271,3273,3271,3273,1.4545454545454546,1.1429615709796398e+34,7.002595847478969e+33,6.699771504105753e+32,2.4682870386912345e+32,324.7078393091055,497.249321462298,1.4545454545454546,1.750302261985366e+34
