,ampl,dur,ed,ederr,istart,istop,istart_no_sys_no_thruster,istop_no_sys_no_thruster,corrected,myenerg,myenerg_err,L_bol,L_bol_err,myed,ED_true,count_true,energ_true
0,0.671968186090814,0.040863439782697235,905.6586695754993,201.29462614967014,1230,1232,1232,1232,31.0,1.9091125762667883e+31,6.958984694717562e+31,1.2304387258962846e+31,7.082974670228428e+30,67.21518674495927,4822.064281813861,31.0,1.369610650478198e+33
1,15.158807551486595,0.16345256704516942,59643.15318365725,11381.526667946191,2156,2164,2156,2164,4.75,1.6122340817052702e+34,8.025996210037506e+33,1.2304387258962846e+31,7.082974670228428e+30,56762.820708203224,212099.87762831093,4.75,6.024271647734758e+34
2,0.06604555809391256,0.0612946714318241,299.011457800695,426.3344761122302,2182,2185,2182,2183,31.0,4.219387827566918e+31,9.706615142583397e+31,1.2304387258962846e+31,7.082974670228428e+30,148.55433058531474,4822.064281813861,31.0,1.369610650478198e+33
