,ampl,dur,ed,ederr,istart,istop,istart_no_sys_no_thruster,istop_no_sys_no_thruster,corrected,myenerg,myenerg_err,L_bol,L_bol_err,myed,ED_true,count_true,energ_true
0,0.09713816508609616,0.040863812901079655,259.8170805693296,56.44691805686443,880,882,880,882,2.2857142857142856,8.443712690866937e+32,5.176960122011572e+32,6.761763726573059e+31,2.257582772077468e+31,393.147365366188,897.071314348245,2.2857142857142856,1.926659850440499e+33
1,0.1779662398666789,0.04086335770989536,344.74227574134767,76.30254651763212,1232,1234,1232,1234,1.875,8.234318666642141e+32,5.075980227609278e+32,6.761763726573059e+31,2.257582772077468e+31,383.3977786664362,846.2213073695353,1.875,1.8174481687452945e+33
2,0.08242735313400197,0.04086333990562707,166.95803673104896,37.09218019984094,1440,1442,1440,1442,4.666666666666667,4.621816728424674e+32,2.8522239259197852e+32,6.761763726573059e+31,2.257582772077468e+31,215.19622191206668,465.05776933950756,4.666666666666667,9.988148299813044e+32
3,0.12231097044005282,0.06129473684268305,244.0015142023196,51.110244811898326,2749,2752,2749,2752,3.0,6.0602728093649184e+32,3.739968747550701e+32,6.761763726573059e+31,2.257582772077468e+31,282.1721173648246,611.3344501305843,3.0,1.3129764840529487e+33
