,ampl,dur,ed,ederr,istart,istop,istart_no_sys_no_thruster,istop_no_sys_no_thruster,corrected,myenerg,myenerg_err,L_bol,L_bol_err,myed,ED_true,count_true,energ_true
0,1.61577822237346,0.18388598113233454,5064.888456684828,954.8105550109964,1169,1177,1169,1177,1.5454545454545454,5.1096635350915427e+33,3.0676385554127633e+33,3.388909656562385e+31,2.926219821264045e+31,5204.714694926486,8354.047584485985,1.5454545454545454,8.20148169783023e+33
1,0.354738392537649,0.12258967604429928,1421.760775853651,271.5832319709174,1751,1757,1751,1757,2.1,2.180762512424544e+33,1.307312897832664e+33,3.388909656562385e+31,2.926219821264045e+31,2221.329568299546,3166.072710540648,2.1,3.108252272553528e+33
