,ampl,dur,ed,ederr,istart,istop,istart_no_sys_no_thruster,istop_no_sys_no_thruster,corrected,myenerg,myenerg_err,L_bol,L_bol_err,myed,ED_true,count_true,energ_true
0,0.03233731065769791,0.040863155845727306,85.74663997682252,18.648873478548047,1972,1974,1972,1974,3.2,8.887550051950652e+31,4.769792389490133e+31,2.5945377341929524e+31,2.240303966236216e+31,128.8390099050794,274.9605179883647,3.2,1.8967278371141276e+32
1,0.07376580730375314,0.04086321521754144,169.03865608539027,36.999687532240245,2213,2215,2213,2215,3.0,1.6385277093269657e+32,8.81235282436139e+31,2.5945377341929524e+31,2.240303966236216e+31,237.53035036397918,393.88872935469095,3.0,2.7171163451334835e+32
2,0.006717685815046285,0.04086320596979931,22.628584319727157,40.397267418245335,2445,2447,2445,2447,14.0,2.546958975202999e+31,4.627161790265964e+31,2.5945377341929524e+31,2.240303966236216e+31,36.92217435804906,205.9488359646611,14.0,1.4206726589449975e+32
