,ampl,dur,ed,ederr,istart,istop,istart_no_sys_no_thruster,istop_no_sys_no_thruster,corrected,myenerg,myenerg_err,L_bol,L_bol_err,myed,ED_true,count_true,energ_true
0,0.0019072587559836641,0.040863584486942266,5.653481231480925,1.5613938078091567,897,899,897,899,14.0,7.093755577204113e+32,4.6499355006101556e+32,6.699771504105753e+32,2.4682870386912345e+32,20.152891440493548,44.317410398429146,14.0,1.5599591657076935e+33
1,0.04641205387832836,0.2043157097432413,332.37955290231616,60.300489700169656,1986,1996,1986,1996,1.3333333333333333,1.1232128217457917e+34,6.772664289407501e+33,6.699771504105753e+32,2.4682870386912345e+32,319.097349984181,413.6921039892466,1.3333333333333333,1.4561834358033702e+34
2,0.003938324093180196,0.040863010566681617,12.734788051034474,3.3554899491027546,2257,2259,2257,2259,14.0,6.478245944765983e+32,4.1793333596165644e+32,6.699771504105753e+32,2.4682870386912345e+32,18.40426919546369,44.317410398429146,14.0,1.5599591657076935e+33
3,0.02291486105414697,0.04086323507362977,39.03955917336406,9.359934442412166,2970,2972,2970,2972,4.666666666666667,1.7383639730056468e+33,1.087788204028629e+33,6.699771504105753e+32,2.4682870386912345e+32,49.38577323502251,90.9626419037946,4.666666666666667,3.2018569158057295e+33
