,ampl,dur,ed,ederr,istart,istop,istart_no_sys_no_thruster,istop_no_sys_no_thruster,corrected,myenerg,myenerg_err,L_bol,L_bol_err,myed,ED_true,count_true,energ_true
0,0.01820568461838633,0.040863418245862704,47.94989451213858,10.633061251129352,1418,1420,1418,1420,2.2,4.570388055076999e+32,2.3045416717590615e+32,1.577829208301114e+32,6.357900525068292e+31,70.02556346988948,101.90469861337307,2.2,6.651057045746568e+32
1,0.024012885885139137,0.040863372843887184,67.99488534675946,14.960471763856,1518,1520,1518,1520,2.142857142857143,6.547913668156323e+32,3.292426124159543e+32,1.577829208301114e+32,6.357900525068292e+31,100.32437916414793,154.28105842827665,2.142857142857143,1.0069527064475973e+33
2,0.007913559488000597,0.040863053167413455,20.32429583533154,4.673818212163179,1881,1883,1881,1883,3.5999999999999996,2.3632916045050685e+32,1.2074895764864556e+32,1.577829208301114e+32,6.357900525068292e+31,36.20935996130389,71.08545822261844,3.5999999999999996,4.6395646539856844e+32
