,ampl,dur,ed,ederr,istart,istop,istart_no_sys_no_thruster,istop_no_sys_no_thruster,corrected,myenerg,myenerg_err,L_bol,L_bol_err,myed,ED_true,count_true,energ_true
0,0.06909212858809488,0.040864072041586035,193.7260896199644,43.63594751224966,603,605,1915.0,1923.0,1.25,4.982988363517568e+32,2.8029655928960235e+32,1.950113960413546e+31,6.95997016907608e+30,1005.039714761969,1376.4208432028943,1.25,6.824296536985561e+32
