,ampl,dur,ed,ederr,istart,istop,istart_no_sys_no_thruster,istop_no_sys_no_thruster,corrected,myenerg,myenerg_err,L_bol,L_bol_err,myed,ED_true,count_true,energ_true
0,0.08115659968307873,0.040863219554012176,272.78324926765407,63.476419913810346,2541,2543,2541,2543,13.0,2.0840920782964863e+32,1.058516328647852e+32,1.2304387258962846e+31,7.082974670228428e+30,733.7578725206239,7757.747257170634,13.0,2.2034325231231067e+33
