,ampl,dur,ed,ederr,istart,istop,istart_no_sys_no_thruster,istop_no_sys_no_thruster,corrected,myenerg,myenerg_err,L_bol,L_bol_err,myed,ED_true,count_true,energ_true
0,0.03088621381361982,0.061294954553886775,128.59234420935164,27.901635013180734,1487,1490,1487,1490,,1.2124927792134801e+32,6.632482807094415e+31,2.5945377341929524e+31,2.240303966236216e+31,175.76988965213894,423.9379731352638,,2.9244015131271405e+32
1,0.04675627032368676,0.06129473988403333,189.49375159725602,40.31414519136036,1887,1890,1887,1890,2.6666666666666665,1.686354008925102e+32,9.162772863185203e+31,2.5945377341929524e+31,2.240303966236216e+31,244.46352435639471,547.5948085485826,2.6666666666666665,3.777408932860787e+32
2,0.2404498168945316,0.22474752660491504,553.8398622114997,93.51482032508369,2788,2798,2788,2798,1.6666666666666667,1.0394910399507886e+33,5.406336336653851e+32,2.5945377341929524e+31,2.240303966236216e+31,1506.9056782759433,2403.9901609217427,1.6666666666666667,1.6583162890905272e+33
3,0.014285207998100975,0.16345279079541794,15.304329241086268,11.207842374333703,2803,2810,2803,2810,3.8333333333333335,2.389580709427149e+32,2.4950510246372193e+32,2.5945377341929524e+31,2.240303966236216e+31,346.4072898507042,717.9872918058513,3.8333333333333335,4.952807381312723e+32
