,ampl,dur,ed,ederr,istart,istop,istart_no_sys_no_thruster,istop_no_sys_no_thruster,corrected,myenerg,myenerg_err,L_bol,L_bol_err,myed,ED_true,count_true,energ_true
0,0.0409696200065548,0.2451864012691658,315.59244423106355,125.75937900718071,141,153,145,153,1.75,1.3220923989951412e+33,9.952603332034663e+32,1.3742317915994988e+32,5.53749986589713e+31,254.62253942662346,521.0288057380398,1.75,2.70537017372843e+33
1,0.010968794799442558,0.04086434502823977,25.61381960643636,6.472944286768506,195,197,195,197,2.4,4.358493557224279e+32,2.3213747385144383e+32,1.3742317915994988e+32,5.53749986589713e+31,83.9404793839301,256.1841710625119,2.4,1.3302009557650474e+33
2,0.0889803791798056,0.12259250598435754,272.0622178736657,51.35456889371539,387,393,387,393,1.4615384615384615,1.5705385327559229e+33,7.868842662021972e+32,1.3742317915994988e+32,5.53749986589713e+31,302.4709239547984,557.3009626066503,1.4615384615384615,2.89370834284393e+33
3,0.02820675829576856,0.040863248985260725,71.83529352358548,16.046240466431176,3005,3007,3005,3007,2.2857142857142856,7.126155971894583e+32,3.624757975524892e+32,1.3742317915994988e+32,5.53749986589713e+31,137.24304982716,301.91129367801557,2.2857142857142856,1.567632729770656e+33
4,0.019274848272762518,0.061294883307709824,81.71501037784351,22.42688664218937,3020,3023,3020,3023,2.2857142857142856,7.159221900096029e+32,4.0374644161583404e+32,1.3742317915994988e+32,5.53749986589713e+31,137.8798684499393,301.91129367801557,2.2857142857142856,1.567632729770656e+33
