,ampl,dur,ed,ederr,istart,istop,istart_no_sys_no_thruster,istop_no_sys_no_thruster,corrected,myenerg,myenerg_err,L_bol,L_bol_err,myed,ED_true,count_true,energ_true
0,-0.007947974439346119,0.04086397703940746,-44.56458800220085,108.44247214351091,671,673,671,673,11.0,1.7385122010935134e+32,3.965069147991997e+32,2.897743840299961e+32,8.673992300987034e+31,14.65237638068831,45.37783318463881,11.0,5.384103888749189e+32
1,0.027708476405916904,0.04086326876858948,42.78030942387417,9.442957100944094,1364,1366,1364,1366,3.0,8.262296695301866e+32,3.9172161716173196e+32,2.897743840299961e+32,8.673992300987034e+31,69.63556590073553,118.34820823589234,3.0,1.4042077452148371e+33
2,0.07240009296691981,0.12258984566142316,165.8512646588131,31.810037880322646,1622,1628,1622,1628,3.5,2.4763105507761972e+33,1.1674615155026543e+33,2.897743840299961e+32,8.673992300987034e+31,208.70623860229512,78.69637800937967,3.5,9.337366840473342e+32
3,0.00048612857242924827,0.08172648794425186,1.132495089307593,2.6228690518385043,1634,1638,1634,1634,11.0,4.50963859672855e+31,2.915796283341334e+32,2.897743840299961e+32,8.673992300987034e+31,3.8007741342616863,45.37783318463881,11.0,5.384103888749189e+32
4,0.0789839548952101,0.061294676292163786,115.24958022768529,23.72740816443704,2484,2487,1638,1638,11.0,3.5895273348927796e+31,1.0469374044012453e+32,2.897743840299961e+32,8.673992300987034e+31,3.0252940132681276,45.37783318463881,11.0,5.384103888749189e+32
