,ampl,dur,ed,ederr,istart,istop,istart_no_sys_no_thruster,istop_no_sys_no_thruster,corrected,myenerg,myenerg_err,L_bol,L_bol_err,myed,ED_true,count_true,energ_true
0,0.12378038997236725,0.08172663475124864,578.7487183571236,112.82237178753431,1630,1633,1630,1633,4.666666666666667,5.3358603481426384e+32,2.816954482774413e+32,2.5945377341929524e+31,2.240303966236216e+31,773.5168412307096,2098.364446570981,4.666666666666667,1.447490093246835e+33
