,ampl,dur,ed,ederr,istart,istop,istart_no_sys_no_thruster,istop_no_sys_no_thruster,corrected,myenerg,myenerg_err,L_bol,L_bol_err,myed,ED_true,count_true,energ_true
0,0.012646912066799552,0.04086304875090718,30.110487932626466,7.171204209241616,1981,1983,1981,1983,12.0,5.6597974229079124e+32,2.822885185330506e+32,2.500690771102743e+32,4.606442633383174e+31,51.62495958636491,100.25721203569576,12.0,1.0991495486951104e+33
1,0.0125945830295644,0.04086304537486285,31.4571473147728,7.720501372373508,1998,2000,1998,2000,2.6153846153846154,5.9622145960943474e+32,3.00909162602169e+32,2.500690771102743e+32,4.606442633383174e+31,54.38341067169564,118.76541766306408,2.6153846153846154,1.3020604959418296e+33
