,ampl,dur,ed,ederr,istart,istop,istart_no_sys_no_thruster,istop_no_sys_no_thruster,corrected,myenerg,myenerg_err,L_bol,L_bol_err,myed,ED_true,count_true,energ_true
0,0.007696410397608836,0.0408644387498498,18.64057464140272,108.55672760097664,71,73,71,73,,2.807445098907423e+31,1.4241941642496277e+32,1.2304387258962846e+31,7.082974670228428e+30,98.84327878049285,908.0166060976275,,2.5790390626119468e+32
