,ampl,dur,ed,ederr,istart,istop,istart_no_sys_no_thruster,istop_no_sys_no_thruster,corrected,myenerg,myenerg_err,L_bol,L_bol_err,myed,ED_true,count_true,energ_true
0,0.2757591062284831,0.04086412849574117,731.1787033361177,169.47863749163824,506,508,506,508,1.3333333333333333,2.3507547710657522e+33,1.4691733669086302e+33,6.761763726573059e+31,2.257582772077468e+31,1094.5339789523414,1814.3631230257483,1.3333333333333333,3.8967477025985045e+33
1,0.024383204004203376,0.18388852608768505,-36.57632161348933,36.280426053110034,514,523,514,523,2.142857142857143,6.812901213202724e+32,9.379550931702013e+32,6.761763726573059e+31,2.257582772077468e+31,317.2152180601672,925.8510296204745,2.142857142857143,1.988470679786212e+33
2,0.017495264900169494,0.04086410428863019,49.79683939747267,12.34306051300679,530,532,530,532,19.0,2.969338142101206e+32,1.8947607035284734e+32,6.761763726573059e+31,2.257582772077468e+31,138.2552332353888,366.9945593101935,19.0,7.882023106120264e+32
