,ampl,dur,ed,ederr,istart,istop,istart_no_sys_no_thruster,istop_no_sys_no_thruster,corrected,myenerg,myenerg_err,L_bol,L_bol_err,myed,ED_true,count_true,energ_true
0,0.2205544673802473,0.06129563278955175,374.43365243132286,77.1857214992082,834,837,834,837,30.0,4.101218072269451e+32,2.204923908412577e+32,2.5945377341929524e+31,2.240303966236216e+31,594.5360338308768,1156.5114418918586,30.0,7.977827005221565e+32
1,0.012304285616573577,0.040863746653485584,27.991105723574357,74.74897079944532,845,847,845,847,37.0,4.0003215942102925e+31,1.0158900935348884e+32,2.5945377341929524e+31,2.240303966236216e+31,57.99095031671216,631.7353795309137,37.0,4.3578259482943195e+32
2,0.003557114496682565,0.04086338099295972,-0.7307949064606574,4.247528778786623,1560,1561,1560,1561,37.0,4.741668999721936e+31,2.499202260502405e+32,2.5945377341929524e+31,2.240303966236216e+31,68.73794641389372,631.7353795309137,37.0,4.3578259482943195e+32
