,ampl,dur,ed,ederr,istart,istop,istart_no_sys_no_thruster,istop_no_sys_no_thruster,corrected,myenerg,myenerg_err,L_bol,L_bol_err,myed,ED_true,count_true,energ_true
0,0.07795099616451152,0.04086444735730765,177.82687388447124,39.45526841687421,267,269,267,269,3.125,7.985498137379764e+32,4.052719846878762e+32,8.357184523416163e+31,2.79025363293769e+31,274.08697697705026,796.9118814812067,3.125,2.3217952255195347e+33
1,0.00553729264102586,0.0408632387407124,10.695034563495751,2.9128514582740133,1488,1490,1488,1490,,2.4846792878522704e+32,1.3634116854949008e+32,8.357184523416163e+31,2.79025363293769e+31,85.28187259566221,170.09730519833442,,4.955768890647987e+32
2,0.032119090924530316,0.040863220812752836,75.57626840555507,16.296579447828147,1525,1527,1525,1527,,4.00057833726519e+32,2.0099385621775498e+32,8.357184523416163e+31,2.79025363293769e+31,137.31221318407077,207.70864463596521,,6.051571706002863e+32
