,ampl,dur,ed,ederr,istart,istop,istart_no_sys_no_thruster,istop_no_sys_no_thruster,corrected,myenerg,myenerg_err,L_bol,L_bol_err,myed,ED_true,count_true,energ_true
0,0.02339959598336625,0.0817265625737491,113.27847062271955,22.757412979605387,1440,1443,1440,1443,1.2727272727272727,1.4854934822089785e+33,7.507974652575065e+32,2.178010611369685e+32,4.012043812898151e+31,165.84171795686404,282.1825764190728,1.2727272727272727,2.5275930762638375e+33
1,0.01157546017211144,0.10215768618945732,56.04010534282674,24.09899028423193,2158,2163,2158,2163,1.2666666666666666,8.108689182310547e+32,5.87068898170021e+32,2.178010611369685e+32,4.012043812898151e+31,90.52607503689067,164.97191845962,1.2666666666666666,1.4777024299942354e+33
2,0.007889787244380093,0.04086315524909878,17.31994588860689,4.144822715821662,2747,2749,2747,2749,1.1428571428571428,1.118739501784165e+33,5.89387756991081e+32,2.178010611369685e+32,4.012043812898151e+31,124.89700099269186,199.6678414914021,1.1428571428571428,1.7884841088016302e+33
