,ampl,dur,ed,ederr,istart,istop,istart_no_sys_no_thruster,istop_no_sys_no_thruster,corrected,myenerg,myenerg_err,L_bol,L_bol_err,myed,ED_true,count_true,energ_true
0,0.04180293083035788,0.06129621218860847,152.826823225953,29.740451826670128,588,591,588,591,2.4,5.937475474557209e+32,2.9383416521332987e+32,8.357184523416163e+31,2.79025363293769e+31,203.79250933376923,440.788113821363,2.4,1.284231998441269e+33
1,0.06379970715353232,0.04086410369927762,116.13831650235277,26.04610681928993,663,665,663,665,,5.0844628831864e+32,2.5903515454362384e+32,8.357184523416163e+31,2.79025363293769e+31,174.5144807787591,81.60343142132534,,2.3775082523287998e+32
2,0.018823984966115846,0.0817270473271492,98.82012015074345,18.20560896988962,1164,1168,1164,1168,3.0,4.15977163446087e+32,2.042989575386971e+32,8.357184523416163e+31,2.79025363293769e+31,142.77621916500385,353.276751917444,3.0,1.0292684736540899e+33
3,0.08533197214397685,0.06129500996757997,235.37916446699924,48.02223337880386,1544,1547,1544,1547,2.0,1.0985511284196052e+33,5.526121398533606e+32,8.357184523416163e+31,2.79025363293769e+31,377.0567003626585,742.6958114319301,2.0,2.1638372184775585e+33
4,-0.007160921519926937,0.061294725797779386,-100.44975439995022,125.40990861355247,2068,2071,2068,2071,,1.410139827704469e+32,1.984869019636405e+32,8.357184523416163e+31,2.79025363293769e+31,48.40035722771789,129.47449744333764,,3.772227230841855e+32
5,0.03658579787243915,0.1634525317713269,399.8222366818538,63.53711070647313,2521,2528,2521,2528,2.25,1.3886903116795194e+33,6.596278609411874e+32,8.357184523416163e+31,2.79025363293769e+31,476.6414354339184,999.5738353777655,2.25,2.9122489104073873e+33
6,0.07528585688561873,0.04086314298183424,128.5039430268885,29.669003943577717,2802,2804,2802,2804,11.0,6.671724086765738e+32,3.43502332247103e+32,8.357184523416163e+31,2.79025363293769e+31,228.99419105826897,463.05501839435993,11.0,1.3491064142030105e+33
