,ampl,dur,ed,ederr,istart,istop,istart_no_sys_no_thruster,istop_no_sys_no_thruster,corrected,myenerg,myenerg_err,L_bol,L_bol_err,myed,ED_true,count_true,energ_true
0,0.4081432315128856,0.040863993570383166,608.9996581457799,134.1755844323263,481,483,481,483,5.0,9.809831262430439e+32,5.910595343046307e+32,3.388909656562385e+31,2.926219821264045e+31,999.2316045014541,3035.7420047546775,5.0,2.980301732727305e+33
1,0.1708985482143998,0.061295019047975074,202.0490421256661,42.401307565487755,1428,1431,1428,1431,38.0,6.405467683360857e+32,3.871253505299913e+32,3.388909656562385e+31,2.926219821264045e+31,652.4623695964686,773.2019520666993,38.0,7.590813428424851e+32
2,0.03294230098802889,0.040863044901925605,80.37911674948205,132.4340287383359,2004,2006,2004,2006,,1.258973717464163e+32,2.2257395208792658e+32,3.388909656562385e+31,2.926219821264045e+31,128.23934419185903,150.3957632062597,,1.476491589128579e+32
3,0.3578906346455993,0.18388468024204485,1407.7826180222908,253.35648829205002,2936,2944,2936,2944,,1.7639401139204906e+33,1.0447850205282616e+33,3.388909656562385e+31,2.926219821264045e+31,1796.7533417496925,177.5767928539605,,1.743337947051875e+32
4,0.009648604841056318,0.08172654447116656,51.98518017431356,80.80650236937575,2951,2954,2951,2954,,1.1575387101280385e+32,2.0474407527201383e+32,3.388909656562385e+31,2.926219821264045e+31,117.90715167787886,150.3957632062597,,1.476491589128579e+32
5,0.016252897668192053,0.06129484110715566,72.75885154559224,13.304987299494686,2965,2968,2965,2968,,1.770559594885189e+32,1.0286791582612649e+32,3.388909656562385e+31,2.926219821264045e+31,180.3495959852263,150.3957632062597,,1.476491589128579e+32
