,ampl,dur,ed,ederr,istart,istop,istart_no_sys_no_thruster,istop_no_sys_no_thruster,corrected,myenerg,myenerg_err,L_bol,L_bol_err,myed,ED_true,count_true,energ_true
0,0.04202535949841709,0.04086422267573653,125.98961738486878,27.403390663544588,207,209,207,209,32.0,1.3409800983404854e+33,6.715151267634094e+32,1.577829208301114e+32,6.357900525068292e+31,205.45933049139802,116.01832620416928,32.0,7.572217144408491e+32
1,0.23179302527400936,0.04086331056896597,547.0372137303268,124.07832536930515,1456,1457,1456,1457,31.0,4.858513117325236e+33,2.6101879679789656e+33,1.577829208301114e+32,6.357900525068292e+31,744.4009448795417,242.38497334058712,31.0,1.5819842525970103e+33
2,0.04428632104837638,0.08172632205969421,144.84158712546028,29.64199748417964,1868,1871,1868,1871,4.875,1.4484244242195804e+33,7.247992702652741e+32,1.577829208301114e+32,6.357900525068292e+31,221.92149819063357,546.3085018968051,4.875,3.565614795130914e+33
3,0.07162868070853427,0.14302126654365566,246.70002474776592,46.38795036786935,2910,2916,2910,2916,7.0,1.6141506602273657e+33,8.02648863039901e+32,1.577829208301114e+32,6.357900525068292e+31,247.31337502546296,453.50428840459205,7.0,2.959905611529688e+33
