,ampl,dur,ed,ederr,istart,istop,istart_no_sys_no_thruster,istop_no_sys_no_thruster,corrected,myenerg,myenerg_err,L_bol,L_bol_err,myed,ED_true,count_true,energ_true
0,0.08151588357214153,0.04086415912024677,177.7752672985645,41.75093635941081,474,476,474,476,2.125,5.748322630311471e+32,3.6069645740293256e+32,6.761763726573059e+31,2.257582772077468e+31,267.6474176846675,502.9215085578375,2.125,1.080135617941743e+33
1,0.028581815603693106,0.06129557667736664,130.24046740648924,31.743590774497704,849,851,849,851,2.0,4.492375062024643e+32,2.8514467040653185e+32,6.761763726573059e+31,2.257582772077468e+31,209.16929371390268,408.13749867346917,2.0,8.765659090600747e+32
2,0.026513036951619568,0.04086322511284378,69.92812973090382,16.41023138711502,2081,2083,2081,2083,3.0,2.5484428616567583e+32,1.598726538929084e+32,6.761763726573059e+31,2.257582772077468e+31,118.65794509213156,367.83750345904474,3.0,7.900127203551306e+32
