,ampl,dur,ed,ederr,istart,istop,istart_no_sys_no_thruster,istop_no_sys_no_thruster,corrected,myenerg,myenerg_err,L_bol,L_bol_err,myed,ED_true,count_true,energ_true
0,0.15215703696701974,0.04086400602682262,256.0759854091695,57.402791787475024,500,502,500,502,9.0,4.1589555652362044e+32,2.5188896664414324e+32,3.388909656562385e+31,2.926219821264045e+31,423.63214323745797,632.849239273762,9.0,6.212918230234017e+32
1,2.1024978938555927,0.16345288416050607,7803.712796982556,1476.4891050112353,1730,1738,1730,1738,2.75,7.507960895967368e+33,4.51234945515519e+33,3.388909656562385e+31,2.926219821264045e+31,7647.625745963076,13477.005340331276,2.75,1.323088138084721e+34
