,ampl,dur,ed,ederr,istart,istop,istart_no_sys_no_thruster,istop_no_sys_no_thruster,corrected,myenerg,myenerg_err,L_bol,L_bol_err,myed,ED_true,count_true,energ_true
0,0.03591483215130899,0.0817267396414536,174.77783800113258,34.875353809697025,1392,1396,1392,1396,2.2,2.306432600011832e+33,1.113491418907277e+33,2.500690771102743e+32,4.606442633383174e+31,210.37765288622182,371.8915757145306,2.2,4.0771576359474524e+33
1,0.04312525504704775,0.04086320917122066,62.55513004090311,14.289693572081134,1513,1515,1513,1515,3.2,1.1910174777899467e+33,5.8457137911445124e+32,2.500690771102743e+32,4.606442633383174e+31,108.63680192633048,210.89113069617966,3.2,2.3120620095238297e+33
2,0.006870071879854721,0.061294713734241675,29.81258568467633,4.766802256530812,2690,2693,2690,2693,23.0,5.956552265279402e+32,2.637396434475004e+32,2.500690771102743e+32,4.606442633383174e+31,54.33176260416887,113.72682301087276,23.0,1.2468208884805542e+33
