,ampl,dur,ed,ederr,istart,istop,istart_no_sys_no_thruster,istop_no_sys_no_thruster,corrected,myenerg,myenerg_err,L_bol,L_bol_err,myed,ED_true,count_true,energ_true
0,0.11136861491978382,0.12259204043948554,290.8387547912265,55.58807309809685,591,597,591,597,1.3333333333333333,3.9934688944917335e+33,1.9218718103233128e+33,2.500690771102743e+32,4.606442633383174e+31,364.2580376695144,503.66759916692155,1.3333333333333333,5.521857261695694e+33
1,0.017735352191179946,0.04086301731149433,33.242804594495624,7.766137926962454,2557,2559,2557,2559,5.5,7.56551573825604e+32,3.745311130835101e+32,2.500690771102743e+32,4.606442633383174e+31,69.00767201607853,138.12383927712975,5.5,1.514292613198134e+33
2,0.016426871663970746,0.040863223890482914,37.40972467853626,8.132331159302176,2614,2616,2614,2616,5.5,7.886289376745456e+32,3.799583033104482e+32,2.500690771102743e+32,4.606442633383174e+31,71.93355873710522,140.183709854142,5.5,1.5368755852269913e+33
