,ampl,dur,ed,ederr,istart,istop,istart_no_sys_no_thruster,istop_no_sys_no_thruster,corrected,myenerg,myenerg_err,L_bol,L_bol_err,myed,ED_true,count_true,energ_true
0,0.003703069780863337,0.040863044901925605,9.124146730703137,2.517779829068092,2027,2029,2028,2029,15.0,1.1008126397068029e+32,6.6026269647944885e+31,1.091591113123216e+32,3.141851780902868e+31,28.375099230433626,76.5652596008066,15.0,2.970351040767533e+32
1,0.0039684337121460396,0.061294792729313485,18.431347703203205,4.484807436560481,2118,2121,2118,2121,13.0,2.1274124692773568e+32,1.1559008952723636e+32,1.091591113123216e+32,3.141851780902868e+31,54.8372518105215,132.49994519230404,13.0,5.1403384792997575e+32
2,0.018008327350904938,0.18388434840017,195.51223513632576,31.001298150850022,2916,2924,2916,2924,2.125,1.1566744402596372e+33,5.5764077487240115e+32,1.091591113123216e+32,3.141851780902868e+31,298.1502104519363,495.9121510546218,2.125,1.9238923523467602e+33
