,ampl,dur,ed,ederr,istart,istop,istart_no_sys_no_thruster,istop_no_sys_no_thruster,corrected,myenerg,myenerg_err,L_bol,L_bol_err,myed,ED_true,count_true,energ_true
0,0.12234567847577113,0.08172783359623281,670.2097886430618,128.00413759854592,638,642,638,642,4.25,1.8782832151274652e+32,9.179780668406877e+31,1.2304387258962846e+31,7.082974670228428e+30,661.2976030548783,530.225540925853,4.25,1.505999309769559e+32
1,0.2514218638843051,0.08172684161399958,525.9739540932521,109.25359674500922,1224,1227,1224,1227,2.6666666666666665,1.6863468107731508e+32,8.394513136784556e+31,1.2304387258962846e+31,7.082974670228428e+30,593.7214872081175,1072.1986178219242,2.6666666666666665,3.0453651394388366e+32
2,-2.6088542564627797e-12,0.04086312209255994,-27.081153826629862,5.846686909069492,2030,2032,2030,2032,4.5,1.47883869931326e+32,7.30816053102638e+31,1.2304387258962846e+31,7.082974670228428e+30,520.6629539594147,1133.103027633737,4.5,3.218351900842959e+32
3,1.123752899692275,0.4290627124792081,9458.334667548432,1600.0700282010098,2177,2197,2177,2183,1.5333333333333332,1.9636217410817458e+33,9.637106804126613e+32,1.2304387258962846e+31,7.082974670228428e+30,6913.432118359655,9820.917641299875,1.5333333333333332,2.789434692880926e+33
