,ampl,dur,ed,ederr,istart,istop,istart_no_sys_no_thruster,istop_no_sys_no_thruster,corrected,myenerg,myenerg_err,L_bol,L_bol_err,myed,ED_true,count_true,energ_true
0,0.009962819932036387,0.06129615502868546,42.855952049800614,159.15618314479357,482,485,482,485,,1.8657835425892966e+32,6.54905069372312e+32,2.897743840299961e+32,8.673992300987034e+31,15.725033562443123,61.44192953293446,,7.290117410068645e+32
