,ampl,dur,ed,ederr,istart,istop,istart_no_sys_no_thruster,istop_no_sys_no_thruster,corrected,myenerg,myenerg_err,L_bol,L_bol_err,myed,ED_true,count_true,energ_true
0,0.15859057150996075,0.08172663620644016,322.8704337855542,73.17275987141518,3106,3109,3106,3109,11.0,2.261406419376082e+33,1.1816734736965749e+33,1.3742317915994988e+32,5.53749986589713e+31,435.5255696310239,938.4558114035918,11.0,4.8728022972493205e+33
1,0.07538215606882,0.08172654580994276,312.3369869762231,129.5733021286083,3117,3120,3117,3120,27.0,1.44453222893206e+33,9.902869796170497e+32,1.3742317915994988e+32,5.53749986589713e+31,278.203297056875,332.8306717427566,27.0,1.7281773336109273e+33
2,0.030242250378759005,0.1634532747339108,297.08403113485235,49.50614526554392,3162,3169,3162,3169,15.0,1.76680773204042e+33,8.518624511052408e+32,1.3742317915994988e+32,5.53749986589713e+31,340.2705225085999,505.90345117047224,15.0,2.6268338573798525e+33
