,ampl,dur,ed,ederr,istart,istop,istart_no_sys_no_thruster,istop_no_sys_no_thruster,corrected,myenerg,myenerg_err,L_bol,L_bol_err,myed,ED_true,count_true,energ_true
0,0.06609435888974688,0.20432184703531675,608.8684145236177,100.39170780266895,161,171,161,171,1.5,2.2014112087146255e+33,1.0645129396689234e+33,8.357184523416163e+31,2.79025363293769e+31,755.5923661863992,1717.711939770596,1.5,5.0045374818160746e+33
1,0.22259585310730934,0.1225922853773227,777.3972259998159,187.65936540490608,401,407,401,407,3.142857142857143,2.2876170809309823e+33,1.2578186202544776e+33,8.357184523416163e+31,2.79025363293769e+31,785.1808859092328,1465.0826397198907,3.142857142857143,4.268504406749039e+33
2,0.046160282441102665,0.0612951712028007,185.87872780032268,38.633185701524944,1086,1089,1086,1089,2.3333333333333335,6.748951106847121e+32,3.4173011768050026e+32,8.357184523416163e+31,2.79025363293769e+31,231.64486107420333,525.4310118807002,2.3333333333333335,1.5308382809615284e+33
3,0.023174177472408432,0.04086325584648876,65.86406185558208,16.165374280743663,1558,1560,1558,1560,2.3333333333333335,6.65581285046371e+32,3.505931371397145e+32,8.357184523416163e+31,2.79025363293769e+31,228.44806825128006,525.4310118807002,2.3333333333333335,1.5308382809615284e+33
4,0.011352426485724357,0.0612947796980734,19.34541192725661,4.267822027143311,2085,2088,2085,2088,,4.673557884629561e+32,2.4181237994339045e+32,8.357184523416163e+31,2.79025363293769e+31,160.41095123787593,95.56179892130746,,2.784183968560668e+32
5,0.007963407096063515,0.04086300840572221,21.141497787877384,34.758359341920155,2245,2247,2245,2247,,1.0230543041545927e+32,1.7072091452350426e+32,8.357184523416163e+31,2.79025363293769e+31,35.1143856882922,297.8449880844913,,8.677685542774818e+32
