,ampl,dur,ed,ederr,istart,istop,istart_no_sys_no_thruster,istop_no_sys_no_thruster,corrected,myenerg,myenerg_err,L_bol,L_bol_err,myed,ED_true,count_true,energ_true
0,0.5222047346200951,0.08172727886994835,1693.2047356611515,332.35516127587306,1012,1016,1012,1016,3.75,2.099935020008964e+33,1.256162154705493e+33,3.388909656562385e+31,2.926219821264045e+31,2138.998503907477,4307.473600320129,3.75,4.22880831592559e+33
1,0.2686674080568595,0.0408632816906902,304.0754968754472,67.70154493811437,1604,1606,1604,1606,3.666666666666667,5.440903247772605e+32,3.288572267086415e+32,3.388909656562385e+31,2.926219821264045e+31,554.21162064535,1201.5321672528462,3.666666666666667,1.1795891727237313e+33
2,0.4478998895563856,0.22474722916376771,1122.9695251550297,206.78240375636585,2503,2514,2503,2514,2.0,1.6067381437148695e+33,9.623165467523044e+32,3.388909656562385e+31,2.926219821264045e+31,1636.6270636138597,3561.9277339635523,2.0,3.4968779892212485e+33
3,0.14021597631568522,0.040863267138774965,233.77331268242526,54.12122057331706,2816,2818,2816,2818,6.5,3.539598299811396e+32,2.1650106838978283e+32,3.388909656562385e+31,2.926219821264045e+31,360.5442737793718,790.8089664594013,6.5,7.763668089395835e+32
