,ampl,dur,ed,ederr,istart,istop,istart_no_sys_no_thruster,istop_no_sys_no_thruster,corrected,myenerg,myenerg_err,L_bol,L_bol_err,myed,ED_true,count_true,energ_true
0,0.3267479194181841,0.3473374255336239,1939.4449395219688,324.3356855529925,2923,2939,2923,2939,,1.9853506716658365e+33,1.1611602285687464e+33,3.388909656562385e+31,2.926219821264045e+31,2022.282630634352,102.20505648098981,,1.0033853550357989e+32
