,ampl,dur,ed,ederr,istart,istop,istart_no_sys_no_thruster,istop_no_sys_no_thruster,corrected,myenerg,myenerg_err,L_bol,L_bol_err,myed,ED_true,count_true,energ_true
0,0.146650563291048,0.061296168998524074,309.76445074903774,152.24822670200467,428,431,428,431,,2.319882459137156e+32,1.8205344397847348e+32,2.5945377341929524e+31,2.240303966236216e+31,336.30343276186767,278.7626648265949,,1.922955739947697e+32
1,0.16552566220131076,0.06129606701870216,300.4083510686474,61.71529343929089,496,499,496,499,3.75,3.3303828106309046e+32,1.7884779341452376e+32,2.5945377341929524e+31,2.240303966236216e+31,482.7913445420265,1046.345257355441,3.75,7.217880557463865e+32
2,0.061754967367115686,0.040863229769456666,143.8597797955994,33.26672988428235,2047,2049,2047,2049,4.0,1.6013654246731498e+32,8.77410910962504e+31,2.5945377341929524e+31,2.240303966236216e+31,232.14309298413747,646.50405416771,4.0,4.4597029614227214e+32
