,ampl,dur,ed,ederr,istart,istop,istart_no_sys_no_thruster,istop_no_sys_no_thruster,corrected,myenerg,myenerg_err,L_bol,L_bol_err,myed,ED_true,count_true,energ_true
0,-0.00012191155858413646,0.06129556945961667,-1.6366097897268843,4.16199219629379,856,859,856,859,,7.305929829999393e+32,1.8211785930342517e+33,2.3017597493486285e+33,5.034997802178657e+32,5.252308091713619,7.022919724239711,,9.768840252909447e+32
1,0.0004680177675175668,0.04086359799839556,1.3440300739212168,5.193035478484871,874,876,874,876,,4.393368974515279e+32,1.5135818540576912e+33,2.3017597493486285e+33,5.034997802178657e+32,3.1584381388360643,7.022919724239711,,9.768840252909447e+32
