,ampl,dur,ed,ederr,istart,istop,istart_no_sys_no_thruster,istop_no_sys_no_thruster,corrected,myenerg,myenerg_err,L_bol,L_bol_err,myed,ED_true,count_true,energ_true
0,0.4740174794592683,0.10215895976580214,1736.1462009289328,333.71471349880784,1013,1018,1013,1018,6.4,5.0994593109690765e+32,2.515935732847264e+32,1.2304387258962846e+31,7.082974670228428e+30,1795.394960706648,3126.2845195779555,6.4,8.879584186771668e+32
1,0.028084676223743308,0.04086323082447052,82.55237876154887,18.4106155276084,1479,1481,1479,1481,,4.90759475967096e+31,2.453786399390642e+31,1.2304387258962846e+31,7.082974670228428e+30,172.7844142564436,262.95545802626003,,7.468722415676014e+31
2,0.027346850308496158,0.14302089331613388,205.01011176372867,330.56943831946967,2426,2432,2426,2432,13.0,1.0675876676869731e+32,1.933131637863877e+32,1.2304387258962846e+31,7.082974670228428e+30,375.87151927161995,1171.175292836328,13.0,3.32648853457876e+32
3,0.046613521920895636,0.04086321405338822,92.09782343882615,21.055045577539435,2462,2464,2462,2464,,4.833992324251018e+31,2.439083149340316e+31,1.2304387258962846e+31,7.082974670228428e+30,170.19305243570213,262.95545802626003,,7.468722415676014e+31
