,ampl,dur,ed,ederr,istart,istop,istart_no_sys_no_thruster,istop_no_sys_no_thruster,corrected,myenerg,myenerg_err,L_bol,L_bol_err,myed,ED_true,count_true,energ_true
0,0.007991843392715152,0.16345454540714854,32.2626477237104,6.1410154067629925,977,985,977,985,1.1333333333333333,1.9237556784173468e+33,1.134764686635044e+33,1.0815833456435376e+33,3.4866127639132136e+32,31.32596314698653,50.92826785061176,1.1333333333333333,3.12755090752888e+33
1,0.0026646947800405447,0.061294717714190476,11.302319295819151,2.8326150964875465,2685,2688,2685,2688,2.375,1.14496715423193e+33,7.184169772800459e+32,1.0815833456435376e+33,3.4866127639132136e+32,18.64436283691027,19.477352735048903,2.375,1.1961218159127037e+33
2,0.001353677572983956,0.040863179303414654,3.044427982732159,0.7838501711184618,2816,2818,2816,2818,4.6000000000000005,4.3567604350431885e+32,2.703956753125778e+32,1.0815833456435376e+33,3.4866127639132136e+32,7.094441272328945,18.002704237124192,4.6000000000000005,1.105562320319823e+33
