,ampl,dur,ed,ederr,istart,istop,istart_no_sys_no_thruster,istop_no_sys_no_thruster,corrected,myenerg,myenerg_err,L_bol,L_bol_err,myed,ED_true,count_true,energ_true
0,0.004251791236738544,0.04086348134296714,13.617521329465255,3.078718644425184,1472,1474,1472,1474,13.0,2.3294196424856007e+32,1.2020609934016986e+32,2.178010611369685e+32,4.012043812898151e+31,26.0058330769525,69.13741272289167,13.0,6.192843226778506e+32
1,0.028796254927231875,0.04086317528708605,62.07175692990673,120.90380093473856,1986,1988,1986,1988,13.0,1.5388911485627446e+32,2.9574634210990922e+32,2.178010611369685e+32,4.012043812898151e+31,17.18030774842229,69.13741272289167,13.0,6.192843226778506e+32
2,0.0012262914448776911,0.040863173191610265,3.107395888014489,8.266534659786924,1994,1996,1994,1996,13.0,1.139762818927708e+32,2.8534465129390216e+32,2.178010611369685e+32,4.012043812898151e+31,12.72440614638375,69.13741272289167,13.0,6.192843226778506e+32
3,0.1332347666587938,0.040863223366613965,185.36042377209324,42.28810869224509,2265,2267,2265,2267,5.666666666666666,2.734190575535673e+33,1.4155240350026687e+33,2.178010611369685e+32,4.012043812898151e+31,305.24729169058224,105.87060016739251,5.666666666666666,9.483143833997234e+32
4,0.03831177808792285,0.08172634441143599,130.77044175342218,85.31265859493804,2273,2277,2273,2277,1.7272727272727273,1.2203431045982612e+33,1.1165499991132006e+33,2.178010611369685e+32,4.012043812898151e+31,136.24011103868136,215.63542327141226,1.7272727272727273,1.9315104772755354e+33
5,0.0069918342944568605,0.061294778301089536,30.13009604756847,5.516489747411674,2307,2310,2307,2310,,4.660005351063559e+32,2.2833866500008412e+32,2.178010611369685e+32,4.012043812898151e+31,52.024684211966104,84.32990925770763,,7.55368022599614e+32
6,0.001991359049808375,0.06129472077736864,7.899002778656132,1.4234733326387512,2792,2795,2792,2795,13.0,2.521115648808416e+32,1.2290504718734893e+32,2.178010611369685e+32,4.012043812898151e+31,28.14594310737626,69.13741272289167,13.0,6.192843226778506e+32
