,ampl,dur,ed,ederr,istart,istop,istart_no_sys_no_thruster,istop_no_sys_no_thruster,corrected,myenerg,myenerg_err,L_bol,L_bol_err,myed,ED_true,count_true,energ_true
0,0.0024199608311090237,0.06129570565826725,3.5309151725644283,5.882125675181418,786,789,788,789,19.0,4.7722566442079025e+31,1.0457020861996084e+32,6.761763726573059e+31,2.257582772077468e+31,22.22008487511657,140.18305116715726,19.0,3.0107423130817045e+32
1,0.020524121745979843,0.06129519575915765,90.29617522187692,17.536799296313028,1238,1241,1238,1241,4.5,3.823898211094062e+32,2.309326832390344e+32,6.761763726573059e+31,2.257582772077468e+31,178.0443700726815,247.69129242407442,4.5,5.319720525941647e+32
2,0.09050459470339142,0.04086321149225114,125.25452147652592,27.77533066830405,2340,2342,2340,2342,1.8461538461538463,9.710493722188511e+32,5.989278509605374e+32,6.761763726573059e+31,2.257582772077468e+31,452.1299057715041,913.1829291951451,1.8461538461538463,1.9612631210554292e+33
3,0.03166966157863243,0.06129469913867069,138.8822224031827,29.06870857683361,2627,2630,2627,2630,1.625,4.686282759890824e+32,2.8913817977625953e+32,6.761763726573059e+31,2.257582772077468e+31,218.1978221979154,529.2168225424371,1.625,1.1366106438382767e+33
