,ampl,dur,ed,ederr,istart,istop,istart_no_sys_no_thruster,istop_no_sys_no_thruster,corrected,myenerg,myenerg_err,L_bol,L_bol_err,myed,ED_true,count_true,energ_true
0,0.06792981471493394,0.04086349962017266,230.5142301545227,51.21773822448821,1151,1153,1151,1153,3.5999999999999996,1.866298206433803e+32,1.0635415866951486e+32,1.950113960413546e+31,6.95997016907608e+30,376.42147246174096,1222.3551476666223,3.5999999999999996,6.060438595057062e+32
