,ampl,dur,ed,ederr,istart,istop,istart_no_sys_no_thruster,istop_no_sys_no_thruster,corrected,myenerg,myenerg_err,L_bol,L_bol_err,myed,ED_true,count_true,energ_true
0,-0.0316978581115275,0.06129502673138632,-578.3747096216853,1235.1472289833239,1421,1424,1421,1424,,1.0357036088937245e+32,2.2873963923196916e+32,2.5945377341929524e+31,2.240303966236216e+31,150.14152015458708,434.3710721636661,,2.9963709344073854e+32
1,-0.01070182256990867,0.04086326190008549,-57.30813477409294,133.7543744789975,1921,1923,1921,1923,,3.9774841174513773e+31,9.008075354401554e+31,2.5945377341929524e+31,2.240303966236216e+31,57.659885188847916,276.3404432338686,,1.90624681331272e+32
