,ampl,dur,ed,ederr,istart,istop,istart_no_sys_no_thruster,istop_no_sys_no_thruster,corrected,myenerg,myenerg_err,L_bol,L_bol_err,myed,ED_true,count_true,energ_true
0,0.061094122106282886,0.26561592126381584,371.645609658987,65.41707944406474,668,681,668,681,1.75,1.3990364162069315e+34,8.358205703585232e+33,8.054896999449552e+32,2.967533721045604e+32,319.05974015099326,500.4279904495001,1.75,2.194313146487171e+34
1,0.04130199203841118,0.388207200463512,358.2156486951412,60.43412198773567,778,796,778,784,2.0,1.1935511252125917e+34,7.103817329040871e+33,8.054896999449552e+32,2.967533721045604e+32,272.1974263541464,241.07761723930082,2.0,1.057094716778004e+34
2,0.03887689707621975,0.24518159913714044,205.93153036872604,35.73443777198766,1136,1147,788,796,8.0,1.2174802937130452e+33,2.3278462996072387e+33,8.054896999449552e+32,2.967533721045604e+32,27.765463546989164,62.395880193568324,8.0,2.7359800572386675e+33
3,0.005223686499362337,0.04086312433355488,13.991783702959044,3.3749738980519988,2657,2659,1136,1147,,9.507903403566041e+33,5.647191124349083e+33,8.054896999449552e+32,2.967533721045604e+32,216.83418345515227,27.25236045855099,,1.1949813753081868e+33
