,ampl,dur,ed,ederr,istart,istop,istart_no_sys_no_thruster,istop_no_sys_no_thruster,corrected,myenerg,myenerg_err,L_bol,L_bol_err,myed,ED_true,count_true,energ_true
0,0.02012679257943084,0.04086338402703405,58.69422840786332,13.906746365918465,1120,1122,1120,1122,3.25,2.5021352685558394e+32,1.3006277417855727e+32,8.357184523416163e+31,2.79025363293769e+31,85.88101580487731,205.85267941058993,3.25,5.997498334791516e+32
1,0.16068001903450474,0.061294672595977324,424.17113994144813,87.56938612269138,2109,2112,2109,2112,1.8888888888888888,1.6128173588530253e+33,8.146977895206251e+32,8.357184523416163e+31,2.79025363293769e+31,553.5687651530582,824.1300215230327,1.8888888888888888,2.4010950189661755e+33
2,0.012230379039682118,0.04086321428621886,29.33516419556519,71.36945015940856,2117,2119,2117,2119,4.25,1.5256177189298248e+32,3.528452719383473e+32,8.357184523416163e+31,2.79025363293769e+31,52.36391536387042,242.6795112117665,4.25,7.070444594396245e+32
