,ampl,dur,ed,ederr,istart,istop,istart_no_sys_no_thruster,istop_no_sys_no_thruster,corrected,myenerg,myenerg_err,L_bol,L_bol_err,myed,ED_true,count_true,energ_true
0,0.21445806407665846,0.08172913849557517,483.732513387209,98.90251214998526,38,42,38,42,2.111111111111111,1.2443151745280886e+33,6.3363269320421535e+32,8.357184523416163e+31,2.79025363293769e+31,427.08742613893025,974.2864809349194,2.111111111111111,2.838574442532353e+33
1,0.0864355226595034,0.06129493825574173,362.42377201532935,74.57796194287232,1544,1547,1544,1547,2.111111111111111,1.2187029516882226e+33,6.1490508041420916e+32,8.357184523416163e+31,2.79025363293769e+31,418.2965196593692,974.2864809349194,2.111111111111111,2.838574442532353e+33
2,0.1006648172259699,0.04086326307151466,105.15551173860884,23.58809586209936,1917,1919,1917,1919,20.0,5.987715763522295e+32,3.050762713396807e+32,8.357184523416163e+31,2.79025363293769e+31,205.51691132948648,313.75630065331217,20.0,9.141260128780139e+32
