,ampl,dur,ed,ederr,istart,istop,istart_no_sys_no_thruster,istop_no_sys_no_thruster,corrected,myenerg,myenerg_err,L_bol,L_bol_err,myed,ED_true,count_true,energ_true
0,0.6283689627614885,0.040863225469365716,865.8281588731985,192.1655783676839,1480,1482,1480,1482,3.666666666666667,3.092054062060305e+33,1.9076174746844155e+33,6.761763726573059e+31,2.257582772077468e+31,1439.6900422532217,4116.762878400868,3.666666666666667,8.841662446158378e+33
