,ampl,dur,ed,ederr,istart,istop,istart_no_sys_no_thruster,istop_no_sys_no_thruster,corrected,myenerg,myenerg_err,L_bol,L_bol_err,myed,ED_true,count_true,energ_true
0,0.06159999750761399,0.04086418961378513,115.57980128335407,25.18883674289585,285,287,285,287,3.75,3.592697432339834e+32,2.2047232850365946e+32,6.761763726573059e+31,2.257582772077468e+31,167.27943995655465,241.15739884035153,3.75,5.1793906521238036e+32
1,0.03512126385315343,0.040863008121959865,77.91064702443137,17.316667539658766,2462,2464,2462,2464,2.5,2.9371634865469004e+32,1.8128238422830948e+32,6.761763726573059e+31,2.257582772077468e+31,136.75715039838963,253.87856335812367,2.5,5.452605908650502e+32
2,0.027221028625804874,0.040863352769520134,73.16273807543641,15.960425951118241,3064,3066,3064,3066,2.5,2.9217946328007705e+32,1.793524796202092e+32,6.761763726573059e+31,2.257582772077468e+31,136.04156182021302,253.87856335812367,2.5,5.452605908650502e+32
