,ampl,dur,ed,ederr,istart,istop,istart_no_sys_no_thruster,istop_no_sys_no_thruster,corrected,myenerg,myenerg_err,L_bol,L_bol_err,myed,ED_true,count_true,energ_true
0,0.16127223141641633,0.04086358739732532,441.66591552269233,97.9267012275032,1049,1051,1049,1051,,4.001244263753823e+32,2.1612272812024488e+32,2.5945377341929524e+31,2.240303966236216e+31,580.0432586225206,871.8643116624468,,6.014279148930351e+32
1,0.6534095918739132,0.08172641914279666,1537.4540301086304,303.72825881615626,1923,1927,1923,1927,24.0,2.3018703764740134e+33,1.2333438404759829e+33,2.5945377341929524e+31,2.240303966236216e+31,3336.922982162587,663.8406092611519,24.0,4.579293682614138e+32
