,ampl,dur,ed,ederr,istart,istop,istart_no_sys_no_thruster,istop_no_sys_no_thruster,corrected,myenerg,myenerg_err,L_bol,L_bol_err,myed,ED_true,count_true,energ_true
0,0.6896860531462666,0.0612947412810172,1364.9238658110048,286.53135691472346,1883,1886,1883,1886,1.8888888888888888,1.3645883963096726e+33,8.247929294448295e+32,3.388909656562385e+31,2.926219821264045e+31,1389.9727897977687,2228.4215147606174,1.8888888888888888,2.1877249421347225e+33
1,0.01765013960304311,0.040863036847440526,60.81461592152357,20.61380368623001,2669,2671,2669,2671,3.75,9.30808849677479e+31,6.50995364135502e+31,3.388909656562385e+31,2.926219821264045e+31,94.81239742720554,413.10040106240046,3.75,4.05556150406829e+32
2,0.2617936130354712,0.06129471739404835,304.1709082449408,67.77312466230732,2708,2710,2708,2710,2.75,5.184339880131911e+32,3.134201617814747e+32,3.388909656562385e+31,2.926219821264045e+31,528.0780186856776,1092.352556505759,2.75,1.0724034558286844e+33
