,ampl,dur,ed,ederr,istart,istop,istart_no_sys_no_thruster,istop_no_sys_no_thruster,corrected,myenerg,myenerg_err,L_bol,L_bol_err,myed,ED_true,count_true,energ_true
0,0.23131280231140056,0.061294727311178576,493.81270925988235,102.63781210140723,1985,1988,1985,1988,3.25,4.009030198211504e+32,2.1612903829103576e+32,2.5945377341929524e+31,2.240303966236216e+31,581.1719522229503,1035.3075311807268,3.25,7.141740307775692e+32
1,0.0304945373842419,0.061294663399166886,100.0631861065058,21.54838774864961,2341,2344,2341,2344,5.333333333333333,1.6705746243152145e+32,9.114669577612846e+31,2.5945377341929524e+31,2.240303966236216e+31,242.17605449331006,595.8161137930249,5.333333333333333,4.110048297480334e+32
2,0.4733616978766873,0.16345268591248896,2393.0666191783275,475.4237010624151,2823,2827,2823,2827,1.7,1.0226698904246194e+33,5.4896662369964866e+32,2.5945377341929524e+31,2.240303966236216e+31,1482.5207776256086,3128.1427382471347,1.7,2.157849953698016e+33
3,0.011717663981845605,0.04086317450855858,36.480817906957924,199.60172221547646,2834,2836,2834,2836,,4.550401191416323e+31,2.1962495226171194e+32,2.5945377341929524e+31,2.240303966236216e+31,65.96521884501765,96.53877557834474,,6.659420935776257e+31
