,ampl,dur,ed,ederr,istart,istop,istart_no_sys_no_thruster,istop_no_sys_no_thruster,corrected,myenerg,myenerg_err,L_bol,L_bol_err,myed,ED_true,count_true,energ_true
0,0.6046409338380663,0.2043192685596296,2995.1232062552745,542.003335526431,751,760,751,760,2.4,2.8664924023310965e+33,1.7035608533624488e+33,3.388909656562385e+31,2.926219821264045e+31,2919.8155664941437,1034.5547553892225,2.4,1.0156611876960003e+33
1,0.18558846594582226,0.1225911680230638,838.5190802842477,155.4318577035319,859,865,859,865,1.8571428571428572,9.998955833955426e+32,5.941783005620038e+32,3.388909656562385e+31,2.926219821264045e+31,1018.4958756188701,2334.112572535759,1.8571428571428572,2.2914858157951612e+33
2,0.2863593153123515,0.4086322659350117,2058.1933867871653,329.34745060819426,1709,1728,1709,1728,2.5999999999999996,2.701694354262611e+33,1.563178633554084e+33,3.388909656562385e+31,2.926219821264045e+31,2751.9519064729598,700.0879401142969,2.5999999999999996,6.873025763441777e+32
3,0.19578339317751928,0.040863144902687054,262.85386447369234,60.682924677173126,1974,1976,1974,1976,1.75,5.587511108123395e+32,3.4146613476752906e+32,3.388909656562385e+31,2.926219821264045e+31,569.1451300617546,1425.1647279364656,1.75,1.3991376412878427e+33
