,ampl,dur,ed,ederr,istart,istop,istart_no_sys_no_thruster,istop_no_sys_no_thruster,corrected,myenerg,myenerg_err,L_bol,L_bol_err,myed,ED_true,count_true,energ_true
0,0.0037559507268397577,0.06129549309116555,16.472760626242334,22.875244408480505,923,926,923,926,13.0,3.2085105676984597e+32,4.7933363822251325e+32,3.3270550844106834e+32,9.95907567321434e+31,21.988090563624546,76.85544655298263,13.0,1.1214776096036802e+33
1,-0.0017177199862711686,0.040863341877411585,-8.095727256978723,13.041087574394878,2983,2985,2983,2985,13.0,3.0062713000361486e+32,4.829821913156191e+32,3.3270550844106834e+32,9.95907567321434e+31,20.60213429542692,76.85544655298263,13.0,1.1214776096036802e+33
2,0.004243648124665428,0.04086333011946408,13.11471922558879,3.5002441266015487,3182,3184,3182,3184,13.0,3.6676409901922544e+32,1.8677035028318157e+32,3.3270550844106834e+32,9.95907567321434e+31,25.134535338325858,76.85544655298263,13.0,1.1214776096036802e+33
