,ampl,dur,ed,ederr,istart,istop,istart_no_sys_no_thruster,istop_no_sys_no_thruster,corrected,myenerg,myenerg_err,L_bol,L_bol_err,myed,ED_true,count_true,energ_true
0,0.005909164979175382,0.06129628913913621,26.98211774291121,6.581736010332785,373,375,373,375,1.2857142857142856,1.515693820212199e+33,9.536175686111271e+32,6.699771504105753e+32,2.4682870386912345e+32,43.059861145938214,76.62791835962652,1.2857142857142856,2.6972790720289305e+33
1,0.003777244300335464,0.06129551195772365,14.728426575471964,3.475452616036024,932,935,932,935,3.75,6.863963411672392e+32,4.354154746024013e+32,6.699771504105753e+32,2.4682870386912345e+32,19.500067063414864,32.87489006289481,3.75,1.1571859820821865e+33
2,0.024672102921117062,0.163453960652987,110.42309695075424,21.12502932974861,1221,1229,1221,1227,1.2142857142857144,4.0660868463875815e+33,2.4831502375038386e+33,6.699771504105753e+32,2.4682870386912345e+32,115.51484388071394,165.25350839505865,1.2142857142857144,5.816872483491555e+33
3,0.033422606891829576,0.10215803136088653,75.3653656059656,15.409413235306273,1744,1748,1744,1748,1.5,4.689381888628005e+33,2.8739900996980064e+33,6.699771504105753e+32,2.4682870386912345e+32,133.2222446854931,191.97227147131446,1.5,6.757364695975498e+33
4,0.02007740946718977,0.06129466910351766,37.84031101966136,8.03997238508124,2262,2265,2262,2265,1.2666666666666666,3.2101995251117924e+33,1.9710629041547808e+33,6.699771504105753e+32,2.4682870386912345e+32,91.19964992845198,88.31867783135105,1.2666666666666666,3.10879019661953e+33
5,0.037612154400937625,0.1021578861254966,88.58516757704253,18.052330289877702,2461,2465,2461,2465,1.1538461538461537,5.340052438256962e+33,3.2695305187734716e+33,6.699771504105753e+32,2.4682870386912345e+32,151.70736558863942,187.62362907153164,1.1538461538461537,6.604293825883171e+33
6,0.0037760014838662532,0.04086324412492104,10.24644867915466,2.596865191520516,2678,2680,2678,2680,7.0,5.467743808037419e+32,3.4825594932706176e+32,6.699771504105753e+32,2.4682870386912345e+32,15.533499313383277,34.94311544312228,7.0,1.2299868770268396e+33
7,0.0045043284378484425,0.04086333163286328,1.1300793417849846,0.27155299052373466,3208,3210,3208,3210,3.166666666666667,7.850756910007275e+32,4.9161064293195504e+32,6.699771504105753e+32,2.4682870386912345e+32,22.303482268476916,40.62850101853125,3.166666666666667,1.430110694262693e+33
