,ampl,dur,ed,ederr,istart,istop,istart_no_sys_no_thruster,istop_no_sys_no_thruster,corrected,myenerg,myenerg_err,L_bol,L_bol_err,myed,ED_true,count_true,energ_true
0,0.0762828434973394,0.061295249783142935,113.34626410969456,23.49247036150102,1151,1154,1151,1154,2.625,1.4076964593529742e+32,7.5818403162460275e+31,2.5945377341929524e+31,2.240303966236216e+31,204.0677318381082,479.9906976328266,2.625,3.311063437095131e+32
1,0.10112373394065853,0.040863169509975705,148.892268660825,32.904133278885745,2790,2792,2790,2792,1.75,2.639436382838062e+32,1.4240924163365543e+32,2.5945377341929524e+31,2.240303966236216e+31,382.62779763210744,659.3634445437144,1.75,4.548409383249862e+32
2,0.009499754978338756,0.04086347039992688,32.534432233639265,6.8173723325012805,3284,3286,3284,3286,11.0,4.684855583858722e+31,2.4838897261634736e+31,2.5945377341929524e+31,2.240303966236216e+31,67.91434663596219,182.6173164620335,11.0,1.2597275790965608e+32
