,ampl,dur,ed,ederr,istart,istop,istart_no_sys_no_thruster,istop_no_sys_no_thruster,corrected,myenerg,myenerg_err,L_bol,L_bol_err,myed,ED_true,count_true,energ_true
0,0.1459506022076533,0.0408637440923485,390.75606226002924,84.89505620354127,780,782,780,782,4.0,4.1081685679858345e+32,2.3245705688427077e+32,1.950113960413546e+31,6.95997016907608e+30,828.593659979558,2026.8205062547202,4.0,1.0048979009747913e+33
1,0.42918489966916745,0.08172633602953283,690.4275181553467,136.63409879095454,1826,1830,1826,1830,2.4,5.645195167558769e+32,3.192106626615931e+32,1.950113960413546e+31,6.95997016907608e+30,1138.6029681541936,3985.0692325530536,2.4,1.9757979035014316e+33
