,ampl,dur,ed,ederr,istart,istop,istart_no_sys_no_thruster,istop_no_sys_no_thruster,corrected,myenerg,myenerg_err,L_bol,L_bol_err,myed,ED_true,count_true,energ_true
0,0.09480208568227834,0.040863483787688885,181.2921076289981,40.2010272431241,1212,1214,1212,1214,6.6,8.335691374839215e+32,4.229579612925916e+32,8.357184523416163e+31,2.79025363293769e+31,286.1066912342953,459.60948497644546,6.6,1.3390678851949943e+33
1,0.01108532079285857,0.04086320847272873,35.999676443690745,8.412969862225909,1525,1527,1525,1527,9.0,1.9032208930900257e+32,9.842732305550363e+31,8.357184523416163e+31,2.79025363293769e+31,65.32442336499903,154.79620797641283,9.0,4.509972871029906e+32
2,0.19720012881824026,0.2451791971398052,656.6180021864097,119.22175000146031,1799,1811,1799,1811,2.6363636363636367,2.1923324915509529e+33,1.0979121231871962e+33,8.357184523416163e+31,2.79025363293769e+31,752.476269858516,958.7858737146248,2.6363636363636367,2.793413570078248e+33
3,0.05205889078924119,0.06129470302403206,182.02648209139363,253.2459559375296,2650,2653,2650,2653,32.0,8.49955195218938e+31,1.30146466753036e+32,8.357184523416163e+31,2.79025363293769e+31,29.173089269536504,135.23603359047655,32.0,3.9400890412746666e+32
4,0.03329377977369293,0.06129480991512538,54.62999957839346,20.836469210623914,2669,2671,2669,2671,5.285714285714286,2.3999170457202874e+32,1.53059671315988e+32,8.357184523416163e+31,2.79025363293769e+31,82.37257046972432,195.48506633721024,5.285714285714286,5.695438908985671e+32
5,0.014045037336568804,0.04086308826663298,35.8122712266541,7.724029543821458,2868,2870,2868,2870,16.0,2.2800489750793585e+32,1.1456173768323888e+32,8.357184523416163e+31,2.79025363293769e+31,78.25832780723414,159.26536634136016,16.0,4.6401813770762566e+32
