,ampl,dur,ed,ederr,istart,istop,istart_no_sys_no_thruster,istop_no_sys_no_thruster,corrected,myenerg,myenerg_err,L_bol,L_bol_err,myed,ED_true,count_true,energ_true
0,0.06268362922728657,0.22475414005020866,273.4434475228321,48.183775513134,185,196,185,196,18.333333333333336,2.7109650943116194e+32,1.6030892565391186e+32,3.388909656562385e+31,2.926219821264045e+31,276.13951030033263,627.6886767224732,18.333333333333336,6.1622550530293506e+32
1,0.02294475526106692,0.04086395014746813,64.48447777677421,14.600536639552818,611,613,611,613,28.5,1.0709848272869564e+32,6.506196694915084e+31,3.388909656562385e+31,2.926219821264045e+31,109.09075383030796,417.2265645267877,28.5,4.096069597651899e+32
2,0.5210411531631679,0.061295650717511314,1655.900039111067,362.23092972951935,814,815,814,815,3.588235294117647,1.3700773022296696e+33,8.326890699138142e+32,3.388909656562385e+31,2.926219821264045e+31,1395.563801633417,5947.576830159002,3.588235294117647,5.83895914234124e+33
3,0.01542309484007526,0.04086364875547588,33.850982694418924,172.03972891543918,829,831,829,831,28.5,5.595975785670301e+31,2.5586365423913454e+32,3.388909656562385e+31,2.926219821264045e+31,57.00073440082039,417.2265645267877,28.5,4.096069597651899e+32
4,0.027187686984930674,0.061295549436181325,89.49873352913694,17.649851574269,888,891,888,891,45.0,1.8089818848914785e+32,1.0734732912005739e+32,3.388909656562385e+31,2.926219821264045e+31,184.263299031133,586.5192403196338,45.0,5.758079261889602e+32
5,0.026169585336188177,0.3064734814906842,419.0819798361936,61.49110268044345,2365,2377,2365,2377,8.4,6.0611556248599234e+32,3.41605373754886e+32,3.388909656562385e+31,2.926219821264045e+31,617.3906663774015,1699.5158085484677,8.4,1.6684783822476905e+33
6,0.07359869876484622,0.1430207780067576,185.18879612694454,34.281684402294154,2458,2464,2458,2464,8.25,3.317611310220192e+32,1.9706991100699996e+32,3.388909656562385e+31,2.926219821264045e+31,337.93262941427696,873.8303270576625,8.25,8.578719910192351e+32
