,ampl,dur,ed,ederr,istart,istop,istart_no_sys_no_thruster,istop_no_sys_no_thruster,corrected,myenerg,myenerg_err,L_bol,L_bol_err,myed,ED_true,count_true,energ_true
0,0.03991774041838876,0.04086321777867852,97.6707353696533,244.0183920756784,2542,2544,2542,2544,,1.2699398429660508e+32,3.1272812837974267e+32,3.388909656562385e+31,2.926219821264045e+31,129.35635618597775,508.7950969636081,,4.9950322086291316e+32
1,-0.02172275535157777,0.10215790068468776,-245.73438414755088,508.69891412397766,2556,2561,2556,2561,34.0,2.0891608658271153e+32,4.830924499523657e+32,3.388909656562385e+31,2.926219821264045e+31,212.80239263818615,588.3225921833232,34.0,5.775783443192402e+32
2,0.21363909399676706,0.08172623684367862,434.67377561873695,90.31566139823497,2804,2807,2804,2807,6.0,4.876355957097063e+32,2.9383312560381704e+32,3.388909656562385e+31,2.926219821264045e+31,496.70670746309116,1823.7302216354183,6.0,1.790424328238137e+33
3,0.008611487482553084,0.04086317063047318,19.013461022545627,51.03101649400514,2813,2815,2813,2815,16.0,5.263141887640051e+31,1.3758142337191284e+32,3.388909656562385e+31,2.926219821264045e+31,53.610480877959674,318.99685638173605,16.0,3.131711727544776e+32
