,ampl,dur,ed,ederr,istart,istop,istart_no_sys_no_thruster,istop_no_sys_no_thruster,corrected,myenerg,myenerg_err,L_bol,L_bol_err,myed,ED_true,count_true,energ_true
0,0.0425053543109383,0.04086329437996028,115.68795579400393,24.658136400396643,1357,1359,1357,1359,6.5,3.8692335617646115e+32,2.3592885703788482e+32,6.761763726573059e+31,2.257582772077468e+31,180.1552275031288,357.4156384934812,6.5,7.676294510712921e+32
1,0.007487182269736946,0.04086311026912881,22.485125588806877,5.621309904537437,2296,2298,2296,2298,,1.955028031981706e+32,1.2509252463827469e+32,6.761763726573059e+31,2.257582772077468e+31,91.0279811891297,185.1084934210139,,3.97561594653051e+32
2,0.030595425880678283,0.061294741892197635,47.90292637874436,28.75136249783927,2782,2784,2782,2784,14.0,2.9259125614887077e+32,2.70877122323348e+32,6.761763726573059e+31,2.257582772077468e+31,136.23329653143543,333.9472383828524,14.0,7.172258504611526e+32
3,0.00802503303325159,0.04086319712223485,19.177965164176953,5.819866441489882,2903,2905,2903,2905,7.5,2.2850941865652496e+32,1.5618717383737198e+32,6.761763726573059e+31,2.257582772077468e+31,106.39617807382805,178.52422433225286,7.5,3.834204146878563e+32
