,ampl,dur,ed,ederr,istart,istop,istart_no_sys_no_thruster,istop_no_sys_no_thruster,corrected,myenerg,myenerg_err,L_bol,L_bol_err,myed,ED_true,count_true,energ_true
0,0.1836018932853326,0.04086374479084043,336.12503745218606,85.17414524355958,808,810,808,810,,2.4388874448857526e+32,1.380421446295881e+32,2.5945377341929524e+31,2.240303966236216e+31,353.55507629466786,254.62407114179985,,1.756443315088665e+32
1,0.35138998599016324,0.0408632752878475,505.6429677484687,113.69774513622484,1336,1338,1336,1338,2.1666666666666665,5.241433081397768e+32,2.8445246006321184e+32,2.5945377341929524e+31,2.240303966236216e+31,759.8281244478637,865.6185620616104,2.1666666666666665,5.971194828249619e+32
2,0.3997016187756701,0.04086319450289011,465.9374987149777,104.42591467602895,1497,1499,1497,1499,2.8,5.550593626918885e+32,3.0089624270499275e+32,2.5945377341929524e+31,2.240303966236216e+31,804.6458057591634,1450.7372365352576,2.8,1.0007450236876865e+33
3,0.4492966608934902,0.08172622013807995,1582.781720372011,344.18101457290015,2423,2426,2423,2426,1.1111111111111112,1.4851616841608254e+33,8.130134798820976e+32,2.5945377341929524e+31,2.240303966236216e+31,2152.9753398603243,2903.9004286699496,1.1111111111111112,2.0031635158248488e+33
