,ampl,dur,ed,ederr,istart,istop,istart_no_sys_no_thruster,istop_no_sys_no_thruster,corrected,myenerg,myenerg_err,L_bol,L_bol_err,myed,ED_true,count_true,energ_true
0,0.061616766709825875,0.06129593430523528,185.4826829836468,39.069812478595,639,642,639,642,2.0,6.757636994610213e+32,4.17718927426664e+32,6.761763726573059e+31,2.257582772077468e+31,314.6420630116579,688.6213677913723,2.0,1.478967301995362e+33
1,1.2101064658070324,0.061295416606299113,1970.1784531170847,408.89565062328097,1134,1137,1134,1137,1.7,6.603398162122889e+33,4.0641415289426597e+33,6.761763726573059e+31,2.257582772077468e+31,3074.60554965424,4140.668890657199,1.7,8.893005916027185e+33
2,1.0363916372596904e-12,0.04086342814116506,-114.31977270195931,25.32430586345912,1312,1314,1312,1314,2.2,1.8480057435284946e+33,1.1394743990012397e+33,6.761763726573059e+31,2.257582772077468e+31,860.4492074151987,1415.9728565177325,2.2,3.0411161390756577e+33
3,0.041008141120682726,0.04086315375025151,91.20018658788382,45.656773203869975,1985,1987,1985,1987,2.0,3.347428729166675e+32,2.8268394256242224e+32,6.761763726573059e+31,2.257582772077468e+31,155.85949378008087,423.97044352996767,2.0,9.105706739894012e+32
4,0.002668705937089481,0.04086325118987588,-48.08367260149061,73.88757529886824,1997,1999,1997,1999,18.0,1.1820579882997234e+32,1.9981403947818595e+32,6.761763726573059e+31,2.257582772077468e+31,55.03775422306302,247.06892522725403,18.0,5.3063538083667325e+32
5,0.015790932681981208,0.040863272435672116,53.927281416957705,12.639518644937086,3125,3127,3125,3127,18.0,1.6990949269632737e+32,1.0654960011821982e+32,6.761763726573059e+31,2.257582772077468e+31,79.11149022931548,247.06892522725403,18.0,5.3063538083667325e+32
