,ampl,dur,ed,ederr,istart,istop,istart_no_sys_no_thruster,istop_no_sys_no_thruster,corrected,myenerg,myenerg_err,L_bol,L_bol_err,myed,ED_true,count_true,energ_true
0,0.15008521252099294,0.2247476199772791,922.7674411688553,160.04104816185378,1804,1815,1804,1815,1.4166666666666665,9.59544011939473e+32,5.648626824844113e+32,3.388909656562385e+31,2.926219821264045e+31,977.3936747638742,430.98438036621917,1.4166666666666665,4.2311352334028336e+32
