,ampl,dur,ed,ederr,istart,istop,istart_no_sys_no_thruster,istop_no_sys_no_thruster,corrected,myenerg,myenerg_err,L_bol,L_bol_err,myed,ED_true,count_true,energ_true
0,0.012331829104628714,0.0408634893829003,39.70275575605485,10.218049771293801,1216,1218,1216,1218,29.0,1.4857940834018786e+32,9.401548932329863e+31,3.388909656562385e+31,2.926219821264045e+31,151.34331735167848,388.1945175476784,29.0,3.81105110865994e+32
1,0.07011282970064979,0.16345315505895994,753.1939179357922,104.48387334492507,1634,1642,1634,1634,29.0,4.89034935439381e+31,5.341490174692255e+31,3.388909656562385e+31,2.926219821264045e+31,49.81320780387101,388.1945175476784,29.0,3.81105110865994e+32
2,0.6090172944726884,0.14302083470101934,1416.0759621547,272.2118496985463,2138,2145,1638,1642,23.0,3.889449809746685e+32,2.287552587434499e+32,3.388909656562385e+31,2.926219821264045e+31,396.18022675939113,1153.1669259087694,23.0,1.1321072021360578e+33
3,0.17973663497539735,0.040863118359993685,301.6529228256598,200.41434718432427,2185,2187,2138,2145,2.5833333333333335,1.405320116397338e+33,8.46621579631317e+32,3.388909656562385e+31,2.926219821264045e+31,1431.4622108983904,4549.877102826259,2.5833333333333335,4.466784921779014e+33
4,-0.010459226952387895,0.04086310916318325,-74.34141332343866,251.11644507726947,2280,2282,2187,2187,29.0,1.9915293931812496e+31,1.9198516416871392e+32,3.388909656562385e+31,2.926219821264045e+31,20.28576290176957,388.1945175476784,29.0,3.81105110865994e+32
5,0.009495491376654385,0.040863134905521285,26.37732154367093,55.08663309475937,2690,2692,2280,2282,29.0,5.083658891559707e+31,1.6169361115962438e+32,3.388909656562385e+31,2.926219821264045e+31,51.782263069148385,388.1945175476784,29.0,3.81105110865994e+32
6,0.1170394120499466,0.0612948058769689,313.0027100004673,63.533221100761935,2702,2705,2690,2692,29.0,4.33212147752342e+31,9.217908394279727e+31,3.388909656562385e+31,2.926219821264045e+31,44.12708617587837,388.1945175476784,29.0,3.81105110865994e+32
7,1.4719460206178498,0.245179161982378,3994.193259713006,737.3453296332532,2801,2812,2702,2705,14.0,4.066272684623954e+32,2.4333047744394615e+32,3.388909656562385e+31,2.926219821264045e+31,414.19144430732666,769.7137234931811,14.0,7.556568180819743e+32
