,ampl,dur,ed,ederr,istart,istop,istart_no_sys_no_thruster,istop_no_sys_no_thruster,corrected,myenerg,myenerg_err,L_bol,L_bol_err,myed,ED_true,count_true,energ_true
0,0.011888463262070027,0.040864095899451065,28.141048262046233,7.141327374378303,411,413,411,413,,5.020575281548833e+31,2.990515085722679e+31,1.950113960413546e+31,6.95997016907608e+30,101.26207770926578,198.56369015783434,,9.844790638028995e+31
1,0.16492429690953506,0.1634546542627504,912.557540508733,163.43014008002243,856,864,856,864,2.0,5.305423380236876e+32,2.9567028703123702e+32,1.950113960413546e+31,6.95997016907608e+30,1070.072978657469,1455.212523665882,2.0,7.214945803001928e+32
2,0.008755072725025652,0.040863373542379115,24.21468566029907,47.32797656367825,1528,1530,1528,1530,,1.8063175123841976e+31,3.584285712278394e+31,1.950113960413546e+31,6.95997016907608e+30,36.43237160069605,197.27242879576062,,9.780769880968692e+31
3,0.09895087513023987,0.04086336888576625,150.2314581837408,33.08471451346931,1539,1541,1539,1541,2.875,1.2694019555168622e+32,7.213544428351903e+31,1.950113960413546e+31,6.95997016907608e+30,256.03097704012026,576.1196258721545,2.875,2.8564019406884363e+32
4,0.009938177683767044,0.08172632811329095,42.848109704853094,9.75649979290411,2151,2155,2151,2155,,5.991333599758729e+31,3.54753494096643e+31,1.950113960413546e+31,6.95997016907608e+30,120.84170728214634,145.98951881500287,,7.238162460306149e+31
5,0.3911406831576614,0.08172631559136789,1084.565036875728,227.93487464904962,2337,2340,2337,2340,1.8181818181818181,3.800060134788877e+32,2.167768434468877e+32,1.950113960413546e+31,6.95997016907608e+30,766.4499844929404,1368.2803608401184,1.8181818181818181,6.783936013623816e+32
6,0.10094991286331743,0.06129466852144105,198.40619753336102,85.23475269048053,2430,2433,2430,2433,2.5,1.3305680086847874e+32,1.011886884621884e+32,1.950113960413546e+31,6.95997016907608e+30,268.3678135214343,732.2309303465229,2.5,3.6304020146990056e+32
7,0.015364868351766425,0.040863149508368224,33.3558221516476,8.852618584324143,2991,2993,2991,2993,,4.260754617709228e+31,2.578387526956142e+31,1.950113960413546e+31,6.95997016907608e+30,85.93693770198442,61.72451608688827,,3.0603024028514323e+31
