,ampl,dur,ed,ederr,istart,istop,istart_no_sys_no_thruster,istop_no_sys_no_thruster,corrected,myenerg,myenerg_err,L_bol,L_bol_err,myed,ED_true,count_true,energ_true
0,0.09373683718223053,0.06129511124890996,235.4437149493904,50.129093102275675,1336,1339,1336,1339,1.2999999999999998,8.037971656541961e+32,4.155625005013817e+32,1.091591113123216e+32,3.141851780902868e+31,207.1907926371002,348.45585226885987,1.2999999999999998,1.3518352955959175e+33
