,ampl,dur,ed,ederr,istart,istop,istart_no_sys_no_thruster,istop_no_sys_no_thruster,corrected,myenerg,myenerg_err,L_bol,L_bol_err,myed,ED_true,count_true,energ_true
0,0.0028248786390564595,0.04086357028427301,7.546098981391901,1.8538687380209398,1157,1159,1157,1159,,1.4287240770120211e+32,7.213517386213606e+31,2.500690771102743e+32,4.606442633383174e+31,13.031883868719195,9.972964799688597,,1.0933657076786747e+32
