,ampl,dur,ed,ederr,istart,istop,istart_no_sys_no_thruster,istop_no_sys_no_thruster,corrected,myenerg,myenerg_err,L_bol,L_bol_err,myed,ED_true,count_true,energ_true
0,0.12455308464857605,0.1634576778014889,435.4867971597584,80.72928037728026,143,151,145,151,2.3333333333333335,8.663112531990936e+32,5.3347653941308244e+32,6.761763726573059e+31,2.257582772077468e+31,403.3628325022216,849.1323638257518,2.3333333333333335,1.82370030891169e+33
1,0.10565841411563093,0.0817281586205354,205.7367840539848,57.000239425826855,535,539,535,539,2.2,6.2118316492032354e+32,4.245972746426559e+32,6.761763726573059e+31,2.257582772077468e+31,289.22884238163385,554.9290832671879,2.2,1.1918334333869841e+33
2,0.1156608217111611,0.10216005115944428,253.44173157504503,66.70159056214887,544,549,544,549,1.923076923076923,7.117657869117185e+32,4.8113754552205874e+32,6.761763726573059e+31,2.257582772077468e+31,331.40498040015973,539.8960882843513,1.923076923076923,1.1595467384475213e+33
3,0.014584939625886887,0.06129518295347225,57.62863364921272,11.524443939106972,1238,1241,1238,1241,10.5,2.7330009491337115e+32,1.6641540934980437e+32,6.761763726573059e+31,2.257582772077468e+31,127.25114674465448,323.81214033073957,10.5,6.954584768031615e+32
4,0.018166018818946517,0.040863360853109036,55.904599238596546,12.491907668151866,1400,1402,1400,1402,,2.05489802298445e+32,1.2702796639789453e+32,6.761763726573059e+31,2.257582772077468e+31,95.67802380419201,183.94793595452043,,3.950690397813724e+32
5,0.09745897215718484,0.2451787314203102,789.1878356111004,132.5646165613008,2584,2595,2584,2595,1.5,1.7640795611835348e+33,1.0523614554315413e+33,6.761763726573059e+31,2.257582772077468e+31,821.3723715704022,1219.4722048184879,1.5,2.619087354787324e+33
6,0.022994117277557718,0.04086328539415263,69.26157359250891,16.11728501906543,2873,2875,2873,2875,12.0,2.6248949206722315e+32,1.642462998699722e+32,6.761763726573059e+31,2.257582772077468e+31,122.2176263223165,333.74828479193263,12.0,7.167985534451906e+32
