,ampl,dur,ed,ederr,istart,istop,istart_no_sys_no_thruster,istop_no_sys_no_thruster,corrected,myenerg,myenerg_err,L_bol,L_bol_err,myed,ED_true,count_true,energ_true
0,0.2714222877047189,0.08172710971848574,404.69133879708335,82.19211816955189,1102,1106,1102,1106,,5.3762774320516244e+32,3.0650530617063953e+32,1.950113960413546e+31,6.95997016907608e+30,1084.3638280094342,100.32548450886989,,4.974138977088688e+31
1,0.1750792137585842,0.20431744398229051,894.7858882450963,154.88965428629132,1154,1164,1154,1164,1.6666666666666667,5.828398599332319e+32,3.226001388035897e+32,1.950113960413546e+31,6.95997016907608e+30,1175.554032732463,2329.1131228178724,1.6666666666666667,1.1547746241118684e+33
2,0.2553826045631165,0.04086337156331865,360.61543941124603,79.59927323720676,1321,1323,1321,1323,2.2,2.9484535163225314e+32,1.6767177493594362e+32,1.950113960413546e+31,6.95997016907608e+30,594.6858922507845,755.0815744310438,2.2,3.7436955412130464e+32
3,-0.002145067879294645,0.04086320922215237,-10.505260272006756,16.288591471134687,2340,2342,2340,2342,28.0,3.808672813988426e+31,6.301230804431423e+31,1.950113960413546e+31,6.95997016907608e+30,76.8187111697456,260.75632195524406,28.0,1.2928302224597714e+32
