,ampl,dur,ed,ederr,istart,istop,istart_no_sys_no_thruster,istop_no_sys_no_thruster,corrected,myenerg,myenerg_err,L_bol,L_bol_err,myed,ED_true,count_true,energ_true
0,0.025636568872432517,0.08172643905709265,67.32434485004606,13.864095407813494,1732,1736,1732,1736,1.1176470588235294,1.785605109499631e+33,1.0717950637189561e+33,5.035701647176669e+32,1.7972453895609597e+32,70.5421244193082,125.42260888543902,1.1176470588235294,3.174773273645762e+33
1,0.0011022626096020328,0.040863043504941736,3.642039413533509,1.2948344135958445,2020,2022,2020,2022,9.0,3.9564237281688475e+32,2.7945693038339312e+32,5.035701647176669e+32,1.7972453895609597e+32,15.630249566557243,27.805648519980654,9.0,7.038334680014052e+32
2,0.044742891381181926,0.06129466805577976,86.6118990575873,19.40660735696229,2313,2315,2313,2315,1.3125,2.3316422797552465e+33,1.3966539888794558e+33,5.035701647176669e+32,1.7972453895609597e+32,92.1138716084347,120.08381224366356,1.3125,3.0396344095896e+33
