,ampl,dur,ed,ederr,istart,istop,istart_no_sys_no_thruster,istop_no_sys_no_thruster,corrected,myenerg,myenerg_err,L_bol,L_bol_err,myed,ED_true,count_true,energ_true
0,0.197772324730388,0.10215779515419854,910.6966125841634,173.144538168773,2321,2326,2321,2326,2.125,7.725727360702431e+32,4.11520229711917e+32,2.5945377341929524e+31,2.240303966236216e+31,1119.9656352213926,2823.336409003813,2.125,1.9475889846563273e+33
