,ampl,dur,ed,ederr,istart,istop,istart_no_sys_no_thruster,istop_no_sys_no_thruster,corrected,myenerg,myenerg_err,L_bol,L_bol_err,myed,ED_true,count_true,energ_true
0,0.004968805185288678,0.04086352232116042,14.044309118100502,3.773886440082081,967,969,967,969,8.5,7.219777198693835e+32,4.1856975748752065e+32,4.227270036854636e+32,1.5087155904928934e+32,36.27820922770486,106.49222084463277,8.5,2.1193165932379986e+33
1,0.005158377121966046,0.04086371231096564,14.612838413486646,4.336464495762991,981,983,981,983,8.5,6.815151133751404e+32,4.107167714831868e+32,4.227270036854636e+32,1.5087155904928934e+32,34.24502889000412,106.49222084463277,8.5,2.1193165932379986e+33
2,0.052242703307132994,0.16345255313353846,257.54631532734254,46.8187216840216,2315,2323,2315,2323,1.5714285714285714,5.949488200575675e+33,3.1635941957038154e+33,4.227270036854636e+32,1.5087155904928934e+32,298.95213079053707,533.3060867918076,1.5714285714285714,1.0613399082564693e+34
