,ampl,dur,ed,ederr,istart,istop,istart_no_sys_no_thruster,istop_no_sys_no_thruster,corrected,myenerg,myenerg_err,L_bol,L_bol_err,myed,ED_true,count_true,energ_true
0,0.19011812578472626,0.2451833344239276,685.7719063319929,131.43817946540454,686,695,686,695,11.333333333333332,4.411336143862905e+33,2.1444851275634393e+33,2.500690771102743e+32,4.606442633383174e+31,402.3731471855166,489.3273222754125,11.333333333333332,5.364640553257272e+33
1,0.10145763067760584,0.12258956090954598,193.59688683923642,37.169776528980044,1834,1840,1834,1840,5.0,3.153149534535731e+33,1.5199916561701126e+33,2.500690771102743e+32,4.606442633383174e+31,287.6096176716835,281.652849828304,5.0,3.08784372207806e+33
