,ampl,dur,ed,ederr,istart,istop,istart_no_sys_no_thruster,istop_no_sys_no_thruster,corrected,myenerg,myenerg_err,L_bol,L_bol_err,myed,ED_true,count_true,energ_true
0,0.09129122306082907,0.04086372943129391,153.00187974298422,33.39108229483288,861,863,861,863,24.500000000000004,5.2442971269820985e+32,3.219563495350403e+32,6.761763726573059e+31,2.257582772077468e+31,244.1795065931824,781.4302591056066,24.500000000000004,1.6782950051545518e+33
1,0.0077606384136370814,0.08172725221811561,2.09334335995546,2.5612088469321064,1053,1057,1053,1057,,2.118458116964634e+32,3.2413641310547042e+32,6.761763726573059e+31,2.257582772077468e+31,98.63744277136806,374.4014705650082,,8.04110297304027e+32
2,0.13508796402153864,0.0612953061281587,193.3681064879153,59.20605085673912,1107,1110,1107,1110,34.0,7.003346941757467e+32,4.908558115145068e+32,6.761763726573059e+31,2.257582772077468e+31,326.08255393097767,863.5640045098199,34.0,1.854695461958334e+33
3,0.14353925727712272,0.040863530353817616,262.62603394659425,77.01396457916542,1115,1117,1115,1117,34.0,8.277362981605783e+32,5.588538156044336e+32,6.761763726573059e+31,2.257582772077468e+31,385.4019632759211,881.4014979361341,34.0,1.8930054400696554e+33
4,0.3069491429544939,0.08172623206337447,829.0232573119514,164.84180790958303,2223,2227,2223,2227,38.0,1.804733022566051e+33,1.1073331797206233e+33,6.761763726573059e+31,2.257582772077468e+31,840.3010132955523,2110.1316381357665,38.0,4.531976266897085e+33
