,ampl,dur,ed,ederr,istart,istop,istart_no_sys_no_thruster,istop_no_sys_no_thruster,corrected,myenerg,myenerg_err,L_bol,L_bol_err,myed,ED_true,count_true,energ_true
0,0.00674875329188064,0.04086354793253122,11.915263786659615,2.8897303288079548,1035,1037,1035,1037,1.4615384615384615,3.191866489398665e+33,1.396764385226719e+33,3.090722340382811e+33,4.981655831284411e+32,16.47839928726149,29.210066482642993,1.4615384615384615,5.657990848123803e+33
