,ampl,dur,ed,ederr,istart,istop,istart_no_sys_no_thruster,istop_no_sys_no_thruster,corrected,myenerg,myenerg_err,L_bol,L_bol_err,myed,ED_true,count_true,energ_true
0,0.002358291306299618,0.06129552732454612,9.015893930834334,1.5146121897937947,960,963,960,963,6.6,1.3980768631902443e+33,8.015110588764169e+32,8.054896999449552e+32,2.967533721045604e+32,31.884090757979017,139.2513486929773,6.6,6.105994687239711e+33
1,-0.002215593125634528,0.18388507868075976,-60.97746081225422,432.93812964384836,1502,1511,1502,1511,4.222222222222222,4.675443541975733e+33,3.349221943485323e+34,8.054896999449552e+32,2.967533721045604e+32,106.6266599148176,216.3823147691615,4.222222222222222,9.488089535895193e+33
2,0.02257903427106488,0.04086331941653043,39.980342252211905,8.343995839624599,1525,1527,1525,1527,4.375,4.337790703635644e+33,2.594925246014325e+33,8.054896999449552e+32,2.967533721045604e+32,98.92625800861735,205.74768664988434,4.375,9.021774606764808e+33
3,0.038738982272356656,0.04086330276913941,100.9211390805755,22.120991573337406,1821,1823,1821,1823,2.625,6.095446508956161e+33,3.69857863678809e+33,8.054896999449552e+32,2.967533721045604e+32,139.01079033558014,299.87929092261885,2.625,1.3149325836863984e+34
4,0.004247316219962991,0.04086303680378478,12.441106548533062,2.8736790383242634,2658,2660,2658,2660,6.6,1.61482800876778e+33,9.953884084319194e+32,8.054896999449552e+32,2.967533721045604e+32,36.827247589657205,139.2513486929773,6.6,6.105994687239711e+33
