,ampl,dur,ed,ederr,istart,istop,istart_no_sys_no_thruster,istop_no_sys_no_thruster,corrected,myenerg,myenerg_err,L_bol,L_bol_err,myed,ED_true,count_true,energ_true
0,0.3347996335739621,0.040863830006856006,562.2178758845315,124.17659418554457,855,857,855,857,1.2857142857142856,4.3961255287429124e+33,2.2271170723632683e+33,1.3742317915994988e+32,5.53749986589713e+31,846.6523569891895,735.2154849668648,1.2857142857142856,3.8175049486470684e+33
1,0.004612319920766655,0.04086362267844379,15.231826926946509,47.734103809335224,983,985,983,985,,7.941312982744568e+31,2.2911001997173845e+32,1.3742317915994988e+32,5.53749986589713e+31,15.294220582350286,69.08622569960492,,3.587206932991576e+32
