,ampl,dur,ed,ederr,istart,istop,istart_no_sys_no_thruster,istop_no_sys_no_thruster,corrected,myenerg,myenerg_err,L_bol,L_bol_err,myed,ED_true,count_true,energ_true
0,0.11849606056166108,0.08172846689558355,152.73880406208218,31.08871224739573,401,405,401,405,1.6666666666666667,1.2503439115531154e+33,6.435071409463544e+32,1.091591113123216e+32,3.141851780902868e+31,322.2949236115037,506.6379558952322,1.6666666666666667,1.9655031373652974e+33
1,0.028690082125774858,0.04086312886647647,51.592243756239185,12.4197652423702,2576,2578,2576,2578,1.909090909090909,3.8722529856267536e+32,2.049062928133202e+32,1.091591113123216e+32,3.141851780902868e+31,99.81313690381221,265.51670454963477,1.909090909090909,1.0300726776244936e+33
