,ampl,dur,ed,ederr,istart,istop,istart_no_sys_no_thruster,istop_no_sys_no_thruster,corrected,myenerg,myenerg_err,L_bol,L_bol_err,myed,ED_true,count_true,energ_true
0,1.1955434530760751,0.224754852039041,3358.641462220661,626.6056203543695,141,152,145,152,9.25,1.4451347575760336e+33,2.614175903118244e+33,8.357184523416163e+31,2.79025363293769e+31,496.0149138027914,1301.3140291720952,9.25,3.791366109660157e+33
1,0.021462245037869625,0.04086301603092578,50.66044909027924,12.380771154278548,2320,2322,2320,2322,32.0,5.2811297623905764e+32,2.7773012909898197e+32,8.357184523416163e+31,2.79025363293769e+31,181.2646959144013,115.0732147429792,32.0,3.3526472221600826e+32
2,0.06347759015798059,0.061294714592804674,135.88597907917307,27.778728694606446,2718,2721,2718,2721,6.8,7.021353024242264e+32,3.53447086703347e+32,8.357184523416163e+31,2.79025363293769e+31,240.99453679600938,812.4251707347192,6.8,2.36699304695741e+33
