,ampl,dur,ed,ederr,istart,istop,istart_no_sys_no_thruster,istop_no_sys_no_thruster,corrected,myenerg,myenerg_err,L_bol,L_bol_err,myed,ED_true,count_true,energ_true
0,0.11323500244889352,0.040863967849873006,231.74893284248927,51.032649221521865,609,611,609,611,6.4,9.488079108087571e+32,4.802372759925369e+32,8.357184523416163e+31,2.79025363293769e+31,325.6601999419082,707.2373309231277,6.4,2.0605292710587115e+33
1,0.2058833599898577,0.10215961145877372,613.8724252467167,122.50092959037953,786,791,788,791,5.142857142857142,4.9015316456048905e+32,4.756489520430298e+32,8.357184523416163e+31,2.79025363293769e+31,168.23571531656611,419.5031490170883,5.142857142857142,1.2222184549036052e+33
2,0.058532011499293726,0.0408633096376434,150.20287972773892,32.986046282045656,2914,2916,2914,2916,3.375,6.426750426231867e+32,3.2497562098928794e+32,8.357184523416163e+31,2.79025363293769e+31,220.58593788487804,431.1679225024079,3.375,1.2562036620693496e+33
