,ampl,dur,ed,ederr,istart,istop,istart_no_sys_no_thruster,istop_no_sys_no_thruster,corrected,myenerg,myenerg_err,L_bol,L_bol_err,myed,ED_true,count_true,energ_true
0,0.07010251483779417,0.3677785561449127,375.51208170189057,84.99835121505035,434,451,434,451,1.5555555555555554,1.545797530537368e+33,8.445091400269956e+32,8.357184523416163e+31,2.79025363293769e+31,530.5654886829608,826.9658255319216,1.5555555555555554,2.409357107110864e+33
1,0.04523015771828792,0.04086354619357735,106.24532449967691,24.733155152789788,1251,1253,1251,1253,1.7999999999999998,4.212174833829428e+32,2.1752710868089036e+32,8.357184523416163e+31,2.79025363293769e+31,144.57485893070876,303.0118209237053,1.7999999999999998,8.828220728608001e+32
2,0.02266469094346995,0.04086316562461434,70.3637955497371,15.272100871707725,2086,2088,2086,2088,2.25,2.9644629495847312e+32,1.4928042147411727e+32,8.357184523416163e+31,2.79025363293769e+31,101.74953074107867,290.00444662109334,2.25,8.449252109189041e+32
3,0.04575029054919503,0.06129468365543288,161.41910081692058,33.11717001264069,2366,2369,2366,2369,1.25,6.2135511303947026e+32,3.1317923414716756e+32,8.357184523416163e+31,2.79025363293769e+31,213.26827911339677,485.7413158739773,1.25,1.415202727229476e+33
4,0.02421880239770988,0.04086321825161576,67.3170301036343,15.607208766828327,2529,2531,2529,2531,2.25,2.7994132588961748e+32,1.4435226665420549e+32,8.357184523416163e+31,2.79025363293769e+31,96.08451523502443,292.87356712583534,2.25,8.532843663589867e+32
