,ampl,dur,ed,ederr,istart,istop,istart_no_sys_no_thruster,istop_no_sys_no_thruster,corrected,myenerg,myenerg_err,L_bol,L_bol_err,myed,ED_true,count_true,energ_true
0,0.00467146802292669,0.04086318285408197,12.268940158950105,3.2076020597691874,1968,1970,1968,1970,15.0,1.4674820924249198e+33,8.406436075088882e+32,1.399780668113429e+33,3.706581214838105e+32,17.672576827714607,35.02219800018648,15.0,2.908146836970336e+33
1,0.00300900765759392,0.04086321987415431,8.43261621450188,2.049834506624909,2459,2461,2459,2461,4.0,2.1104294705604362e+33,1.1773228134766691e+33,1.399780668113429e+33,3.706581214838105e+32,25.415456277440448,51.16355076140857,4.0,4.248480301383977e+33
