,ampl,dur,ed,ederr,istart,istop,istart_no_sys_no_thruster,istop_no_sys_no_thruster,corrected,myenerg,myenerg_err,L_bol,L_bol_err,myed,ED_true,count_true,energ_true
0,0.10093169525053804,0.0408637062573689,281.0434384068552,62.388056169011705,787,789,788,789,3.0,8.016787071122866e+32,4.656768729255027e+32,1.091591113123216e+32,3.141851780902868e+31,206.6447281282638,394.59984143524287,3.0,1.5308510097202483e+33
1,0.3740686284260537,0.06129473871988012,508.42667785461333,106.31574668827669,1972,1975,1972,1975,2.375,3.2345027395090193e+33,1.661574298450712e+33,1.091591113123216e+32,3.141851780902868e+31,833.741663968565,1213.7315952144872,2.375,4.7086745684067527e+33
