,ampl,dur,ed,ederr,istart,istop,istart_no_sys_no_thruster,istop_no_sys_no_thruster,corrected,myenerg,myenerg_err,L_bol,L_bol_err,myed,ED_true,count_true,energ_true
0,0.16900998976927506,0.04086304409429431,441.7025505728289,100.47070880608601,2071,2073,2071,2073,10.0,3.653164313306855e+32,2.097546680592304e+32,1.950113960413546e+31,6.95997016907608e+30,736.8219533293681,1146.5469286196658,10.0,5.684581335068643e+32
