,ampl,dur,ed,ederr,istart,istop,istart_no_sys_no_thruster,istop_no_sys_no_thruster,corrected,myenerg,myenerg_err,L_bol,L_bol_err,myed,ED_true,count_true,energ_true
0,0.3226058856942346,0.0408638347798842,781.1410083210263,171.60234225642142,967,969,967,969,6.25,4.8042839774469034e+32,2.7279666959826592e+32,1.950113960413546e+31,6.95997016907608e+30,968.9960814839679,2441.518453236467,6.25,1.2105052032368794e+33
1,0.2812003307207773,0.04086315083986847,366.3402515540266,81.409431335769,2126,2128,2126,2128,10.0,3.1780251919923656e+32,1.811140905406507e+32,1.950113960413546e+31,6.95997016907608e+30,640.9891614139023,1359.0379896218863,10.0,6.738112323718519e+32
