,ampl,dur,ed,ederr,istart,istop,istart_no_sys_no_thruster,istop_no_sys_no_thruster,corrected,myenerg,myenerg_err,L_bol,L_bol_err,myed,ED_true,count_true,energ_true
0,0.03048317070816945,0.1021583094698144,186.26476901800015,33.64002139395942,1585,1590,1585,1590,3.5999999999999996,3.4598692880727425e+32,1.812873392323062e+32,2.5945377341929524e+31,2.240303966236216e+31,501.56244507275284,1485.2309946362368,3.5999999999999996,1.0245394475836935e+33
1,0.2462840859908387,0.040863174937840085,675.6902904754357,143.86885730319955,1608,1610,1608,1610,4.25,9.538471621413932e+32,5.0835638171627304e+32,2.5945377341929524e+31,2.240303966236216e+31,1382.7514135247447,2497.827473675089,4.25,1.7230469800862388e+33
2,0.02099232416062457,0.06129500519455178,64.42731770054729,66.7654488219351,1619,1622,1619,1622,3.0,1.9930569781123298e+32,2.5043927154576475e+32,2.5945377341929524e+31,2.240303966236216e+31,288.92494134313523,831.2614954721257,3.0,5.734193512283895e+32
