,ampl,dur,ed,ederr,istart,istop,istart_no_sys_no_thruster,istop_no_sys_no_thruster,corrected,myenerg,myenerg_err,L_bol,L_bol_err,myed,ED_true,count_true,energ_true
0,0.017633908543181757,0.06129662814055336,62.15167952024518,12.909461108369179,154,157,154,157,1.4615384615384615,2.4319115656459434e+33,1.4492584846715307e+33,5.035701647176669e+32,1.7972453895609597e+32,96.07511052016632,172.60519172064048,1.4615384615384615,4.3690874750318666e+33
1,0.05044221456566867,0.08172761344758328,140.09013695371712,28.15680999398504,761,765,761,765,1.5,3.967483205847756e+33,2.363922314749073e+33,5.035701647176669e+32,1.7972453895609597e+32,156.73941144627196,268.35650023775696,1.5,6.792802767658369e+33
2,0.006251348104811975,0.0612954362804885,27.00425035074985,6.826931480001871,987,989,987,989,2.142857142857143,1.7054881793427644e+33,1.0616164895348362e+33,5.035701647176669e+32,1.7972453895609597e+32,67.37702457435849,138.3297276100383,2.142857142857143,3.501486104217315e+33
3,0.015461635858501934,0.040863407419237774,42.753020551299855,8.89050528289442,1310,1312,1310,1312,2.375,1.489175984096585e+33,8.724238893101734e+32,5.035701647176669e+32,1.7972453895609597e+32,58.83139390311469,111.96763059981346,2.375,2.8341926890264026e+33
4,0.008650403792958191,0.0612946822293452,26.404098981077016,5.4578229872890445,2505,2508,2505,2508,1.8461538461538463,4.153217670903e+33,2.471427101380278e+33,5.035701647176669e+32,1.7972453895609597e+32,164.07703815509797,262.04410413163555,1.8461538461538463,6.633019562473372e+33
5,0.026755755886508883,0.04086341731454013,44.71165324876134,9.592802564403604,3172,3174,3172,3174,1.5714285714285714,1.954280293016207e+33,1.1554300494770175e+33,5.035701647176669e+32,1.7972453895609597e+32,77.20580706603306,155.0396228050077,1.5714285714285714,3.9244571230937164e+33
