,ampl,dur,ed,ederr,istart,istop,istart_no_sys_no_thruster,istop_no_sys_no_thruster,corrected,myenerg,myenerg_err,L_bol,L_bol_err,myed,ED_true,count_true,energ_true
0,0.011148419058874473,0.04086316050961614,15.29550437226291,3.574884786290427,2017,2019,2017,2019,1.3846153846153846,4.6053805165504716e+32,2.2802812212645203e+32,2.500690771102743e+32,4.606442633383174e+31,42.007260204128826,75.73621244261616,1.3846153846153846,8.303185579960045e+32
