,ampl,dur,ed,ederr,istart,istop,istart_no_sys_no_thruster,istop_no_sys_no_thruster,corrected,myenerg,myenerg_err,L_bol,L_bol_err,myed,ED_true,count_true,energ_true
0,0.0008524023216318197,0.04086392453609733,1.5047641791303872,0.5072024750065832,738,740,738,740,20.0,3.178482377796493e+32,2.020126491103389e+32,4.227270036854636e+32,1.5087155904928934e+32,15.971358333486421,21.639005002684428,20.0,4.3064086747009106e+32
1,0.0005517095882281159,0.0408631174286711,1.4859037757519211,0.5164772006894639,1836,1838,1836,1838,20.0,2.1751991915406827e+32,1.4011607949730448e+32,4.227270036854636e+32,1.5087155904928934e+32,10.930023075632274,21.944869171791964,20.0,4.367279131127234e+32
2,0.0005863700858426171,0.04086321387876524,0.5721318666813446,0.8478087429618208,2462,2464,2462,2464,,1.6055978922659172e+32,2.521221856314879e+32,4.227270036854636e+32,1.5087155904928934e+32,8.067868947773464,10.510571428530035,,2.0917235321249848e+32
