,ampl,dur,ed,ederr,istart,istop,istart_no_sys_no_thruster,istop_no_sys_no_thruster,corrected,myenerg,myenerg_err,L_bol,L_bol_err,myed,ED_true,count_true,energ_true
0,0.04410400417201557,0.06129616213729605,143.9611074691699,29.159786936738,419,422,419,422,13.0,8.550660933760275e+32,4.290433844104975e+32,8.357184523416163e+31,2.79025363293769e+31,293.48511090619525,778.8525302100538,13.0,2.2691794764866452e+33
1,0.1237278330886674,0.08172774395643499,763.7897834136805,769.7517165696602,677,681,677,681,9.0,3.813265573244753e+32,4.68177091205062e+32,8.357184523416163e+31,2.79025363293769e+31,130.88306019244249,558.9160013138367,9.0,1.6283964808065656e+33
2,0.000502383018113106,0.040863603811885696,-13.261760492871954,20.34184459027637,923,925,923,925,9.0,1.861417791043989e+32,2.9387160100328855e+32,8.357184523416163e+31,2.79025363293769e+31,63.88961170128724,558.9160013138367,9.0,1.6283964808065656e+33
3,0.05035553319675508,0.04086360218207119,154.09258134108728,33.79631814236777,1197,1199,1197,1199,,6.254349685492962e+32,3.1611235464440137e+32,8.357184523416163e+31,2.79025363293769e+31,214.6686116210921,744.249956893167,,2.1683652065719959e+33
4,0.03469200302197088,0.040863343980163336,107.66892477445292,28.445455931044112,1287,1289,1289,1289,9.0,1.7401209817994295e+32,1.1517340316990882e+32,8.357184523416163e+31,2.79025363293769e+31,59.72633031409603,558.9160013138367,9.0,1.6283964808065656e+33
5,-0.034484821052132617,0.06129480216623051,-491.2807216095482,1127.420078049678,1816,1819,1816,1819,9.0,2.8861930017693637e+32,6.677947688261617e+32,8.357184523416163e+31,2.79025363293769e+31,99.06306422192114,558.9160013138367,9.0,1.6283964808065656e+33
6,0.08644728047973753,0.1634525562694762,468.62443352738524,85.52059291006643,2655,2661,2655,2661,3.4,2.107454407969825e+33,1.0438340072566216e+33,8.357184523416163e+31,2.79025363293769e+31,723.3434882334611,815.7922006751177,3.4,2.3768028568265614e+33
7,1.1152734770969157,0.3677691394259455,4579.409149644352,850.4921502447241,3001,3016,3001,3016,2.75,9.068814988308597e+33,4.590394930969733e+33,8.357184523416163e+31,2.79025363293769e+31,3112.6975952501657,5731.0029558143815,2.75,1.6697222879292668e+34
