,ampl,dur,ed,ederr,istart,istop,istart_no_sys_no_thruster,istop_no_sys_no_thruster,corrected,myenerg,myenerg_err,L_bol,L_bol_err,myed,ED_true,count_true,energ_true
0,0.027489966981815137,0.04086442977859407,-79.63718394435725,17.956200504952236,145,147,145,147,2.0,8.149905488411396e+32,4.211142036536775e+32,1.091591113123216e+32,3.141851780902868e+31,210.07605528032698,545.8249542825548,2.0,2.1175291894563077e+33
1,0.19532775154917847,0.4086434343553265,1300.922973694602,233.18121459544608,222,239,222,239,2.75,3.429752226086022e+33,1.7382111100129316e+33,1.091591113123216e+32,3.141851780902868e+31,884.0701518190433,813.5077150956693,2.75,3.156005087431823e+33
2,0.13269627282663218,0.1225918453274062,292.22524776195075,55.85664249062718,602,608,606,608,2.5,1.37093892156554e+32,3.2017176058663818e+32,1.091591113123216e+32,3.141851780902868e+31,35.33800988027069,202.70110314403215,2.5,7.863794047428006e+32
3,0.01569627988718509,0.040863283786166,42.54719462240399,10.550674011682801,1554,1556,1554,1556,6.5,3.156738792548566e+32,1.689115005418616e+32,1.091591113123216e+32,3.141851780902868e+31,81.36968386099032,241.25088122178758,6.5,9.35933359149313e+32
4,0.13207003346419155,0.18388432943174848,510.80195454692665,93.64807287011529,1829,1838,1829,1838,1.6666666666666667,2.269744918001078e+33,1.1497123261234251e+33,1.091591113123216e+32,3.141851780902868e+31,585.0608446248114,859.0251674011854,1.6666666666666667,3.332590150335929e+33
5,0.007514107097433483,0.06129476118803723,18.478670081931398,4.347027768035132,1870,1873,1870,1873,,5.630701827867563e+32,3.019968704831645e+32,1.091591113123216e+32,3.141851780902868e+31,145.13979703692416,69.72941388670976,,2.7051542460690153e+32
6,0.007491818244182342,0.04086321859358577,22.73975911227147,44.709167671072244,2201,2203,2201,2203,2.5,1.08469139631509e+32,2.102070927344928e+32,1.091591113123216e+32,3.141851780902868e+31,27.95954996759117,202.70110314403215,2.5,7.863794047428006e+32
7,-0.0017133235363800965,0.0612946767869289,-53.27452679456825,69.293953111942,2211,2214,2211,2214,2.5,1.7591052288648446e+32,2.5666163392815037e+32,1.091591113123216e+32,3.141851780902868e+31,45.34357948425195,202.70110314403215,2.5,7.863794047428006e+32
8,0.007103799759592689,0.040863248279492836,22.720297982390786,5.808810417456948,3234,3236,3234,3236,,2.4499469703862773e+32,1.3263067610334075e+32,1.091591113123216e+32,3.141851780902868e+31,63.151063029696466,104.17928803248894,,4.041637920998627e+32
