,ampl,dur,ed,ederr,istart,istop,istart_no_sys_no_thruster,istop_no_sys_no_thruster,corrected,myenerg,myenerg_err,L_bol,L_bol_err,myed,ED_true,count_true,energ_true
0,0.028524041987214782,0.04086435015051393,49.68500665771318,11.502664677601327,213,215,213,215,1.3529411764705883,7.142741816394857e+33,3.539961727561559e+33,1.7300553241400346e+33,3.9835995994198285e+32,67.63303111932305,118.77254017790422,1.3529411764705883,1.2543598524682627e+34
1,0.01919931077572213,0.06129502952535404,61.4303865328518,12.918497487269695,1405,1408,1405,1408,1.3529411764705883,7.210822503810642e+33,3.523891417004744e+33,1.7300553241400346e+33,3.9835995994198285e+32,68.2776719825904,118.77254017790422,1.3529411764705883,1.2543598524682627e+34
2,0.00922982642921219,0.04086301976349205,22.87936857965406,6.898747091875901,2172,2174,2172,2174,2.571428571428571,3.154631186297008e+33,1.7437848998873043e+33,1.7300553241400346e+33,3.9835995994198285e+32,29.870499967266063,69.73988500732406,2.571428571428571,7.365247197534865e+33
3,0.014637986124838128,0.04086328797711758,26.710280795466147,5.776854221133854,3106,3108,3106,3108,1.5625,8.007466251580834e+33,3.8689238815430665e+33,1.7300553241400346e+33,3.9835995994198285e+32,75.82091416730513,144.06967945585862,1.5625,1.521523591199744e+34
