,ampl,dur,ed,ederr,istart,istop,istart_no_sys_no_thruster,istop_no_sys_no_thruster,corrected,myenerg,myenerg_err,L_bol,L_bol_err,myed,ED_true,count_true,energ_true
0,0.007764234458968614,0.04086385887785582,16.861116828072483,3.972396374767686,708,710,708,710,1.9166666666666667,8.639136370911337e+33,4.114702004292331e+33,7.414126493659244e+33,1.2803742856403984e+33,18.0381260768689,32.67552005727791,1.9166666666666667,1.564953435641319e+34
1,0.0005866348711204853,0.04086346492840676,1.261505039019336,0.25522155712456474,1220,1222,1220,1222,18.0,1.8613025934416996e+33,8.359357340942508e+32,7.414126493659244e+33,1.2803742856403984e+33,3.886315646174096,8.663191065863519,18.0,4.149127725702592e+33
2,4.056535602659768e-05,0.1021579524021945,-0.6110099281757407,0.06014406118886464,2813,2818,2813,2818,15.0,3.1889383939599574e+33,1.1919648408568194e+33,7.414126493659244e+33,1.2803742856403984e+33,6.658359161374081,10.387126229278653,15.0,4.9747850532922376e+33
3,0.0002670028232538317,0.06129484652046813,1.0775604702312782,0.16129293347519333,2966,2969,2966,2969,18.0,2.4446033639751523e+33,1.0109738387943194e+33,7.414126493659244e+33,1.2803742856403984e+33,5.10422127792734,8.663191065863519,18.0,4.149127725702592e+33
