,ampl,dur,ed,ederr,istart,istop,istart_no_sys_no_thruster,istop_no_sys_no_thruster,corrected,myenerg,myenerg_err,L_bol,L_bol_err,myed,ED_true,count_true,energ_true
0,0.032313519606632236,0.04086340323556215,85.91419267373169,18.93129230076028,1324,1326,1324,1326,14.0,3.0035081450262503e+33,1.7899965614535638e+33,5.035701647176669e+32,1.7972453895609597e+32,118.65660785447652,30.778575124452168,14.0,7.790859923449837e+32
1,0.003938534629751104,0.040863398804503966,9.182397365296245,19.66226016210965,1332,1334,1332,1334,18.0,3.3281684699495514e+32,7.203541461323647e+32,5.035701647176669e+32,1.7972453895609597e+32,13.148264028063277,28.42909183295001,18.0,7.196144438975149e+32
2,0.006098715238319316,0.04086324201489333,16.77658026763513,4.062827900712269,2648,2650,2648,2650,1.3846153846153846,7.084753554276994e+32,4.3485206058875316e+32,5.035701647176669e+32,1.7972453895609597e+32,27.989030947945263,57.58300709645003,1.3846153846153846,1.4575760588184315e+33
