,ampl,dur,ed,ederr,istart,istop,istart_no_sys_no_thruster,istop_no_sys_no_thruster,corrected,myenerg,myenerg_err,L_bol,L_bol_err,myed,ED_true,count_true,energ_true
0,0.3873849777685612,0.061295205545320634,705.3947764787614,148.60184347006862,1190,1193,1190,1193,2.111111111111111,1.5245863134558116e+33,9.424476778947742e+32,6.761763726573059e+31,2.257582772077468e+31,709.8620172815959,1270.1754375463247,2.111111111111111,2.7279838061862165e+33
1,0.024812831212653208,0.04086345794348745,69.17164768413988,15.448312241988347,1210,1212,1210,1212,9.5,2.291173322421619e+32,1.4161186574199037e+32,6.761763726573059e+31,2.257582772077468e+31,106.67922847276213,266.73791115242767,9.5,5.728788957889307e+32
2,0.4295516265124988,0.08172623137215851,485.95024297196505,101.86471667593011,2204,2207,2204,2207,3.0,1.9610553112690377e+33,1.2104830457706606e+33,6.761763726573059e+31,2.257582772077468e+31,913.086170964485,1139.048122051306,3.0,2.446358778142769e+33
