,ampl,dur,ed,ederr,istart,istop,istart_no_sys_no_thruster,istop_no_sys_no_thruster,corrected,myenerg,myenerg_err,L_bol,L_bol_err,myed,ED_true,count_true,energ_true
0,0.02097756110672853,0.0612969307039748,35.94682918084886,7.469587948670718,111,114,111,114,1.5,1.8461458080371816e+33,1.1260583046881695e+33,6.699771504105753e+32,2.4682870386912345e+32,52.44778403735101,91.18864945199607,1.5,3.209812311736276e+33
1,0.0017928993632729683,0.040864327806048095,5.379397706779017,1.6370519057954207,306,308,306,308,16.0,5.249614241322092e+32,3.5617058967959435e+32,6.699771504105753e+32,2.4682870386912345e+32,14.913807609865568,29.453759791887023,16.0,1.0367632526095318e+33
2,0.033188971926876795,0.06129573313955916,49.736085343725186,10.384515553009603,816,819,816,819,1.6,3.132161057298787e+33,1.9131686375686847e+33,6.699771504105753e+32,2.4682870386912345e+32,88.98262855958518,67.03155194599408,1.6,2.3594899365661325e+33
3,0.029355896266035738,0.14302249314641813,99.48275555742843,18.751944991393515,1172,1179,1172,1179,1.1666666666666667,4.1745081329149684e+33,2.5310675124518773e+33,6.699771504105753e+32,2.4682870386912345e+32,118.59502107803183,170.6360170929162,1.1666666666666667,6.006335128132495e+33
4,0.003199879017769892,0.040863166090275634,9.092763411929669,2.1879158729670243,1677,1679,1677,1679,,5.573642729846794e+32,3.491672711957496e+32,6.699771504105753e+32,2.4682870386912345e+32,15.834351161415345,19.23902398515169,,6.772077053936196e+32
5,0.06956742592253128,0.18388413955835856,212.7957776854176,40.01496116472425,2108,2117,2108,2117,1.2857142857142856,7.600137019449275e+33,4.623839168912186e+33,6.699771504105753e+32,2.4682870386912345e+32,215.9148769913,286.1117307165759,1.2857142857142856,1.0071044601550865e+34
6,0.013296799814899205,0.04086315741733415,35.65601232593134,9.556072756053418,3098,3100,3098,3100,1.5,1.752556275858392e+33,1.1370967642127249e+33,6.699771504105753e+32,2.4682870386912345e+32,49.78896719281984,88.8166292949308,1.5,3.126317934425174e+33
7,0.01177996320851291,0.040863261492631864,25.643287031864162,8.687114634876082,3108,3110,3108,3110,1.3846153846153846,2.074115840796741e+33,1.4655647310539223e+33,6.699771504105753e+32,2.4682870386912345e+32,58.92426221860223,101.73063896764432,1.3846153846153846,3.5808870884861555e+33
