,ampl,dur,ed,ederr,istart,istop,istart_no_sys_no_thruster,istop_no_sys_no_thruster,corrected,myenerg,myenerg_err,L_bol,L_bol_err,myed,ED_true,count_true,energ_true
0,0.15728735423410176,0.0408641494504991,278.06769377359456,61.061964050470564,487,489,487,489,2.5,4.2967536458464226e+32,2.586317487556335e+32,3.388909656562385e+31,2.926219821264045e+31,437.6682865208497,1083.4562694863698,2.5,1.0636696373496443e+33
1,0.030862910502001763,0.061295680985494976,102.38045945661136,21.012627604782427,868,871,868,871,3.0,1.9967360580361643e+32,1.198779511209476e+32,3.388909656562385e+31,2.926219821264045e+31,203.3879810633015,582.7879818436586,3.0,5.721448098622811e+32
2,0.1471464291272753,0.040863675523723934,250.78262109063354,56.88398106642255,1137,1139,1137,1139,6.666666666666667,4.551745812796026e+32,2.766680796226027e+32,3.388909656562385e+31,2.926219821264045e+31,463.64184562702616,1154.9255070468773,6.666666666666667,1.133833667166629e+33
