,ampl,dur,ed,ederr,istart,istop,istart_no_sys_no_thruster,istop_no_sys_no_thruster,corrected,myenerg,myenerg_err,L_bol,L_bol_err,myed,ED_true,count_true,energ_true
0,0.07791433014397223,0.040863068650651264,166.99568285945753,37.17737629535643,2002,2004,2002,2004,1.5,2.163664470917778e+32,1.1702753940267292e+32,2.5945377341929524e+31,2.240303966236216e+31,313.65717950433407,608.54431375868,1.5,4.197849743912853e+32
