,ampl,dur,ed,ederr,istart,istop,istart_no_sys_no_thruster,istop_no_sys_no_thruster,corrected,myenerg,myenerg_err,L_bol,L_bol_err,myed,ED_true,count_true,energ_true
0,0.02002192394292257,0.04086420207750052,57.18645030275471,12.846424851768193,338,340,338.0,340.0,9.0,1.1267003935225024e+32,6.112607080972918e+31,2.5945377341929524e+31,2.240303966236216e+31,163.33293462492733,425.304113383509,9.0,2.9338253978986927e+32
1,0.03877041625449301,0.08172694254608359,168.4919491427307,31.60949206230419,1115,1119,1115.0,1119.0,8.0,1.754124683529463e+32,9.242498196503963e+31,2.5945377341929524e+31,2.240303966236216e+31,254.28794904664866,873.7514662617781,8.0,6.027297085787893e+32
2,0.09566198896265612,0.040863160036678885,230.36372144233522,49.491171960825824,1596,1598,2424.0,2426.0,5.5,1.1995543623796373e+32,6.506192147961959e+31,2.5945377341929524e+31,2.240303966236216e+31,173.8942627303579,509.18629324092115,5.5,3.512459984192643e+32
3,0.01590615725924024,0.0408632152757491,49.30525197782917,11.067605598773756,2424,2426,2909.0,2912.0,3.4,7.163771805797235e+32,3.869135926495367e+32,2.5945377341929524e+31,2.240303966236216e+31,1038.5013431707907,2084.927175740109,3.4,1.4382208185792495e+33
4,0.4873766634268602,0.061294823004573125,558.3305555228234,116.68727876459744,2909,2912,3169.0,3180.0,2.1,6.411120959916821e+33,3.3625163449438546e+33,2.5945377341929524e+31,2.240303966236216e+31,9293.92770818875,12590.16638573317,2.1,8.684926560521386e+33
