,ampl,dur,ed,ederr,istart,istop,istart_no_sys_no_thruster,istop_no_sys_no_thruster,corrected,myenerg,myenerg_err,L_bol,L_bol_err,myed,ED_true,count_true,energ_true
0,6.699588552109027,0.1021580413362244,15340.205075513943,3007.694905085447,2863,2868,2863,2868,1.8333333333333335,1.6079231199090982e+34,9.12389269872516e+33,1.950113960413546e+31,6.95997016907608e+30,32430.872317988666,36706.67218772921,1.8333333333333335,1.8199173394678067e+34
1,0.09145290523131144,0.143021128300461,1039.3662121761918,2176.78023505492,2874,2881,2874,2881,7.0,8.27746247704437e+31,1.943151360597135e+32,1.950113960413546e+31,6.95997016907608e+30,166.95159450480713,447.6250712586979,7.0,2.2193257525440993e+32
