,ampl,dur,ed,ederr,istart,istop,istart_no_sys_no_thruster,istop_no_sys_no_thruster,corrected,myenerg,myenerg_err,L_bol,L_bol_err,myed,ED_true,count_true,energ_true
0,0.05326837936787897,0.12259014147275593,480.52386144745583,82.48540562053623,1354,1360,1354,1360,1.8571428571428572,4.662937772892258e+32,2.4155319828620747e+32,2.5945377341929524e+31,2.240303966236216e+31,675.9661350954383,1326.7868734787678,1.8571428571428572,9.152418009887841e+32
