,ampl,dur,ed,ederr,istart,istop,istart_no_sys_no_thruster,istop_no_sys_no_thruster,corrected,myenerg,myenerg_err,L_bol,L_bol_err,myed,ED_true,count_true,energ_true
0,0.1584966359818342,0.040863631169486325,406.24025446252136,87.75303205666478,1081,1083,1081,1083,,5.104649500683254e+32,2.7334263723165178e+32,2.5945377341929524e+31,2.240303966236216e+31,739.9991940817708,2343.5102198145855,,1.6165961218737116e+33
