,ampl,dur,ed,ederr,istart,istop,istart_no_sys_no_thruster,istop_no_sys_no_thruster,corrected,myenerg,myenerg_err,L_bol,L_bol_err,myed,ED_true,count_true,energ_true
0,0.002610344715292824,0.04086369357537478,7.57522343178459,1.8513419916961709,910,912,910,912,4.4,4.0059447767918456e+32,2.521910194232965e+32,6.699771504105753e+32,2.4682870386912345e+32,11.380624737442274,22.90457577633305,4.4,8.062339969260394e+32
1,0.03935979023527279,0.06129478717775784,101.64507939912676,21.08818707380946,2553,2556,2553,2556,1.3333333333333333,4.792681368682339e+33,2.921944679784903e+33,6.699771504105753e+32,2.4682870386912345e+32,136.1569147410618,189.70044997115593,1.3333333333333333,6.677397280457246e+33
