,ampl,dur,ed,ederr,istart,istop,istart_no_sys_no_thruster,istop_no_sys_no_thruster,corrected,myenerg,myenerg_err,L_bol,L_bol_err,myed,ED_true,count_true,energ_true
0,0.00657011379813346,0.06129580578271996,19.766573448345657,4.407785684877761,706,709,706,709,,2.235284715835783e+32,1.405640358290113e+32,6.761763726573059e+31,2.257582772077468e+31,104.07700132012877,170.44871757442397,,3.660764706853955e+32
1,0.02928404369994325,0.06129566119489027,118.7696271184652,27.395508362986998,815,817,815,817,1.3333333333333333,4.810330903357504e+32,3.0019299917970347e+32,6.761763726573059e+31,2.257582772077468e+31,223.9736227927465,499.01759032575836,1.3333333333333333,1.071751086637658e+33
2,0.31822514139508096,0.08172660540731158,702.4920498783201,139.3729131827421,1424,1428,1424,1428,1.7777777777777777,2.146667966833753e+33,1.3162885806139736e+33,6.761763726573059e+31,2.257582772077468e+31,999.5092045108778,1105.7317165213387,1.7777777777777777,2.374804399055062e+33
3,0.0813003657507998,0.04086312231811462,147.98722226454316,32.88022255199313,2536,2538,2536,2538,2.1,4.896344918739097e+32,3.0217138614838827e+32,6.761763726573059e+31,2.257582772077468e+31,227.97851788686987,431.73505862130077,2.1,9.272469091017285e+32
