,ampl,dur,ed,ederr,istart,istop,istart_no_sys_no_thruster,istop_no_sys_no_thruster,corrected,myenerg,myenerg_err,L_bol,L_bol_err,myed,ED_true,count_true,energ_true
0,0.05792140739484194,0.04086328678386053,196.01698606102659,47.15508701593046,2867,2869,2867,2869,4.5,3.3399265150649766e+32,2.0675733204605526e+32,3.388909656562385e+31,2.926219821264045e+31,340.20566116633466,1235.8810183141084,4.5,1.213310727511568e+33
