,ampl,dur,ed,ederr,istart,istop,istart_no_sys_no_thruster,istop_no_sys_no_thruster,corrected,myenerg,myenerg_err,L_bol,L_bol_err,myed,ED_true,count_true,energ_true
0,0.007525132111791933,0.04086340253707022,13.28410811368067,2.8533183444285064,1353,1355,1353,1355,2.0,4.3648581630142374e+32,2.217294373720276e+32,1.091591113123216e+32,3.141851780902868e+31,112.51077525353003,247.27924383015775,2.0,9.593204060179008e+32
1,0.0693947297092872,0.04086313047446311,121.7654806973782,26.81242267766367,1727,1729,1727,1729,4.25,8.827754221684818e+32,4.523351826120975e+32,1.091591113123216e+32,3.141851780902868e+31,227.54862452242799,196.8495906677561,4.25,7.636784483761775e+32
