,ampl,dur,ed,ederr,istart,istop,istart_no_sys_no_thruster,istop_no_sys_no_thruster,corrected,myenerg,myenerg_err,L_bol,L_bol_err,myed,ED_true,count_true,energ_true
0,0.033182140961338355,0.04086384781840025,82.51789701457373,22.51823976829717,836,838,836,838,,1.74033677519107e+33,8.947647933163439e+32,3.3270550844106834e+32,9.95907567321434e+31,119.26618852172624,36.44851145342828,,5.318580703349875e+32
1,0.047115925122628056,0.04086363059468568,122.6480728365285,29.5759253214748,857,859,857,859,1.4,2.2694722209961766e+33,1.1079877384346763e+33,3.3270550844106834e+32,9.95907567321434e+31,155.5281170935631,257.50264791911405,1.4,3.757488467077795e+33
2,-0.0009589321106463262,0.040863281807105516,-7.6893973230750525,12.743146348903954,1361,1363,1361,1363,,2.7179784636714297e+32,4.469573216837986e+32,3.3270550844106834e+32,9.95907567321434e+31,18.626448424652697,14.651175552118522,,2.1379051287857102e+32
