,ampl,dur,ed,ederr,istart,istop,istart_no_sys_no_thruster,istop_no_sys_no_thruster,corrected,myenerg,myenerg_err,L_bol,L_bol_err,myed,ED_true,count_true,energ_true
0,0.035818869582149165,0.04086394608020783,90.99857073657006,21.770435244215694,539,541,539,541,5.333333333333333,6.0847882786333774e+32,3.1743621115578316e+32,8.357184523416163e+31,2.79025363293769e+31,208.84874007161747,761.0822161154999,5.333333333333333,2.2174058345326187e+33
1,0.436335994887632,0.1634554540287354,859.1059418869754,165.7484573242905,756,763,756,763,2.0,2.9733498831926793e+33,1.5069556842700517e+33,8.357184523416163e+31,2.79025363293769e+31,1020.5455776948612,2579.5093315039676,2.0,7.515376027443804e+33
2,0.290286052911319,0.06129470868472709,517.2980569280564,107.5458242468857,2076,2079,2076,2079,3.166666666666667,2.241720087891284e+33,1.1351981789310522e+33,8.357184523416163e+31,2.79025363293769e+31,769.4276193525701,1107.7525930852844,3.166666666666667,3.227426697292819e+33
3,0.15748847638354613,0.04086322267539799,241.9496656374269,54.49403096492756,3212,3214,3212,3214,4.0,1.0854241696907325e+33,5.538362048289093e+32,8.357184523416163e+31,2.79025363293769e+31,372.55112240997266,864.5966119492197,4.0,2.5189940472375857e+33
