,ampl,dur,ed,ederr,istart,istop,istart_no_sys_no_thruster,istop_no_sys_no_thruster,corrected,myenerg,myenerg_err,L_bol,L_bol_err,myed,ED_true,count_true,energ_true
0,0.07670074762476878,0.06129489518207265,195.8865328600469,43.133669076129436,1722,1725,1722,1725,,3.337740676124814e+32,1.8350917395897385e+32,2.5945377341929524e+31,2.240303966236216e+31,483.85798281658896,3113.2831270403713,,2.1475995226794965e+33
1,0.018087295824177167,0.06129479192168219,80.84164215229151,17.466298163135328,1926,1929,1926,1929,,1.8502987584325663e+32,1.0106589428717835e+32,2.5945377341929524e+31,2.240303966236216e+31,268.2298931331781,3113.2831270403713,,2.1475995226794965e+33
