,ampl,dur,ed,ederr,istart,istop,istart_no_sys_no_thruster,istop_no_sys_no_thruster,corrected,myenerg,myenerg_err,L_bol,L_bol_err,myed,ED_true,count_true,energ_true
0,5.044287061788,0.14302555720496454,16086.646979603627,3025.217559724805,141,148,145,148,5.0,1.90159806724131e+33,7.120557770451004e+33,6.761763726573059e+31,2.257582772077468e+31,885.4023076010151,3845.352980867175,5.0,8.258749422158437e+33
1,0.009281195862909123,0.04086446051951498,26.37125075804936,595.4489040661023,155,157,155,157,,3.5831745019693555e+32,6.76209036876246e+33,6.761763726573059e+31,2.257582772077468e+31,166.83604318042217,351.3105678202512,,7.545174561138347e+32
