,ampl,dur,ed,ederr,istart,istop,istart_no_sys_no_thruster,istop_no_sys_no_thruster,corrected,myenerg,myenerg_err,L_bol,L_bol_err,myed,ED_true,count_true,energ_true
0,0.3396004910852622,0.08172685233148512,696.2648887436418,138.41434733772937,1320,1324,1320,1324,7.0,7.187767707004821e+32,3.8592010263110184e+32,2.5945377341929524e+31,2.240303966236216e+31,1041.9799262845781,2315.5378568936117,7.0,1.5973002753971948e+33
