,ampl,dur,ed,ederr,istart,istop,istart_no_sys_no_thruster,istop_no_sys_no_thruster,corrected,myenerg,myenerg_err,L_bol,L_bol_err,myed,ED_true,count_true,energ_true
0,0.002808919400983263,0.10216106723237316,16.221022657303894,20.54160750021196,161,166,161,166,2.833333333333333,5.577273300299085e+33,7.886156846270987e+33,5.470915302383395e+33,2.0785459233496685e+33,15.162869810755208,33.89889665425076,2.833333333333333,1.2468840897469543e+34
1,0.02418416148867523,0.04086396213824628,51.311487287219755,11.565112130072524,717,719,717,719,1.2727272727272727,2.1120722271766553e+34,9.335159182204367e+33,5.470915302383395e+33,2.0785459233496685e+33,57.42066864443248,95.46898556076192,1.2727272727272727,3.51158211354554e+34
2,0.0008427759644270824,0.08172770973033039,3.68945039752988,0.594942554826925,779,782,779,782,,4.0782594759733716e+33,1.6215611925156512e+33,5.470915302383395e+33,2.0785459233496685e+33,11.087517888956038,19.78719851168418,,7.278214172138792e+33
3,0.0013016498564102019,0.04086369636206655,3.3838317107548352,0.4815379889719744,910,912,910,912,18.0,3.273287534678865e+33,1.224707382165685e+33,5.470915302383395e+33,2.0785459233496685e+33,8.899049780982029,20.398694615086047,18.0,7.50313735180766e+33
4,0.000305241424679323,0.040863582624297116,0.7820871714252289,0.1055710189541023,927,929,927,929,,2.0694620060187237e+33,7.619260880278245e+32,5.470915302383395e+33,2.0785459233496685e+33,5.626222938345785,6.7002878424403205,,2.4645292714611612e+33
5,0.000522186627357871,0.04086377377825556,1.3320455359332268,0.3718115871048227,939,941,939,941,,2.469984353580222e+33,1.2000848748812358e+33,5.470915302383395e+33,2.0785459233496685e+33,6.7151185124693225,6.7002878424403205,,2.4645292714611612e+33
6,0.0033736201416108744,0.0408632982216659,8.968816891021019,1.7945250061649949,1805,1807,1805,1807,3.0,5.269251218288293e+33,2.2200870886084404e+33,5.470915302383395e+33,2.0785459233496685e+33,14.325453661878848,32.050838583008144,3.0,1.1789080069421496e+34
