,ampl,dur,ed,ederr,istart,istop,istart_no_sys_no_thruster,istop_no_sys_no_thruster,corrected,myenerg,myenerg_err,L_bol,L_bol_err,myed,ED_true,count_true,energ_true
0,0.008360373244778448,0.040863663889467716,26.729327357372746,6.997156040993702,838,840,838,840,3.0,5.337634242656285e+32,2.70950071408775e+32,2.897743840299961e+32,8.673992300987034e+31,44.98618178040803,86.36886658718763,3.0,1.0247711665006381e+33
1,0.13639108544927625,0.10215881797194017,209.25823668934072,40.866195879001104,1207,1212,1207,1212,1.4,4.0653573932326805e+33,1.9194838424894484e+33,2.897743840299961e+32,8.673992300987034e+31,342.63289386287744,503.9570221886525,1.4,5.979476701516246e+33
2,0.0020691519567165337,0.04086348122655181,5.804612884214543,38.60027513375936,1217,1219,1217,1219,,1.6701825022142265e+32,9.559334508040014e+32,2.897743840299961e+32,8.673992300987034e+31,14.076485992729763,42.27878368587715,,5.016400027927619e+32
3,0.01877964308167069,0.04086323684168747,46.0453764389185,11.76840389238076,2628,2630,2628,2630,1.8571428571428572,9.349148743224015e+32,4.698540325243816e+32,2.897743840299961e+32,8.673992300987034e+31,78.79567721100445,152.9023282510619,1.8571428571428572,1.8141942053196785e+33
