,ampl,dur,ed,ederr,istart,istop,istart_no_sys_no_thruster,istop_no_sys_no_thruster,corrected,myenerg,myenerg_err,L_bol,L_bol_err,myed,ED_true,count_true,energ_true
0,0.11808423763744955,0.04086436168290675,175.8496959046093,39.078196080049096,382,384,382,384,2.0,6.375284595758569e+32,3.934641067296035e+32,6.761763726573059e+31,2.257582772077468e+31,296.8393684206211,886.7902163442423,2.0,1.9045789094652015e+33
1,0.0062044921651661965,0.0408640731984633,16.69386827253033,24.47965071267097,466,468,466,468,,1.0569926076473858e+32,1.7260943652158624e+32,6.761763726573059e+31,2.257582772077468e+31,49.21459008873982,179.16787803431095,,3.848028039422086e+32
2,0.7857123302113834,0.061295211366086726,1185.7011213959386,247.4469043814063,1289,1292,1289,1292,1.7777777777777777,4.026923538653071e+33,2.4824296053974286e+33,6.761763726573059e+31,2.257582772077468e+31,1874.9742414435389,2862.2827634032133,1.7777777777777777,6.147387830435135e+33
3,0.680703345289662,0.06129517737281276,1600.4376962509893,332.43509454051326,1326,1329,1326,1329,1.7777777777777777,3.9748028008289744e+33,2.446934987783621e+33,6.761763726573059e+31,2.257582772077468e+31,1850.7063257686611,2862.2827634032133,1.7777777777777777,6.147387830435135e+33
