,ampl,dur,ed,ederr,istart,istop,istart_no_sys_no_thruster,istop_no_sys_no_thruster,corrected,myenerg,myenerg_err,L_bol,L_bol_err,myed,ED_true,count_true,energ_true
0,0.05457371127987915,0.040863273075956386,109.34039045455296,23.57536881046956,1924,1926,1924,1926,1.4166666666666665,2.166128824105101e+33,1.0404999931341092e+33,2.500690771102743e+32,4.606442633383174e+31,197.58006276102975,312.4006452490452,1.4166666666666665,3.4249409221083616e+33
