,ampl,dur,ed,ederr,istart,istop,istart_no_sys_no_thruster,istop_no_sys_no_thruster,corrected,myenerg,myenerg_err,L_bol,L_bol_err,myed,ED_true,count_true,energ_true
0,0.02079914266993005,0.06129591009084834,80.73972023171795,16.992496920992163,604,607,606,607,5.666666666666666,4.530706861125877e+32,2.6787190041024843e+32,1.577829208301114e+32,6.357900525068292e+31,69.4175849061221,136.43531734164188,5.666666666666666,8.904781536488561e+32
1,0.014385882456922247,0.0408635515414062,41.87647320147829,9.469190590595897,1075,1077,1075,1077,5.666666666666666,4.367446116632167e+32,2.2177892580785143e+32,1.577829208301114e+32,6.357900525068292e+31,66.91617244662952,136.43531734164188,5.666666666666666,8.904781536488561e+32
2,0.1062822054791396,0.12258933453995267,345.079465686027,65.50890871183319,2317,2323,2317,2323,18.0,4.208531149084638e+33,2.0997509948382484e+33,1.577829208301114e+32,6.357900525068292e+31,644.8134415366798,93.4430199200697,18.0,6.0987850852017234e+32
