,ampl,dur,ed,ederr,istart,istop,istart_no_sys_no_thruster,istop_no_sys_no_thruster,corrected,myenerg,myenerg_err,L_bol,L_bol_err,myed,ED_true,count_true,energ_true
0,0.3531603755483152,0.04086369589640526,378.9936768419437,83.71904317936949,1076,1078,1076,1078,2.25,1.503967064642231e+33,9.265757283201902e+32,6.761763726573059e+31,2.257582772077468e+31,700.2614971743009,1124.6095447043538,2.25,2.415348727072232e+33
1,-0.18341428784661493,0.2451821220747661,-4475.634999771253,916.1048084332904,1083,1095,1083,1095,1.4,1.2026325795524374e+33,7.605233444286788e+32,6.761763726573059e+31,2.257582772077468e+31,559.9572693490576,2144.6154456220247,1.4,4.606037900918192e+33
