,ampl,dur,ed,ederr,istart,istop,istart_no_sys_no_thruster,istop_no_sys_no_thruster,corrected,myenerg,myenerg_err,L_bol,L_bol_err,myed,ED_true,count_true,energ_true
0,0.0357625784461934,0.04086369647848187,51.59569726294471,11.518011903397207,785,787,831.0,833.0,2.25,2.9653491635813027e+32,1.5100134721495878e+32,1.091591113123216e+32,3.141851780902868e+31,76.43632870341472,195.3014977847008,2.25,7.576726184079087e+32
1,0.026040785804498368,0.040863757363695186,63.81164942497386,13.802486076114347,831,833,1773.0,1775.0,2.25,3.0320648384076968e+32,1.5306480979957612e+32,1.091591113123216e+32,3.141851780902868e+31,78.15602543030595,195.3014977847008,2.25,7.576726184079087e+32
