,ampl,dur,ed,ederr,istart,istop,istart_no_sys_no_thruster,istop_no_sys_no_thruster,corrected,myenerg,myenerg_err,L_bol,L_bol_err,myed,ED_true,count_true,energ_true
0,0.0032714017383733804,0.040864266804419465,8.792878783654174,18.293323116750628,445,447,445,447,,1.0219891161832398e+32,2.0695759757311755e+32,8.357184523416163e+31,2.79025363293769e+31,35.07782514492249,271.4925979878181,,7.90991115103453e+32
1,0.039465180080883656,0.0817281332492712,186.83193551472144,38.82557143546245,588,592,588,592,37.0,6.687317718626704e+32,3.425385526811126e+32,8.357184523416163e+31,2.79025363293769e+31,229.52941269921564,684.0326949992187,37.0,1.9929227838798382e+33
2,2.9481405904376643e-05,0.040864109869289685,-4.6017869845085055,7.511262388892214,596,598,596,598,,7.076522739745145e+31,1.1740488052887083e+32,8.357184523416163e+31,2.79025363293769e+31,24.28881319459583,271.4925979878181,,7.90991115103453e+32
3,0.009799925994873409,0.24518440183601345,144.04099192498498,121.94780047596564,618,630,618,630,55.0,3.764708872044445e+32,4.290845975859874e+32,8.357184523416163e+31,2.79025363293769e+31,129.21644413230308,365.3826739748233,55.0,1.0645389630099419e+33
4,0.020279021569477473,0.12259041749348396,108.53975732607435,142.3751348676069,1402,1408,1402,1408,,3.0482465601114887e+32,4.696672698465216e+32,8.357184523416163e+31,2.79025363293769e+31,104.62524320565343,271.4925979878181,,7.90991115103453e+32
