,ampl,dur,ed,ederr,istart,istop,istart_no_sys_no_thruster,istop_no_sys_no_thruster,corrected,myenerg,myenerg_err,L_bol,L_bol_err,myed,ED_true,count_true,energ_true
0,0.016412226124319182,0.08172891881258693,93.10871313075391,21.63424071311464,200,202,200,202,7.75,3.066501055807449e+32,1.582519576670682e+32,8.357184523416163e+31,2.79025363293769e+31,105.25179391739,225.1045858250523,7.75,6.558400806369257e+32
