,ampl,dur,ed,ederr,istart,istop,istart_no_sys_no_thruster,istop_no_sys_no_thruster,corrected,myenerg,myenerg_err,L_bol,L_bol_err,myed,ED_true,count_true,energ_true
0,0.002235861190295169,0.04086430824099807,6.646330083101362,1.564963838353782,282,284,282.0,284.0,,3.32410958288492e+32,2.0684250927118807e+32,6.699771504105753e+32,2.4682870386912345e+32,9.443575949453173,18.065884158871896,,6.359135456444578e+32
1,0.001695588716807544,0.04086401068343548,4.501341226764658,1.1644077386070577,573,575,573.0,575.0,,3.456889068933264e+32,2.2165788238467424e+32,6.699771504105753e+32,2.4682870386912345e+32,9.82079370649795,18.065884158871896,,6.359135456444578e+32
2,0.0002722177525598513,0.0612959560676245,1.1990025947627672,18.698878490734394,686,689,686.0,689.0,,2.070985978985208e+32,2.8861206130075336e+33,6.699771504105753e+32,2.4682870386912345e+32,5.883534491009746,18.065884158871896,,6.359135456444578e+32
3,0.00323095461830311,0.0408634358245763,8.444988659562348,1.8600344267576998,1286,1288,1621.0,1624.0,6.2,8.188243594999628e+32,5.3729391467626655e+32,6.699771504105753e+32,2.4682870386912345e+32,23.262259668013932,45.593613808755286,6.2,1.6048811318006458e+33
4,-0.002148477687720589,0.08172653288056607,-20.145094594605602,5.261355701568434,1621,1624,3164.0,3166.0,35.0,7.165979920044636e+32,4.443511409157792e+32,6.699771504105753e+32,2.4682870386912345e+32,20.358076032038174,35.92746010541594,35.0,1.2646355052827646e+33
