,ampl,dur,ed,ederr,istart,istop,istart_no_sys_no_thruster,istop_no_sys_no_thruster,corrected,myenerg,myenerg_err,L_bol,L_bol_err,myed,ED_true,count_true,energ_true
0,0.029329498841739163,0.04086444061249495,75.78254887398423,18.779499323440557,140,142,988.0,991.0,3.0,5.364047102894995e+32,2.700748157795832e+32,2.500690771102743e+32,4.606442633383174e+31,48.92731916260627,116.7248989348859,3.0,1.279689683970892e+33
1,0.005149348409187369,0.0612955408214475,18.194632566452533,4.184836470509507,988,991,1042.0,1044.0,7.0,3.6498696766662775e+32,1.8683747467477206e+32,2.500690771102743e+32,4.606442633383174e+31,33.29171708350401,89.3083566903865,7.0,9.791140004570449e+32
2,0.003881759826569433,0.04086355305480538,11.773596944305494,2.993523172075156,1042,1044,1183.0,1185.0,,2.6682840238889486e+32,4.9209178320105515e+32,2.500690771102743e+32,4.606442633383174e+31,24.33833662326316,78.2382523149922,,8.577491631434938e+32
3,-0.002347739750243594,0.040863448048185085,-11.392551831363098,21.4865139998981,1183,1185,1530.0,1532.0,,5.73486276540453e+32,2.771736190685708e+32,2.500690771102743e+32,4.606442633383174e+31,52.30965640202116,20.25525853217643,,2.220644063632824e+32
4,0.012981161256256969,0.040863439440727234,33.47046720155845,7.338195564131075,1530,1532,1925.0,1928.0,7.0,4.38291385705006e+32,2.170315453282276e+32,2.500690771102743e+32,4.606442633383174e+31,39.97806526164948,104.9598067276606,7.0,1.1507054889453624e+33
