,ampl,dur,ed,ederr,istart,istop,istart_no_sys_no_thruster,istop_no_sys_no_thruster,corrected,myenerg,myenerg_err,L_bol,L_bol_err,myed,ED_true,count_true,energ_true
0,0.01701691802322459,0.04086452012415975,49.33043376366436,11.099217350655188,211,213,211,213,,2.0846159039542375e+32,1.0632785098782566e+32,8.357184523416163e+31,2.79025363293769e+31,71.55046077821477,84.35291725380893,,2.4576142618744055e+32
1,0.0206451794902642,0.08172867981920717,107.80027985680701,20.155186264209075,367,371,367,371,11.0,3.77734547004728e+32,1.8644192544352686e+32,8.357184523416163e+31,2.79025363293769e+31,129.6501712318886,297.2948598184918,11.0,8.66165760780355e+32
2,0.2486671183768086,0.12259114869812038,331.56033432068784,64.63263982906054,1014,1020,1014,1020,3.125,1.7490921966045037e+33,8.864830131941006e+32,8.357184523416163e+31,2.79025363293769e+31,600.3425013367805,1143.8165132185093,3.125,3.332498587328146e+33
3,0.0074701866912681375,0.24518110739882104,117.57278139276876,90.07725773660485,1278,1288,1278,1285,15.5,3.9006364084600894e+32,4.297599540274596e+32,8.357184523416163e+31,2.79025363293769e+31,133.88189729541992,351.55518225945485,15.5,1.0242526967467496e+33
4,0.012839224792151684,0.08172672345244791,74.95393455733651,14.29535795804055,1641,1645,1641,1645,5.333333333333333,3.672552333087405e+32,1.8250270166375617e+32,8.357184523416163e+31,2.79025363293769e+31,126.05334688566208,373.5583267962426,5.333333333333333,1.0883586501389565e+33
5,0.034718199974565954,0.04086312383878976,90.65201273575212,19.961913686979337,2593,2595,2593,2595,27.0,4.182772443117026e+32,2.1170923430926238e+32,8.357184523416163e+31,2.79025363293769e+31,143.56567800703695,418.82466181319626,27.0,1.2202416888555892e+33
6,0.020769162837341367,0.06129473153850995,99.1519438565232,22.883972846294565,2809,2811,2809,2811,,2.8312093665761388e+32,1.4574926377693231e+32,8.357184523416163e+31,2.79025363293769e+31,97.17585592332088,159.0807455350682,,4.634802467355604e+32
