,ampl,dur,ed,ederr,istart,istop,istart_no_sys_no_thruster,istop_no_sys_no_thruster,corrected,myenerg,myenerg_err,L_bol,L_bol_err,myed,ED_true,count_true,energ_true
0,0.11865495607398956,0.10216144011792494,266.10974074937985,54.02583104262244,87,91,87,91,1.5714285714285714,9.633752762586225e+32,4.8933441601446034e+32,8.357184523416163e+31,2.79025363293769e+31,330.66017000011135,595.5678539842861,1.5714285714285714,1.735181306725492e+33
1,-0.005918722797135203,0.04086357098276494,-28.847172017897897,45.70714856609837,1241,1243,1241,1243,,1.036559491168754e+32,1.6792834846096553e+32,8.357184523416163e+31,2.79025363293769e+31,35.57792544730789,61.44690595529418,,1.7902497902876902e+32
2,0.011236034295262268,0.040863328489649575,33.07263504893868,8.837954583765512,1496,1498,1496,1498,,2.3359748655710592e+32,1.272034914694882e+32,8.357184523416163e+31,2.79025363293769e+31,80.17787721992106,138.64458532406775,,4.039396873481646e+32
