,ampl,dur,ed,ederr,istart,istop,istart_no_sys_no_thruster,istop_no_sys_no_thruster,corrected,myenerg,myenerg_err,L_bol,L_bol_err,myed,ED_true,count_true,energ_true
0,0.008424148265386186,0.040864440488803666,25.328093622086506,7.013576409094073,210,212,210,212,2.428571428571429,2.8202513585496287e+32,1.5756917329862051e+32,1.091591113123216e+32,3.141851780902868e+31,72.69621483899866,173.45094968836077,2.428571428571429,6.729033658543381e+32
1,0.059278014165856575,0.16345683809777256,268.7010477043958,49.86047462097724,417,425,417,425,1.3636363636363638,1.132880670464365e+33,5.750044948678174e+32,1.091591113123216e+32,3.141851780902868e+31,292.0170089001557,473.93661632900626,1.3636363636363638,1.838638213871969e+33
2,0.01405826646339932,0.040863224072381854,39.061008574324134,9.157920393699488,2252,2254,2252,2254,1.9000000000000001,2.9339380215891706e+32,1.5375006641627769e+32,1.091591113123216e+32,3.141851780902868e+31,75.62665933842143,206.68150588628512,1.9000000000000001,8.018213865107309e+32
