,ampl,dur,ed,ederr,istart,istop,istart_no_sys_no_thruster,istop_no_sys_no_thruster,corrected,myenerg,myenerg_err,L_bol,L_bol_err,myed,ED_true,count_true,energ_true
0,3.207837545976283,0.3677681584813399,20623.897199488278,3596.1940417867468,2591,2603,2591,2603,2.3333333333333335,8.992723725782892e+33,4.9997729190939716e+33,1.950113960413546e+31,6.95997016907608e+30,18137.799707631537,28107.155123582263,2.3333333333333335,1.393553158698455e+34
