,ampl,dur,ed,ederr,istart,istop,istart_no_sys_no_thruster,istop_no_sys_no_thruster,corrected,myenerg,myenerg_err,L_bol,L_bol_err,myed,ED_true,count_true,energ_true
0,0.5558430935860627,0.10215945336676667,1350.443202693734,268.9566766739127,828,833,828,833,1.1428571428571428,1.4896046973820788e+34,7.241125466721769e+33,2.500690771102743e+32,4.606442633383174e+31,1358.7196953508412,1577.3195950438173,1.1428571428571428,1.7292622504035848e+34
1,0.10019575150716896,0.08172718097193865,291.4119439227684,58.544788358538725,956,960,956,960,1.2,4.275537899999852e+33,2.0693276685695004e+33,2.500690771102743e+32,4.606442633383174e+31,389.9865221396196,525.9598115099775,1.2,5.766253396784327e+33
