,ampl,dur,ed,ederr,istart,istop,istart_no_sys_no_thruster,istop_no_sys_no_thruster,corrected,myenerg,myenerg_err,L_bol,L_bol_err,myed,ED_true,count_true,energ_true
0,0.18792329346782144,0.040863422909751534,491.10083172884805,106.544233479692,1508,1510,1508,1510,3.4,6.693606549433062e+32,4.014589207774743e+32,3.388909656562385e+31,2.926219821264045e+31,681.812258882253,1761.9875672161827,3.4,1.729809249729942e+33
