,ampl,dur,ed,ederr,istart,istop,istart_no_sys_no_thruster,istop_no_sys_no_thruster,corrected,myenerg,myenerg_err,L_bol,L_bol_err,myed,ED_true,count_true,energ_true
0,0.012124823601265327,0.04086324979289202,37.720358143898245,107.20901065784336,1673,1675,1673,1675,4.25,1.5216840728236665e+32,4.194333772637111e+32,6.761763726573059e+31,2.257582772077468e+31,70.85107061937367,880.0526043547628,4.25,1.8901083915695225e+33
1,0.7967846764427831,0.06129470461019083,1898.5121389908936,395.7602521040433,2097,2100,2097,2100,5.75,4.3049143772629526e+33,2.6529255471714225e+33,6.761763726573059e+31,2.257582772077468e+31,2004.409443465069,3059.898563620237,5.75,6.571811643794311e+33
2,0.053904387976731326,0.1225894036324462,422.91695472327314,226.6077268887056,2108,2114,2108,2114,2.3333333333333335,8.879304075426558e+32,8.273725142046626e+32,6.761763726573059e+31,2.257582772077468e+31,413.4289182192425,961.7921446034916,2.3333333333333335,2.0656622052650466e+33
3,0.13299844801720964,0.1225893940863898,844.0426494755848,153.2623399926842,2130,2136,2130,2136,2.6666666666666665,1.982874515452111e+33,1.197332403390007e+33,6.761763726573059e+31,2.257582772077468e+31,923.2454018064351,1940.4294867615945,2.6666666666666665,4.167503212908573e+33
4,0.06396050794289304,0.04086311556602595,114.4692388918906,24.83140692664729,2418,2420,2418,2420,,1.036994179332537e+33,6.355165112760467e+32,6.761763726573059e+31,2.257582772077468e+31,482.83444076162726,469.15190978124383,,1.0076079057212069e+33
5,0.1362438091900469,0.06129470218729693,463.3149267078081,95.49225790281875,2622,2625,2622,2625,2.142857142857143,2.7439990158753604e+33,1.685415359253426e+33,6.761763726573059e+31,2.257582772077468e+31,1277.6322728575076,2302.7034177704363,2.142857142857143,4.9455669259848225e+33
