,ampl,dur,ed,ederr,istart,istop,istart_no_sys_no_thruster,istop_no_sys_no_thruster,corrected,myenerg,myenerg_err,L_bol,L_bol_err,myed,ED_true,count_true,energ_true
0,0.0649939791164708,0.04086363466194598,169.82155268819108,40.293855652681096,967,969,967,969,4.25,1.0951337371573927e+33,5.694714243377544e+32,1.3742317915994988e+32,5.53749986589713e+31,210.91243953805417,499.53618132691787,4.25,2.5937726873771077e+33
1,0.11096992701778872,0.08172612670750823,187.1924804241383,37.193771222800386,2261,2265,2261,2265,2.4,1.6881282845534853e+33,8.507934708506035e+32,1.3742317915994988e+32,5.53749986589713e+31,325.11760223235177,628.1489255852196,2.4,3.2615766138508196e+33
