,ampl,dur,ed,ederr,istart,istop,istart_no_sys_no_thruster,istop_no_sys_no_thruster,corrected,myenerg,myenerg_err,L_bol,L_bol_err,myed,ED_true,count_true,energ_true
0,0.1106338430653627,0.2451806593162473,412.1876084734495,72.69369341294347,1322,1334,1322,1334,5.199999999999999,1.7272976740772992e+33,8.563803260715575e+32,8.357184523416163e+31,2.79025363293769e+31,592.8619475987769,1839.3154694069374,5.199999999999999,5.358828214677533e+33
1,0.12396991739002068,0.040863468770112384,144.4394548828489,32.95859740173473,1430,1431,1430,1431,52.0,7.760242016066643e+31,1.8735723843097766e+32,8.357184523416163e+31,2.79025363293769e+31,26.635549069101785,262.6909255906001,52.0,7.653475258643713e+32
2,0.16926656398568218,0.04086316144093871,455.64333989301247,100.79361273069021,1649,1651,1649,1651,5.199999999999999,1.7230841724505098e+33,8.735496594217738e+32,8.357184523416163e+31,2.79025363293769e+31,591.4157436131185,1839.3154694069374,5.199999999999999,5.358828214677533e+33
3,0.183252000206967,0.06129477783542825,431.32813280557406,90.4647527693514,1872,1875,1872,1875,5.875,1.3013620952592178e+33,6.610740281066965e+32,8.357184523416163e+31,2.79025363293769e+31,446.66769249182573,994.2866751271083,5.875,2.896844819049487e+33
4,0.2025730471620158,0.0408631312820944,415.12573235820037,92.28643684099087,2137,2139,2137,2139,,1.38426919475785e+33,7.030220555357609e+32,8.357184523416163e+31,2.79025363293769e+31,475.1239714622593,292.2822384539943,,8.515615358693203e+32
5,0.1556902387346486,0.0612947292465833,438.34502957061517,98.3132912210622,2727,2728,2727,2728,17.5,8.685609897032138e+32,4.426001034219653e+32,8.357184523416163e+31,2.79025363293769e+31,298.1169764145264,525.7409565560251,17.5,1.5317413018400816e+33
