,ampl,dur,ed,ederr,istart,istop,istart_no_sys_no_thruster,istop_no_sys_no_thruster,corrected,myenerg,myenerg_err,L_bol,L_bol_err,myed,ED_true,count_true,energ_true
0,0.004153131436193767,0.08172634118091082,27.173997698764314,5.889472718372554,2779,2782,2779,2782,1.9000000000000001,1.1992589251029503e+33,7.240501577668677e+32,5.035701647176669e+32,1.7972453895609597e+32,47.37792911518078,115.80133672962293,1.9000000000000001,2.9312337876615626e+33
