,ampl,dur,ed,ederr,istart,istop,istart_no_sys_no_thruster,istop_no_sys_no_thruster,corrected,myenerg,myenerg_err,L_bol,L_bol_err,myed,ED_true,count_true,energ_true
0,0.07179602053192348,0.040863041642296594,116.785939802105,25.99906029573627,2137,2139,2137,2139,1.7777777777777777,6.770091567366e+32,3.440017490402362e+32,8.357184523416163e+31,2.79025363293769e+31,232.37046701835843,864.0623198427031,1.7777777777777777,2.5174373922412552e+33
1,0.02146945608680721,0.04086303000076441,71.18481689212314,19.22548562866797,2219,2221,2219,2221,13.0,2.649250338637188e+32,1.4487908644280756e+32,8.357184523416163e+31,2.79025363293769e+31,90.93045970088384,196.7657693147644,13.0,5.732752069043808e+32
