,ampl,dur,ed,ederr,istart,istop,istart_no_sys_no_thruster,istop_no_sys_no_thruster,corrected,myenerg,myenerg_err,L_bol,L_bol_err,myed,ED_true,count_true,energ_true
0,0.018169975644590344,0.14302472960116575,152.87904681791062,134.0314522055709,349,356,349,356,7.0,2.3631374120383978e+32,2.9367142367883607e+32,3.388909656562385e+31,2.926219821264045e+31,240.7097048582171,711.6053359592167,7.0,6.98609635619755e+32
1,0.03652784309221123,0.040863553644157946,108.42048498544793,32.40971524873875,1090,1092,1090,1092,16.0,2.9108926781190447e+32,1.9406866747765186e+32,3.388909656562385e+31,2.926219821264045e+31,296.50417866288484,453.3641553832015,16.0,4.450845874678325e+32
2,0.07524968723749406,0.04086344433017075,186.83421753289917,43.86304011579785,1103,1105,1103,1105,3.5,3.537294874045242e+32,2.173012370370642e+32,3.388909656562385e+31,2.926219821264045e+31,360.3096463161065,928.7493945586787,3.5,9.117880984409765e+32
