,ampl,dur,ed,ederr,istart,istop,istart_no_sys_no_thruster,istop_no_sys_no_thruster,corrected,myenerg,myenerg_err,L_bol,L_bol_err,myed,ED_true,count_true,energ_true
0,0.054151496771617416,0.183889885818644,265.97899038396616,142.24514305175768,268,277,268.0,277.0,36.0,9.777477817237089e+32,8.212741401676557e+32,1.091591113123216e+32,3.141851780902868e+31,252.02917670109622,659.3986000613146,36.0,2.5581384144515406e+33
1,0.017083703164065274,0.061295967832847964,50.80106703636206,11.782919743810305,692,695,692.0,695.0,,4.2200943266714105e+32,2.2513312194830634e+32,1.091591113123216e+32,3.141851780902868e+31,108.77926993369647,212.41405787520895,,8.240608353878486e+32
2,0.029398253589463963,0.04086398961226223,58.92026626511996,13.253342749007313,785,787,857.0,859.0,,2.123085714134235e+32,3.690081680080461e+32,1.091591113123216e+32,3.141851780902868e+31,54.725723197837176,290.8078843607323,,1.128189868979698e+33
