,ampl,dur,ed,ederr,istart,istop,istart_no_sys_no_thruster,istop_no_sys_no_thruster,corrected,myenerg,myenerg_err,L_bol,L_bol_err,myed,ED_true,count_true,energ_true
0,0.11762365848203135,0.04086373710742919,206.83805902643473,45.560445328297135,884,886,884,886,6.5,2.6717413401432066e+32,1.6096615220322447e+32,3.388909656562385e+31,2.926219821264045e+31,272.14416993577646,373.9324666563891,6.5,3.671035208372691e+32
1,0.002491857525308056,0.04086363198439358,3.0897314583531403,4.743391828566819,891,893,891,893,14.0,4.954930384261006e+31,8.305063124613434e+31,3.388909656562385e+31,2.926219821264045e+31,50.471031617229514,381.8538023775308,14.0,3.74880193076958e+32
2,0.6538307940064443,0.2247478993667756,1638.2259505680177,300.5813436623605,1718,1729,1718,1729,1.4444444444444444,2.1253150053911323e+33,1.2715642382078464e+33,3.388909656562385e+31,2.926219821264045e+31,2164.8506137320082,2990.7020413247697,1.4444444444444444,2.9360843121290164e+33
