,ampl,dur,ed,ederr,istart,istop,istart_no_sys_no_thruster,istop_no_sys_no_thruster,corrected,myenerg,myenerg_err,L_bol,L_bol_err,myed,ED_true,count_true,energ_true
0,0.028105049734761283,0.04086457961238922,82.52792268918816,18.971807170819467,216,218,216,218,6.0,3.1392698882829572e+32,1.9570967950264827e+32,6.761763726573059e+31,2.257582772077468e+31,146.16741840195584,400.0593277473997,6.0,8.592162431647145e+32
1,0.025877954469884067,0.061295845713175375,97.87961753247448,18.91929761173416,850,853,850,853,4.666666666666667,3.907923610024846e+32,2.3569486508326343e+32,6.761763726573059e+31,2.257582772077468e+31,181.95667327660408,597.5893335149229,4.666666666666667,1.2834557938921473e+33
2,0.002341159736015671,0.04086328983976273,4.076219806415768,1.0027321705060075,1667,1669,1667,1669,,2.3936079454553657e+32,1.5237221778641405e+32,6.761763726573059e+31,2.257582772077468e+31,111.44868281617624,299.3220368545421,,6.428605413369004e+32
