,ampl,dur,ed,ederr,istart,istop,istart_no_sys_no_thruster,istop_no_sys_no_thruster,corrected,myenerg,myenerg_err,L_bol,L_bol_err,myed,ED_true,count_true,energ_true
0,0.014482797171134962,0.06129619834246114,58.039024124861506,11.608752341397867,454,457,454,457,2.0,7.625240156159044e+32,3.848123573067626e+32,2.178010611369685e+32,4.012043812898151e+31,85.12881022208222,227.01218682472572,2.0,2.0334155245416015e+33
1,0.032451096807984414,0.08172797108272789,97.006553363575,18.85877167513035,601,605,601,601,,5.011785971546525e+31,1.5883104141172332e+32,2.178010611369685e+32,4.012043812898151e+31,5.595199208261884,36.094755608522576,,3.2331143730875127e+32
2,-5.610406128389044e-05,0.04086397855280666,-1.250964368681811,1.70506754283262,610,612,610,612,,2.1684697717974195e+32,3.131972281848348e+32,2.178010611369685e+32,4.012043812898151e+31,24.208975441456793,36.094755608522576,,3.2331143730875127e+32
3,0.4852290864672576,0.2247493060131092,1389.7516501622567,256.0408002441164,1178,1189,1178,1189,1.4615384615384615,1.5836245269233186e+34,8.042094275052345e+33,2.178010611369685e+32,4.012043812898151e+31,1767.9714875157051,1988.6999209709807,1.4615384615384615,1.781337535010521e+34
4,0.004302603220640136,0.040863306137907784,6.158652130977,1.5123370210955798,3180,3182,3180,3182,,3.5964873539194644e+32,1.9131089039742028e+32,2.178010611369685e+32,4.012043812898151e+31,40.15148154653647,36.094755608522576,,3.2331143730875127e+32
