,ampl,dur,ed,ederr,istart,istop,istart_no_sys_no_thruster,istop_no_sys_no_thruster,corrected,myenerg,myenerg_err,L_bol,L_bol_err,myed,ED_true,count_true,energ_true
0,0.0401574657002663,0.06129516923101619,168.11197384100004,33.12912165062564,1241,1244,1241,1244,16.0,6.371703228888745e+32,3.863731389267198e+32,6.761763726573059e+31,2.257582772077468e+31,296.6726165425279,453.98812436270117,16.0,9.750403092778548e+32
1,0.05307476357653256,0.04086313198058633,118.83718775060707,25.911554485021554,2072,2074,2072,2074,8.0,4.3197847648201465e+32,2.6512939954563027e+32,6.761763726573059e+31,2.257582772077468e+31,201.13332386060483,465.1058308454629,8.0,9.989180527378398e+32
2,0.03726700027495627,0.04086301865027053,103.64048565902931,26.091532191177546,2491,2493,2491,2493,14.0,3.737580754261344e+32,2.3968299363548588e+32,6.761763726573059e+31,2.257582772077468e+31,174.02534645341518,437.6235214054572,14.0,9.398936905176408e+32
3,0.16859040519456828,0.04086324483068893,243.08959209965613,54.32795383489157,2667,2669,2667,2669,1.3333333333333333,1.5221990861196535e+33,9.410287414478261e+32,6.761763726573059e+31,2.257582772077468e+31,708.7505013263504,1908.7492247844207,1.3333333333333333,4.099462815421108e+33
