,ampl,dur,ed,ederr,istart,istop,istart_no_sys_no_thruster,istop_no_sys_no_thruster,corrected,myenerg,myenerg_err,L_bol,L_bol_err,myed,ED_true,count_true,energ_true
0,0.25477668843537243,0.22474890077137388,1046.5298412461411,191.28546556415,1291,1302,1291,1302,1.1,7.302286653190864e+32,3.900176103133607e+32,2.5945377341929524e+31,2.240303966236216e+31,1058.5812478588452,1210.9360590286137,1.1,8.353257947462992e+32
1,0.011663653914692424,0.040863050722691696,30.500600930515393,7.181877713263162,1958,1960,1958,1960,5.4,3.4281250649015586e+31,1.8901378816385344e+31,2.5945377341929524e+31,2.240303966236216e+31,49.696062088085014,97.4061231378166,5.4,6.719252153455768e+31
