,ampl,dur,ed,ederr,istart,istop,istart_no_sys_no_thruster,istop_no_sys_no_thruster,corrected,myenerg,myenerg_err,L_bol,L_bol_err,myed,ED_true,count_true,energ_true
0,-0.034488024996295434,0.040863478083338116,-175.31473492927861,400.468929669976,1421,1423,1421,1423,,1.860933082902332e+32,4.0722493815938815e+32,1.577829208301114e+32,6.357900525068292e+31,28.51243398582682,62.943671090408195,,4.108171191196429e+32
1,0.022526696786985358,0.040863381109375034,54.508748751924564,12.834478631791727,1837,1839,1837,1839,10.0,4.296192459155371e+32,2.2143530998707462e+32,1.577829208301114e+32,6.357900525068292e+31,65.82445387613298,134.4434407733023,10.0,8.774776886414716e+32
