,ampl,dur,ed,ederr,istart,istop,istart_no_sys_no_thruster,istop_no_sys_no_thruster,corrected,myenerg,myenerg_err,L_bol,L_bol_err,myed,ED_true,count_true,energ_true
0,0.13935108491954376,0.10215927840181394,396.7137106014493,801.7585435304201,550,555,550,555,2.0,1.2491103492421978e+32,2.9729661988334578e+32,1.3011615595745358e+28,1.1235132039949538e+28,625.7350563300253,1094.0377959448394,2.0,2.1839497716363586e+32
1,0.14031965083233394,0.0408632763355854,199.8065255899353,44.206018228783684,1633,1635,1633,1635,2.428571428571429,7.239489643529733e+31,4.201153153892163e+31,1.3011615595745358e+28,1.1235132039949538e+28,362.6583081825353,693.8373115654776,2.428571428571429,1.3850580334270375e+32
2,0.18746908328146533,0.04086329405254219,335.3113419227238,75.83289930193422,2303,2305,2303,2305,1.7142857142857142,1.0466032215347973e+32,6.124965296387116e+31,1.3011615595745358e+28,1.1235132039949538e+28,524.290208771043,909.669817631343,1.7142857142857142,1.815909100987427e+32
