,ampl,dur,ed,ederr,istart,istop,istart_no_sys_no_thruster,istop_no_sys_no_thruster,corrected,myenerg,myenerg_err,L_bol,L_bol_err,myed,ED_true,count_true,energ_true
0,0.04220155106089442,0.04086383291723905,124.55429990486373,27.741172365773163,410,412,410,412,21.0,4.20597275104834e+31,2.446993244404557e+31,1.3011615595745358e+28,1.1235132039949538e+28,210.69592433498315,269.98147326776916,21.0,5.389447961255998e+31
