,ampl,dur,ed,ederr,istart,istop,istart_no_sys_no_thruster,istop_no_sys_no_thruster,corrected,myenerg,myenerg_err,L_bol,L_bol_err,myed,ED_true,count_true,energ_true
0,-0.09960805376982586,0.040863641297619324,-454.95035073250364,706.0675429751877,926,928,926,928,,1.733066956253929e+32,2.8697199979361723e+32,1.950113960413546e+31,6.95997016907608e+30,347.4253658612351,430.1334310756971,,2.145640789150546e+32
