,ampl,dur,ed,ederr,istart,istop,istart_no_sys_no_thruster,istop_no_sys_no_thruster,corrected,myenerg,myenerg_err,L_bol,L_bol_err,myed,ED_true,count_true,energ_true
0,1.0903823513149968,0.1021583767651464,1271.743757762728,252.37821100232884,1245,1250,1245,1250,4.125,1.537824268441438e+33,8.308309412036555e+32,2.5945377341929524e+31,2.240303966236216e+31,2229.3180347323237,4163.674915260812,4.125,2.872178949271246e+33
1,0.04528870564383971,0.08172687409387436,85.47539637264458,371.20378283266274,1256,1260,1256,1260,7.25,1.042891893930326e+32,4.42544446753744e+32,2.5945377341929524e+31,2.240303966236216e+31,151.1835750759295,431.1557341491343,7.25,2.974190945940271e+32
2,0.7783234502777736,0.08172671350621385,1975.6080413841892,439.85089479229066,2613,2614,2613,2614,3.666666666666667,1.1536588532131109e+33,6.241170674692035e+32,2.5945377341929524e+31,2.240303966236216e+31,1672.4098716449266,2838.0798001469516,3.666666666666667,1.9577592449537843e+33
3,0.14291870898693645,0.0408636870488408,194.52915729217847,42.78498866235881,3131,3133,3131,3133,9.333333333333334,2.3086534650841056e+32,1.2436381030602456e+32,2.5945377341929524e+31,2.240303966236216e+31,334.67561354558376,986.5247853062624,9.333333333333334,6.805228023219708e+32
