,ampl,dur,ed,ederr,istart,istop,istart_no_sys_no_thruster,istop_no_sys_no_thruster,corrected,myenerg,myenerg_err,L_bol,L_bol_err,myed,ED_true,count_true,energ_true
0,0.03380684053394457,0.06129510775645033,142.53869965368978,29.07735394682393,1182,1185,1182,1185,9.4,2.3907788031789996e+32,1.43277427289538e+32,3.388909656562385e+31,2.926219821264045e+31,243.5252631365593,956.8509392237888,9.4,9.393764383350017e+32
1,0.05999594343871919,0.06129505746503128,217.5541337166917,43.91075388222697,1276,1279,1276,1277,11.666666666666666,1.9783207676217086e+32,1.2723584158563615e+32,3.388909656562385e+31,2.926219821264045e+31,201.5121954665941,435.4695671551092,11.666666666666666,4.275167993557018e+32
2,0.008221593627179615,0.04086340340290917,18.900505119824665,6.422408889868053,2392,2394,2392,2394,,1.290255941832379e+32,9.032723744109704e+31,3.388909656562385e+31,2.926219821264045e+31,131.42575855634857,196.21132578516637,,1.9262801427208537e+32
3,0.20596715419756864,0.08172699295391794,526.6995329816145,104.61475249705587,3040,3044,3040,3044,9.166666666666668,6.721966676335871e+32,4.035061906262484e+32,3.388909656562385e+31,2.926219821264045e+31,684.7010277459426,2000.135432602279,9.166666666666668,1.9636079370834305e+33
