,ampl,dur,ed,ederr,istart,istop,istart_no_sys_no_thruster,istop_no_sys_no_thruster,corrected,myenerg,myenerg_err,L_bol,L_bol_err,myed,ED_true,count_true,energ_true
0,0.014306986628269644,0.06129520740796579,48.51262559284083,9.502950169044352,931,934,931,934,2.428571428571429,3.290166192166952e+32,1.652013033295704e+32,1.091591113123216e+32,3.141851780902868e+31,85.49813263295584,210.4577386361448,2.428571428571429,8.098901288443415e+32
1,0.06495969051215861,0.12259003157669213,149.1463614317082,31.40642851917254,1262,1265,1262,1265,1.6666666666666667,6.562597644813908e+32,3.3786012194636905e+32,1.091591113123216e+32,3.141851780902868e+31,170.53541100411138,328.5479873211791,1.6666666666666667,1.2643287602891687e+33
2,0.014424655785768773,0.0408634385021287,41.09968286064874,9.473202102448738,1279,1281,1281,1281,11.5,8.441022568724863e+31,5.813944295399965e+31,1.091591113123216e+32,3.141851780902868e+31,21.93480891198676,111.52828141916913,11.5,4.291866613872568e+32
3,0.019635402621168804,0.04086325532261981,56.70839649975024,12.856679216129164,1785,1787,1785,1787,1.4285714285714286,3.774956587163954e+32,1.953828538902833e+32,1.091591113123216e+32,3.141851780902868e+31,98.09587726643834,198.51740733617902,1.4285714285714286,7.639409681356813e+32
