,ampl,dur,ed,ederr,istart,istop,istart_no_sys_no_thruster,istop_no_sys_no_thruster,corrected,myenerg,myenerg_err,L_bol,L_bol_err,myed,ED_true,count_true,energ_true
0,0.04685993272232642,0.06129595060338034,149.14025749316403,31.22772085137979,251,254,251,254,4.0,6.16043533999175e+32,3.1275266534107978e+32,8.357184523416163e+31,2.79025363293769e+31,211.51811303728496,268.6599551747072,4.0,7.824683468158223e+32
1,-0.0012760475383363616,0.0408639622546616,-11.382595104738185,18.8587794424568,258,260,258,260,6.0,7.481213882595137e+31,1.2561895054532129e+32,8.357184523416163e+31,2.79025363293769e+31,25.686695117182786,185.51649869902417,6.0,5.403141973640556e+32
2,0.03876229213030283,0.04086326632386772,114.6571816419405,25.70063547655998,1752,1754,1752,1754,4.0,2.918323086555216e+32,1.4864950274608367e+32,8.357184523416163e+31,2.79025363293769e+31,100.20041741110639,268.593868507116,4.0,7.822758703244783e+32
3,0.05179312530502788,0.04086326399556128,79.67903545592827,17.890978341658432,1777,1779,1777,1779,3.8000000000000003,3.8769989879468765e+32,1.9760343075404587e+32,8.357184523416163e+31,2.79025363293769e+31,133.11648689085746,214.4425556522375,3.8000000000000003,6.245609320490318e+32
4,0.005705868828820238,0.04086353966704337,15.59002165069645,3.3696536468897684,3022,3024,3022,3024,6.0,1.572462363379702e+32,7.906746132662007e+31,8.357184523416163e+31,2.79025363293769e+31,53.99038437511942,185.51649869902417,6.0,5.403141973640556e+32
