,ampl,dur,ed,ederr,istart,istop,istart_no_sys_no_thruster,istop_no_sys_no_thruster,corrected,myenerg,myenerg_err,L_bol,L_bol_err,myed,ED_true,count_true,energ_true
0,0.07347609290295777,0.04086404199915705,143.5001487753148,31.96014776420422,102,104,102.0,104.0,,5.389642357854187e+32,3.329302399354228e+32,6.761763726573059e+31,2.257582772077468e+31,250.2006457251178,655.2714444078747,,1.4115386163123835e+33
1,0.1268909257813494,0.04086358880158514,279.07173855392347,60.92905474588794,840,842,921.0,925.0,11.0,7.742535462677392e+32,4.7877109564892936e+32,6.761763726573059e+31,2.257582772077468e+31,359.42781425719164,765.8151728077851,11.0,1.649663965370775e+33
2,0.12926882308833587,0.08172698772250442,221.7992120233437,45.25403803724657,921,925,1096.0,1098.0,16.5,4.396270841099317e+32,2.682760240727252e+32,6.761763726573059e+31,2.257582772077468e+31,204.0858613972089,555.0242315074771,16.5,1.195593280384512e+33
3,0.04842975864958324,0.04086335887404857,119.5560391048049,25.531077185232352,1096,1098,1262.0,1264.0,7.199999999999999,6.637085270793059e+32,4.1502674364684856e+32,6.761763726573059e+31,2.257582772077468e+31,308.1100581869106,1019.5705202148002,7.199999999999999,2.1962854838537524e+33
4,0.07344518569445199,0.040863292750145774,141.45877763551337,32.82089447181361,1262,1264,1706.0,1709.0,4.5,1.8303025118052588e+33,1.1257641728971701e+33,6.761763726573059e+31,2.257582772077468e+31,849.6720931002637,1836.7030061969222,4.5,3.9564935143583723e+33
5,0.3029876455292506,0.06129491986212088,741.1406944638178,153.35568048321483,1706,1709,2952.0,2954.0,31.0,4.144169075023541e+32,2.5588446001761927e+32,6.761763726573059e+31,2.257582772077468e+31,192.38266840729136,355.07409019415945,31.0,7.64875067025001e+32
