,ampl,dur,ed,ederr,istart,istop,istart_no_sys_no_thruster,istop_no_sys_no_thruster,corrected,myenerg,myenerg_err,L_bol,L_bol_err,myed,ED_true,count_true,energ_true
0,0.006812760229835576,0.061295340936339926,24.640733171904863,5.235167440507708,3146,3149,3146,3149,1.2,3.609168293930002e+32,1.85974185210396e+32,2.178010611369685e+32,4.012043812898151e+31,40.72341913590584,67.98271383886225,1.2,6.025060285426848e+32
