,ampl,dur,ed,ederr,istart,istop,istart_no_sys_no_thruster,istop_no_sys_no_thruster,corrected,myenerg,myenerg_err,L_bol,L_bol_err,myed,ED_true,count_true,energ_true
0,0.8524951176734209,0.1021582527537248,1507.7563803015807,294.23628135143053,2101,2106,2101,2106,2.428571428571429,1.2086169133997518e+33,6.850832652804118e+32,1.950113960413546e+31,6.95997016907608e+30,2422.8964253730833,6438.2299511378915,2.428571428571429,3.2115915190654186e+33
