,ampl,dur,ed,ederr,istart,istop,istart_no_sys_no_thruster,istop_no_sys_no_thruster,corrected,myenerg,myenerg_err,L_bol,L_bol_err,myed,ED_true,count_true,energ_true
0,0.0003009292992604851,0.04086328572157072,0.7001767209246994,0.22118823290678213,2349,2351,2349,2351,16.0,7.83168744120981e+32,5.234269648156757e+32,1.0815833456435376e+33,3.4866127639132136e+32,12.752926731521871,31.23706791391731,16.0,1.9182965418985835e+33
