,ampl,dur,ed,ederr,istart,istop,istart_no_sys_no_thruster,istop_no_sys_no_thruster,corrected,myenerg,myenerg_err,L_bol,L_bol_err,myed,ED_true,count_true,energ_true
0,0.020588975893711284,0.04086409217416076,67.05728638328142,17.918255544164477,169,171,169,171,8.5,7.379075752369033e+31,4.259783686270724e+31,2.5945377341929524e+31,2.240303966236216e+31,106.97130349675399,218.39074875130464,8.5,1.5064992441653951e+32
1,0.482334543982117,0.10215936873282773,1750.1693621678733,390.9413345894212,598,600,598,600,1.625,6.48701075570742e+32,3.5126374029958015e+32,2.5945377341929524e+31,2.240303966236216e+31,940.3941897638108,1649.9368849682207,1.625,1.1381565768409785e+33
