,ampl,dur,ed,ederr,istart,istop,istart_no_sys_no_thruster,istop_no_sys_no_thruster,corrected,myenerg,myenerg_err,L_bol,L_bol_err,myed,ED_true,count_true,energ_true
0,-0.006770353793913164,0.06129502929979935,-97.75865015706712,146.8813860152783,1488,1491,1488,1491,5.666666666666666,2.1473413682834294e+32,3.4880697013476384e+32,1.577829208301114e+32,6.357900525068292e+31,32.90066127081135,77.44920992353184,5.666666666666666,5.054910326596184e+32
1,0.03613750746474279,0.08172668991755927,230.60442032594392,88.67509054594034,2460,2464,2460,2464,1.4615384615384615,4.7079969727405676e+32,3.140748554391066e+32,1.577829208301114e+32,6.357900525068292e+31,72.13394942787586,141.07007941312006,1.4615384615384615,9.20728051200507e+32
