,ampl,dur,ed,ederr,istart,istop,istart_no_sys_no_thruster,istop_no_sys_no_thruster,corrected,myenerg,myenerg_err,L_bol,L_bol_err,myed,ED_true,count_true,energ_true
0,0.0853860830958346,0.14302466488152274,448.8674233776526,90.15380840097653,58,65,58,65,4.428571428571429,7.240202820432942e+32,4.5160679359608505e+32,6.761763726573059e+31,2.257582772077468e+31,336.1082796548242,640.2733789345417,4.428571428571429,1.379230862378865e+33
1,0.018232958512593548,0.061294923936657135,67.79052170119553,13.958791822459846,1705,1708,1705,1708,5.8,3.489911593687203e+32,2.1434940879839014e+32,6.761763726573059e+31,2.257582772077468e+31,162.01040371290188,376.27156006769053,5.8,8.10537132036311e+32
