,ampl,dur,ed,ederr,istart,istop,istart_no_sys_no_thruster,istop_no_sys_no_thruster,corrected,myenerg,myenerg_err,L_bol,L_bol_err,myed,ED_true,count_true,energ_true
0,0.006160283042076335,0.04086329904384911,18.101957324956178,3.9511786831518787,1593,1595,1593,1595,3.0,9.429844744407905e+32,5.735367099326711e+32,6.699771504105753e+32,2.4682870386912345e+32,26.789566593674735,42.85715787808693,3.0,1.508558727756194e+33
1,0.008513770996240634,0.1225903616141295,29.507927615661067,5.622869824620137,2881,2887,2881,2887,1.7333333333333334,1.3134253933104213e+33,7.964795294007758e+32,6.699771504105753e+32,2.4682870386912345e+32,37.313548625261355,70.66502804991246,1.7333333333333334,2.4873871738083218e+33
