,ampl,dur,ed,ederr,istart,istop,istart_no_sys_no_thruster,istop_no_sys_no_thruster,corrected,myenerg,myenerg_err,L_bol,L_bol_err,myed,ED_true,count_true,energ_true
0,0.03667819914452318,0.04086346178519307,113.60793875855295,25.963996303420693,1362,1364,1362,1364,2.571428571428571,1.196832711054539e+32,6.531195013265716e+31,2.5945377341929524e+31,2.240303966236216e+31,173.499716584364,497.71361767835725,2.571428571428571,3.433319374242909e+32
1,0.3892883389760957,0.224748157459544,1901.0521715168668,326.1618613259698,1590,1601,1590,1601,1.5833333333333335,1.5940294189518316e+33,8.342657815430114e+32,2.5945377341929524e+31,2.240303966236216e+31,2310.7962362726425,2890.7722929716874,1.5833333333333335,1.9941074882138738e+33
