,ampl,dur,ed,ederr,istart,istop,istart_no_sys_no_thruster,istop_no_sys_no_thruster,corrected,myenerg,myenerg_err,L_bol,L_bol_err,myed,ED_true,count_true,energ_true
0,0.5045285061239623,0.040863391710445285,528.3849593507457,117.69414485117355,975,977,975,977,4.714285714285714,2.114823997973878e+33,1.3064164866330843e+33,6.761763726573059e+31,2.257582772077468e+31,981.7540659575518,1912.4604384508154,4.714285714285714,4.119684726201381e+33
1,0.11991206223699452,0.08172699959686723,496.0901539587178,98.77617862740023,2826,2830,2826,2830,3.666666666666667,1.067510663260779e+33,6.554111664485133e+32,6.761763726573059e+31,2.257582772077468e+31,495.56508490228407,1180.7523002447301,3.666666666666667,2.5434916816818965e+33
