,ampl,dur,ed,ederr,istart,istop,istart_no_sys_no_thruster,istop_no_sys_no_thruster,corrected,myenerg,myenerg_err,L_bol,L_bol_err,myed,ED_true,count_true,energ_true
0,0.007015151963834434,0.040863398120563936,22.93511446172784,5.283670344549986,2322,2324,2322,2324,4.333333333333333,8.227639578569204e+31,5.133829364809067e+31,6.761763726573059e+31,2.257582772077468e+31,38.194755768008676,113.50795435386367,4.333333333333333,2.4451067141172752e+32
