,ampl,dur,ed,ederr,istart,istop,istart_no_sys_no_thruster,istop_no_sys_no_thruster,corrected,myenerg,myenerg_err,L_bol,L_bol_err,myed,ED_true,count_true,energ_true
0,0.07213740712172961,0.1021597158833174,194.52276228399032,38.40460125944232,342,347,342,347,1.4545454545454546,2.427570799069396e+33,1.1760352379745862e+33,2.500690771102743e+32,4.606442633383174e+31,223.3407476889764,274.11670670869034,1.4545454545454546,2.979472933751315e+33
1,0.0021531972323927872,0.040863475755031686,6.875465268473017,1.7478920227539874,799,801,799,801,2.5,2.157331457131466e+32,1.1041061178548829e+32,2.500690771102743e+32,4.606442633383174e+31,19.847825687860276,43.18336105156903,2.5,4.6937546049790484e+32
2,0.03217815851374658,0.04086335003376007,71.52766198756132,16.103100663116788,1051,1053,1051,1053,1.5555555555555554,1.1125630946826857e+33,5.4297551308508106e+32,2.500690771102743e+32,4.606442633383174e+31,102.35774524592526,166.18368207710594,1.5555555555555554,1.8063101250740848e+33
3,0.018038002116447127,0.08172662796278019,48.651811454393254,10.292156464318747,2125,2129,2125,2129,1.4285714285714286,7.327135675261714e+32,3.615465450140579e+32,2.500690771102743e+32,4.606442633383174e+31,67.41092621310376,115.0392047797985,1.4285714285714286,1.250402432880309e+33
4,0.008212730990295477,0.040863663067284506,23.377495469476642,7.856938430132711,3230,3232,3230,3232,2.7142857142857144,4.519498473890662e+32,2.615151869686716e+32,2.500690771102743e+32,4.606442633383174e+31,41.580174251761264,80.80188119766999,2.7142857142857144,8.782646665914237e+32
