,ampl,dur,ed,ederr,istart,istop,istart_no_sys_no_thruster,istop_no_sys_no_thruster,corrected,myenerg,myenerg_err,L_bol,L_bol_err,myed,ED_true,count_true,energ_true
0,0.007645029187620333,0.08172667385952083,41.58195654721374,8.270557714067545,1417,1421,1417,1421,1.0,8.809098399769443e+33,3.7712415749750446e+33,3.2067122535507163e+33,5.168609482783076e+32,43.55184433319222,30.992067351974132,1.0,6.268670709491654e+33
