,ampl,dur,ed,ederr,istart,istop,istart_no_sys_no_thruster,istop_no_sys_no_thruster,corrected,myenerg,myenerg_err,L_bol,L_bol_err,myed,ED_true,count_true,energ_true
0,0.10837740836166533,0.08172693440428702,149.34097526564528,30.16289966391416,1200,1204,1200,1204,2.1,1.0434380679746379e+33,5.354030668156469e+32,1.091591113123216e+32,3.141851780902868e+31,271.1474166331229,432.26636568545564,2.1,1.66346110562999e+33
