,ampl,dur,ed,ederr,istart,istop,istart_no_sys_no_thruster,istop_no_sys_no_thruster,corrected,myenerg,myenerg_err,L_bol,L_bol_err,myed,ED_true,count_true,energ_true
0,0.0249175544276587,0.06129528785095317,74.42754801407874,14.95732789943484,2983,2986,2983,2986,2.6666666666666665,6.574964410222569e+32,3.289045140687878e+32,1.3742317915994988e+32,5.53749986589713e+31,127.07212746937937,154.75716669661747,2.6666666666666665,8.007443359302646e+32
1,0.10376416986575172,0.14302267417951953,296.37562398679336,56.635051539759424,3057,3064,3057,3064,1.8571428571428572,1.519404359466443e+33,7.672191165324107e+32,1.3742317915994988e+32,5.53749986589713e+31,293.65017420241037,479.7818267292228,1.8571428571428572,2.4824865202452553e+33
