,ampl,dur,ed,ederr,istart,istop,istart_no_sys_no_thruster,istop_no_sys_no_thruster,corrected,myenerg,myenerg_err,L_bol,L_bol_err,myed,ED_true,count_true,energ_true
0,3.413708106220302e-05,0.06129571171913995,0.1277255596258121,0.026449488584923686,487,490,487,490,,2.6803488222745226e+33,1.2534386003197177e+33,1.4258045337049768e+34,2.790580825107545e+33,2.920180613524266,5.477528244665463,,5.0276638066731375e+33
1,0.00010713951981806384,0.1634549917507684,0.4831750534086051,0.07428883821381978,566,573,566,573,5.333333333333333,6.79361273314846e+33,2.9356850282208166e+33,1.4258045337049768e+34,2.790580825107545e+33,7.401490445671499,18.121035530088758,5.333333333333333,1.6632771280146908e+34
2,6.0736894917306285e-05,0.08172673312219557,0.2264978049325527,0.03239695847416992,1317,1321,1317,1321,,3.165275562156646e+33,1.3175041816846014e+33,1.4258045337049768e+34,2.790580825107545e+33,3.4484975448935313,5.477528244665463,,5.0276638066731375e+33
3,0.0001971673132279264,0.14302156997291604,1.800626349681603,0.16326334220776928,1708,1715,1708,1715,,5.535784459307824e+33,2.065497102937282e+33,1.4258045337049768e+34,2.790580825107545e+33,6.031114429726244,11.47929759210879,,1.0536513268750896e+34
4,0.004162315262714871,0.06129489820887104,19.920899079450688,152.3146718088859,1817,1820,1817,1820,,5.427607862088105e+33,3.7504284787762525e+34,1.4258045337049768e+34,2.790580825107545e+33,5.913258425532737,11.47929759210879,,1.0536513268750896e+34
