,ampl,dur,ed,ederr,istart,istop,istart_no_sys_no_thruster,istop_no_sys_no_thruster,corrected,myenerg,myenerg_err,L_bol,L_bol_err,myed,ED_true,count_true,energ_true
0,0.000877688501905404,0.08172664033190813,1.7955306909687423,2.772784399500136,1216,1219,1216,1219,19.0,7.543313774173894e+31,1.2596135026234068e+32,1.091591113123216e+32,3.141851780902868e+31,19.60202627732783,58.718273132312916,19.0,2.2596151655351298e+32
1,0.0144060625142983,0.10215816060372164,71.85772503152026,14.061843413676762,2113,2118,2113,2118,1.1666666666666667,4.32586569639376e+32,2.2109658614810224e+32,1.091591113123216e+32,3.141851780902868e+31,112.4117802751589,214.72268392040354,1.1666666666666667,8.263026262329699e+32
2,-0.0012228928413192382,0.06129489783052122,-14.824165191171627,20.73680269426087,2123,2126,2123,2126,19.0,5.461657032310923e+31,8.432277727105676e+31,1.091591113123216e+32,3.141851780902868e+31,14.192641042144064,58.718273132312916,19.0,2.2596151655351298e+32
