,ampl,dur,ed,ederr,istart,istop,istart_no_sys_no_thruster,istop_no_sys_no_thruster,corrected,myenerg,myenerg_err,L_bol,L_bol_err,myed,ED_true,count_true,energ_true
0,0.5814837839556805,0.10215930831327567,1074.8523470950042,209.4800243740736,752,757,752,757,4.5,4.684756700471495e+32,2.3234627505657898e+32,1.2304387258962846e+31,7.082974670228428e+30,1639.687992441407,3793.9156924916124,4.5,1.083960609784069e+33
