,ampl,dur,ed,ederr,istart,istop,istart_no_sys_no_thruster,istop_no_sys_no_thruster,corrected,myenerg,myenerg_err,L_bol,L_bol_err,myed,ED_true,count_true,energ_true
0,0.0014830585786430714,0.04086340660433052,3.601502952866437,5.734205273590902,1515,1517,1867.0,1869.0,11.0,1.6247151323527464e+32,9.692203715507795e+31,3.388909656562385e+31,2.926219821264045e+31,165.49384644118788,221.75759802620453,11.0,2.1770774743302046e+32
1,0.023029219179251777,0.0612948906418751,97.08377389629257,20.679812721115283,1867,1869,2326.0,2332.0,10.0,4.4042340432918864e+32,2.6145083656974415e+32,3.388909656562385e+31,2.926219821264045e+31,448.61626382227337,741.6315542994301,10.0,7.280874998145478e+32
2,0.06541572796360026,0.12258987480890934,205.61898779259312,37.98010738571344,2326,2332,2337.0,2339.0,3.75,1.856962871190768e+32,1.3293632699778902e+32,3.388909656562385e+31,2.926219821264045e+31,189.15065301743624,389.50709417094987,3.75,3.8239371654412686e+32
