,ampl,dur,ed,ederr,istart,istop,istart_no_sys_no_thruster,istop_no_sys_no_thruster,corrected,myenerg,myenerg_err,L_bol,L_bol_err,myed,ED_true,count_true,energ_true
0,0.01659703116776231,0.040863300440832966,36.94827585328163,8.08619162064352,1132,1134,1132,1134,10.666666666666666,3.49210385673105e+32,1.7525606767408776e+32,1.577829208301114e+32,6.357900525068292e+31,53.504546510295434,69.61332847262743,10.666666666666666,4.5434825392337554e+32
1,0.0175774205885934,0.040863301830540884,42.66856810753148,9.418287439638023,1465,1467,1465,1467,2.7272727272727275,3.7202187492892456e+32,1.8727527015445156e+32,1.577829208301114e+32,6.357900525068292e+31,56.999626948709505,112.50142447367767,2.7272727272727275,7.342678032355076e+32
