,ampl,dur,ed,ederr,istart,istop,istart_no_sys_no_thruster,istop_no_sys_no_thruster,corrected,myenerg,myenerg_err,L_bol,L_bol_err,myed,ED_true,count_true,energ_true
0,-0.0007092877713219896,0.04086356027255533,-3.0236555523385227,4.817553781244749,1130,1132,1130,1132,,6.114723807595827e+31,1.0619975811827266e+32,6.761763726573059e+31,2.257582772077468e+31,28.3860735742833,93.73546228590658,,2.019181911001952e+32
