,ampl,dur,ed,ederr,istart,istop,istart_no_sys_no_thruster,istop_no_sys_no_thruster,corrected,myenerg,myenerg_err,L_bol,L_bol_err,myed,ED_true,count_true,energ_true
0,0.04438601546259244,0.04086336318141548,89.30365194803859,20.18585370662553,2864,2866,2864,2866,1.7272727272727273,4.561213513232133e+32,2.3582461014183765e+32,1.091591113123216e+32,3.141851780902868e+31,118.52751962803072,315.2278346806388,1.7272727272727273,1.2130697274392321e+33
1,0.035307094671891484,0.04086349321732996,78.64813381306186,17.19393559165107,2928,2930,2928,2930,5.666666666666666,6.645851122602516e+32,3.395798255948165e+32,1.091591113123216e+32,3.141851780902868e+31,172.6988326887276,173.48870743129643,5.666666666666666,6.676247332367742e+32
