,ampl,dur,ed,ederr,istart,istop,istart_no_sys_no_thruster,istop_no_sys_no_thruster,corrected,myenerg,myenerg_err,L_bol,L_bol_err,myed,ED_true,count_true,energ_true
0,0.4930632363765828,0.06129496797075262,996.7231998238617,209.7444519757658,2403,2406,2403,2406,4.75,7.392211813476021e+32,4.001739737418798e+32,2.5945377341929524e+31,2.240303966236216e+31,1071.617313533831,3106.385204267019,4.75,2.1428412096539755e+33
