,ampl,dur,ed,ederr,istart,istop,istart_no_sys_no_thruster,istop_no_sys_no_thruster,corrected,myenerg,myenerg_err,L_bol,L_bol_err,myed,ED_true,count_true,energ_true
0,0.0015172257662136378,0.04086325735988794,4.591900560961808,1.2008698954730879,1316,1318,1316,1318,7.5,9.77894929764371e+31,5.3392416158903215e+31,1.091591113123216e+32,3.141851780902868e+31,25.411540184547228,60.00281641957446,7.5,2.3090473667536842e+32
1,0.0020603951391111827,0.040863243397325284,5.458574713428347,1.5740217653010538,1363,1365,1363,1365,,1.075823225199456e+32,6.109674670738836e+31,1.091591113123216e+32,3.141851780902868e+31,27.956301118375258,40.586426152016,,1.5618596930007249e+32
2,0.004139496074369136,0.08172656175884185,23.43409605313282,114.96300371343678,1408,1412,1408,1412,,8.583437738045362e+31,4.05167908060942e+32,1.091591113123216e+32,3.141851780902868e+31,22.30488842543193,30.752625018023174,,1.1834322462814401e+32
3,0.0058536590980494355,0.1021583051624475,36.61912743024248,7.028526793621175,1442,1447,1442,1447,1.5454545454545454,2.9365646671370092e+32,1.490825288847033e+32,1.091591113123216e+32,3.141851780902868e+31,76.30945694897343,166.71865753841652,1.5454545454545454,6.415720130300512e+32
4,0.0037782661245035773,0.04086340555659263,9.8910296137612,2.55237129089366,1513,1515,1513,1514,,5.6809676421222435e+31,3.4823733765341787e+31,1.091591113123216e+32,3.141851780902868e+31,14.76254075268462,30.752625018023174,,1.1834322462814401e+32
