,ampl,dur,ed,ederr,istart,istop,istart_no_sys_no_thruster,istop_no_sys_no_thruster,corrected,myenerg,myenerg_err,L_bol,L_bol_err,myed,ED_true,count_true,energ_true
0,0.3601490033618683,0.061295189247175585,745.2907950656595,147.9152547027494,1093,1096,1093,1096,4.285714285714286,9.091790561466651e+32,5.096531751772044e+32,1.950113960413546e+31,6.95997016907608e+30,1822.617787935286,14293.491300168265,4.285714285714286,7.130042851194299e+33
1,0.0480054653035462,0.12259036731848028,381.72108392452094,390.5490340013593,1100,1106,1100,1106,9.666666666666666,2.1662962297661218e+32,2.893994940624843e+32,1.950113960413546e+31,6.95997016907608e+30,434.27419666296737,1497.2746187171686,9.666666666666666,7.46887654476226e+32
