,ampl,dur,ed,ederr,istart,istop,istart_no_sys_no_thruster,istop_no_sys_no_thruster,corrected,myenerg,myenerg_err,L_bol,L_bol_err,myed,ED_true,count_true,energ_true
0,0.010074088786519808,0.04086405352427391,28.059833828973733,5.934209744757668,187,189,187,189,5.666666666666666,2.86449863180554e+32,1.4290211393895918e+32,1.3742317915994988e+32,5.53749986589713e+31,55.361202367988895,135.15467319496145,5.666666666666666,6.993171388794676e+32
1,0.03565130996729318,0.10215953311126214,259.5882184439755,45.716299274831435,483,488,483,488,1.6,2.4520314029018316e+33,1.194049625195873e+33,1.3742317915994988e+32,5.53749986589713e+31,473.8958685525649,1001.5080857195596,1.6,5.182001868775668e+33
2,0.32615156412519153,0.1225904378661653,449.5094012182849,87.31878240524031,1035,1041,1035,1041,3.0,4.0192248555383115e+33,2.033891664127961e+33,1.3742317915994988e+32,5.53749986589713e+31,776.7820801843297,685.3447089491726,3.0,3.5461097250937236e+33
3,0.036299537271070124,0.12259041015204275,278.76355485669546,52.544287178147485,1056,1060,1056,1060,2.2222222222222223,1.7985229720812362e+33,8.89887602865091e+32,1.3742317915994988e+32,5.53749986589713e+31,347.59449041211997,638.4738622684675,2.2222222222222223,3.303590649557749e+33
4,0.14794289613818964,0.06129499460075749,369.04006176978,75.90971514416559,1452,1455,1452,1455,2.2222222222222223,1.7853855189405486e+33,9.004308100070144e+32,1.3742317915994988e+32,5.53749986589713e+31,345.05545899543137,638.4738622684675,2.2222222222222223,3.303590649557749e+33
5,0.0158426184816952,0.10215832544781732,127.6378082000488,25.191165003166024,2512,2516,2512,2516,2.571428571428571,9.260921880933477e+32,4.655697782962457e+32,1.3742317915994988e+32,5.53749986589713e+31,178.9827248202713,379.6119947775131,2.571428571428571,1.9641879026202587e+33
6,0.04673235598767573,0.06129511800099863,180.73263859903648,40.73830524858359,2764,2766,2764,2766,2.1666666666666665,1.2833235807904718e+33,6.548037592704176e+32,1.3742317915994988e+32,5.53749986589713e+31,248.02363551827494,552.4426515563948,2.1666666666666665,2.858448068045102e+33
