,ampl,dur,ed,ederr,istart,istop,istart_no_sys_no_thruster,istop_no_sys_no_thruster,corrected,myenerg,myenerg_err,L_bol,L_bol_err,myed,ED_true,count_true,energ_true
0,0.08169483470679953,0.040863943628210116,181.58481551283265,39.524620300428296,306,308,306,308,1.75,7.388594776530388e+32,3.7243644044468215e+32,8.357184523416163e+31,2.79025363293769e+31,253.68688069550305,471.954247327014,1.75,1.3745601179696795e+33
1,0.01989417515166476,0.04086393431498436,20.607761189107894,13.315161643224606,317,319,317,319,17.0,2.373261727709005e+32,2.0265390330461097e+32,8.357184523416163e+31,2.79025363293769e+31,81.48577408642808,165.59066442800452,17.0,4.8228048485624294e+32
2,0.07626731459606358,0.040863695670850575,192.112791773054,42.04470750780967,637,639,637,639,1.5,7.216619185615637e+32,3.644685698122974e+32,8.357184523416163e+31,2.79025363293769e+31,247.7821109071379,376.11851781245036,1.5,1.0954399015221461e+33
3,0.020702909957977463,0.04086344665120123,56.97706928177797,12.395020821470807,888,890,890,890,3.75,8.593565079351958e+31,6.479571168445105e+31,8.357184523416163e+31,2.79025363293769e+31,29.505945108257013,220.2976867069946,3.75,6.4161391902592046e+32
4,0.014247733637305204,0.04086336516047595,42.17451160914712,14.087960447871485,1819,1821,1819,1821,10.0,3.051512227304132e+32,1.82812767002917e+32,8.357184523416163e+31,2.79025363293769e+31,104.77345716779115,174.06847714584518,10.0,5.069719953481179e+32
5,0.016282371193576468,0.04086338547494961,47.312413722015066,10.444080123322806,2307,2309,2307,2309,6.0,2.0941463475051895e+32,1.0608654608909231e+32,8.357184523416163e+31,2.79025363293769e+31,71.90236718705877,151.4836631571729,6.0,4.411940417510983e+32
