,ampl,dur,ed,ederr,istart,istop,istart_no_sys_no_thruster,istop_no_sys_no_thruster,corrected,myenerg,myenerg_err,L_bol,L_bol_err,myed,ED_true,count_true,energ_true
0,0.04594805077639226,0.04086332118458813,123.60273274050449,27.213311694225503,2548,2550,2548,2550,4.625,4.2718559840187675e+32,2.629922986588189e+32,6.761763726573059e+31,2.257582772077468e+31,198.31021330917042,510.4039280273467,4.625,1.0994754318634373e+33
