,ampl,dur,ed,ederr,istart,istop,istart_no_sys_no_thruster,istop_no_sys_no_thruster,corrected,myenerg,myenerg_err,L_bol,L_bol_err,myed,ED_true,count_true,energ_true
0,0.05251722040265258,0.14302232853515304,176.89917792942313,32.34334197402326,980,987,980,987,1.2727272727272727,7.596241464667657e+32,3.778166984360507e+32,8.357184523416163e+31,2.79025363293769e+31,260.81641509189774,380.12844746107913,1.2727272727272727,1.1071187653147419e+33
