,ampl,dur,ed,ederr,istart,istop,istart_no_sys_no_thruster,istop_no_sys_no_thruster,corrected,myenerg,myenerg_err,L_bol,L_bol_err,myed,ED_true,count_true,energ_true
0,0.06214229732365464,0.0817265108198626,107.93378627452664,22.55571915227691,1976,1979,1976,1979,1.6,8.76853562517153e+32,4.447196776996745e+32,1.3742317915994988e+32,5.53749986589713e+31,169.4665411343075,266.8777897941851,1.6,1.380878721967145e+33
1,0.0474892562275968,0.04086316419852665,51.319681559261426,11.528184095905692,2094,2096,2094,2096,2.4,4.914686672305878e+32,2.5045758055336868e+32,1.3742317915994988e+32,5.53749986589713e+31,94.98449760797592,181.77479467934995,2.4,9.405389124221908e+32
