,ampl,dur,ed,ederr,istart,istop,istart_no_sys_no_thruster,istop_no_sys_no_thruster,corrected,myenerg,myenerg_err,L_bol,L_bol_err,myed,ED_true,count_true,energ_true
0,0.023071770712829717,0.04086357296910137,62.691188920232115,14.764508153009348,3312,3314,3312,3314,34.0,1.4062984665004457e+32,8.647616937935965e+31,3.388909656562385e+31,2.926219821264045e+31,143.24587604996424,538.4183282872775,34.0,5.285854575960206e+32
