,ampl,dur,ed,ederr,istart,istop,istart_no_sys_no_thruster,istop_no_sys_no_thruster,corrected,myenerg,myenerg_err,L_bol,L_bol_err,myed,ED_true,count_true,energ_true
0,0.1609593818855026,0.0612951840084861,499.49519983604796,98.81318099284752,1223,1226,1223,1226,5.714285714285714,2.1615780433455437e+33,1.3125010887382115e+33,6.761763726573059e+31,2.257582772077468e+31,1003.4584603599099,1971.686159656272,5.714285714285714,4.247264515117707e+33
1,0.028198201118558294,0.12259015940071548,247.529568195108,202.414809061984,1230,1236,1230,1236,9.0,5.506756397802228e+32,6.569303915544143e+32,6.761763726573059e+31,2.257582772077468e+31,255.63737166589866,774.8466619865155,9.0,1.6691189497858296e+33
2,0.14844185473779145,0.10215864474594127,503.7360923724744,98.69955218901535,2742,2746,2742,2746,6.75,1.351332192822499e+33,8.25830186670848e+32,6.761763726573059e+31,2.257582772077468e+31,627.322120438322,1551.4517775301806,6.75,3.3420258337508314e+33
