,ampl,dur,ed,ederr,istart,istop,istart_no_sys_no_thruster,istop_no_sys_no_thruster,corrected,myenerg,myenerg_err,L_bol,L_bol_err,myed,ED_true,count_true,energ_true
0,0.005665002893042408,0.04086357959749876,17.01892849606323,4.130243660834525,3118,3120,3118,3120,6.5,5.0265938102937505e+31,3.1203972167974664e+31,3.388909656562385e+31,2.926219821264045e+31,51.20099687619391,145.4855513768262,6.5,1.4282861988141234e+32
