,ampl,dur,ed,ederr,istart,istop,istart_no_sys_no_thruster,istop_no_sys_no_thruster,corrected,myenerg,myenerg_err,L_bol,L_bol_err,myed,ED_true,count_true,energ_true
0,0.11308487062969927,0.10215835079725366,189.47138922163867,38.11326424089065,1459,1464,1459,1464,2.6666666666666665,5.50141778400588e+32,3.4081428030244176e+32,6.761763726573059e+31,2.257582772077468e+31,255.3895398933179,513.3720316763724,2.6666666666666665,1.1058691072686023e+33
1,0.030596904686353375,0.04086339288187446,83.9672980913402,20.578485504011226,2386,2388,2386,2388,5.0,2.5372773472508933e+32,1.6136531233822571e+32,6.761763726573059e+31,2.257582772077468e+31,117.78674511505727,260.625161839299,5.0,5.61419978633841e+32
