,ampl,dur,ed,ederr,istart,istop,istart_no_sys_no_thruster,istop_no_sys_no_thruster,corrected,myenerg,myenerg_err,L_bol,L_bol_err,myed,ED_true,count_true,energ_true
0,0.0036653391950790116,0.0408636705178651,9.863572549174132,3.00334510215685,644,646,644,646,11.666666666666666,1.2063292164699676e+32,6.935918953355584e+31,8.357184523416163e+31,2.79025363293769e+31,41.41922859137025,107.56669422673818,11.666666666666666,3.132864864408448e+32
1,0.011207080551849774,0.040863396010536235,34.43874353941612,10.715929397724842,1538,1540,1538,1540,13.333333333333334,1.7006589649513887e+32,9.870746930630988e+31,8.357184523416163e+31,2.79025363293769e+31,58.39200565116906,119.49273837593914,13.333333333333334,3.480209225551121e+32
2,0.02682587780502198,0.061295116662222426,95.55882604996599,18.871217261264373,2727,2730,2727,2730,3.230769230769231,4.738628484258662e+32,2.3568605723273154e+32,8.357184523416163e+31,2.79025363293769e+31,162.7004748947603,292.3542000861884,3.230769230769231,8.514775023964502e+32
