,ampl,dur,ed,ederr,istart,istop,istart_no_sys_no_thruster,istop_no_sys_no_thruster,corrected,myenerg,myenerg_err,L_bol,L_bol_err,myed,ED_true,count_true,energ_true
0,0.5870609303203058,0.06129499023518292,1592.3849818483027,328.76500151783404,2029,2032,2029,2032,15.333333333333334,1.0927847435848401e+33,5.878137743739728e+32,2.5945377341929524e+31,2.240303966236216e+31,1584.1632798674966,4178.296608557266,15.333333333333334,2.882265260172909e+33
1,0.9685638055646556,0.08172671932697995,2834.9662563677557,628.1343447955446,2470,2471,2470,2471,23.5,1.4685325527924498e+33,7.933452257738749e+32,2.5945377341929524e+31,2.240303966236216e+31,2128.8687997164207,2352.5738931091973,23.5,1.622848409136687e+33
