,ampl,dur,ed,ederr,istart,istop,istart_no_sys_no_thruster,istop_no_sys_no_thruster,corrected,myenerg,myenerg_err,L_bol,L_bol_err,myed,ED_true,count_true,energ_true
0,0.1716163011848914,0.0612950788854505,577.1666384530781,120.0234750999745,1305,1308,1305,1308,2.111111111111111,5.664992562430857e+32,3.4143955620970544e+32,3.388909656562385e+31,2.926219821264045e+31,577.0374083115611,1658.604990592255,2.111111111111111,1.6283146985580928e+33
