,ampl,dur,ed,ederr,istart,istop,istart_no_sys_no_thruster,istop_no_sys_no_thruster,corrected,myenerg,myenerg_err,L_bol,L_bol_err,myed,ED_true,count_true,energ_true
0,0.022333231960322844,0.10216013125318567,103.07578099144608,151.65133413872886,199,204,199,204,3.75,1.3800889042426456e+32,2.4551014184749068e+32,6.761763726573059e+31,2.257582772077468e+31,64.0671703376356,159.9253942767964,3.75,3.4449978200205045e+32
1,0.07888014176339625,0.20431758435006486,397.2552105404765,70.35138018745947,2976,2986,2976,2986,1.1111111111111112,9.636820553855284e+32,5.8276316615819075e+32,6.761763726573059e+31,2.257582772077468e+31,447.3652545419807,499.9237559715063,1.1111111111111112,1.0768997989884472e+33
