,ampl,dur,ed,ederr,istart,istop,istart_no_sys_no_thruster,istop_no_sys_no_thruster,corrected,myenerg,myenerg_err,L_bol,L_bol_err,myed,ED_true,count_true,energ_true
0,0.07311393256003225,0.040863535010430496,103.6086652170454,22.87893918590297,885,887,885,886,4.125,4.90112570296602e+32,2.4840342601122426e+32,8.357184523416163e+31,2.79025363293769e+31,168.27980544168776,213.30812247579343,4.125,6.212569113528027e+32
1,0.13955322136662388,0.10215838176372928,532.2892097103247,120.26686436805358,2569,2570,2569,2570,2.692307692307692,1.0178319942394437e+33,5.2010615957670566e+32,8.357184523416163e+31,2.79025363293769e+31,349.4718975668887,637.5256797562591,2.692307692307692,1.8567845898995992e+33
