,ampl,dur,ed,ederr,istart,istop,istart_no_sys_no_thruster,istop_no_sys_no_thruster,corrected,myenerg,myenerg_err,L_bol,L_bol_err,myed,ED_true,count_true,energ_true
0,0.000512487386844792,0.040863973896193784,0.9047061150574728,0.21480290404567112,321,323,321,323,,2.9343228276159523e+32,1.8089672397010357e+32,3.388909656562385e+31,2.926219821264045e+31,298.89077892635396,627.2812479362807,,6.1582551718946864e+32
1,0.0705956618487356,0.040863818365323816,209.7503694777549,51.04675734498791,516,518,516,518,,2.9465091804883875e+32,1.8307722135812676e+32,3.388909656562385e+31,2.926219821264045e+31,300.1320835531093,627.2812479362807,,6.1582551718946864e+32
2,0.034253029446982185,0.04086365456896601,106.8830280974068,29.621646620460442,922,924,922,924,,1.4775822303832344e+32,9.588185763510854e+31,3.388909656562385e+31,2.926219821264045e+31,150.50685616817418,247.90824355478918,,2.433808165076359e+32
3,0.044316286569206026,0.040863522204745095,134.0510510626365,32.05743323810728,983,985,983,985,17.5,2.193637924277267e+32,1.3554176930748557e+32,3.388909656562385e+31,2.926219821264045e+31,223.44444915841956,552.6431652884378,17.5,5.4255051335369766e+32
4,-0.011923032568248192,0.061295147803321015,-161.80200671469632,165.9401072851569,1178,1181,1178,1181,,1.382433335344254e+32,1.812093673762378e+32,3.388909656562385e+31,2.926219821264045e+31,140.8149684574792,247.90824355478918,,2.433808165076359e+32
5,0.18351537325289605,0.18388512769161025,1629.828508974956,294.9361430557338,1371,1380,1371,1380,9.5,8.291779666375264e+32,4.92781356709254e+32,3.388909656562385e+31,2.926219821264045e+31,844.6025297026295,2003.4542166233666,9.5,1.9668661117745286e+33
6,0.07850921367673841,0.061295036743103985,255.55961249429527,63.280806385647715,1387,1390,1387,1390,,2.894045507178767e+32,1.843704482809349e+32,3.388909656562385e+31,2.926219821264045e+31,294.7881220662301,627.2812479362807,,6.1582551718946864e+32
7,0.2352978930346089,0.12259013018046973,870.6497028580386,192.3972831047488,1435,1437,1435,1437,20.5,7.513504256006956e+32,4.53106697170699e+32,3.388909656562385e+31,2.926219821264045e+31,765.3272224886623,1921.7830228236487,20.5,1.886686439057289e+33
8,0.4322660925130893,0.06129530275211436,1009.4269915767427,206.22337156974706,2924,2927,2924,2927,3.2,1.3976875695824992e+33,8.379874306202667e+32,3.388909656562385e+31,2.926219821264045e+31,1423.6876816570646,4839.9443754894155,3.2,4.7515548376583937e+33
