,ampl,dur,ed,ederr,istart,istop,istart_no_sys_no_thruster,istop_no_sys_no_thruster,corrected,myenerg,myenerg_err,L_bol,L_bol_err,myed,ED_true,count_true,energ_true
0,0.07350104776343337,0.18388845809386112,383.83549651821573,69.16090277408202,162,171,162,171,2.3333333333333335,4.1029291586943956e+32,2.435347907674768e+32,3.388909656562385e+31,2.926219821264045e+31,417.92528094741766,218.57970597607397,2.3333333333333335,2.1458789167169736e+32
1,0.03952885495663947,0.04086346981785026,86.31634353238987,19.01740614239009,1088,1090,1088,1090,1.6666666666666667,2.1745398330071535e+32,1.3101999994398139e+32,3.388909656562385e+31,2.926219821264045e+31,221.4991133139758,371.9408142462655,1.6666666666666667,3.651482410013722e+32
2,-0.2063498127940397,0.08172680796997156,-1616.3580164264913,1917.3398463535987,1397,1401,1397,1401,3.8000000000000003,9.583971242760148e+31,1.4218821250260104e+32,3.388909656562385e+31,2.926219821264045e+31,97.62254524270341,225.7245698285407,3.8000000000000003,2.2160227236882384e+32
