,ampl,dur,ed,ederr,istart,istop,istart_no_sys_no_thruster,istop_no_sys_no_thruster,corrected,myenerg,myenerg_err,L_bol,L_bol_err,myed,ED_true,count_true,energ_true
0,0.012888336858579541,0.040863367372367065,40.158826905458795,14.081212935352099,1727,1729,1727,1729,5.0,2.0627813639258495e+32,1.4896749931733476e+32,6.761763726573059e+31,2.257582772077468e+31,95.75945767382395,419.39246296147303,5.0,9.034250796559907e+32
