,ampl,dur,ed,ederr,istart,istop,istart_no_sys_no_thruster,istop_no_sys_no_thruster,corrected,myenerg,myenerg_err,L_bol,L_bol_err,myed,ED_true,count_true,energ_true
0,0.12222305468608535,0.0408638542285189,167.5182478447154,36.76833819874711,437,439,437,439,9.0,1.4788054746320222e+33,7.47622651328328e+32,8.357184523416163e+31,2.79025363293769e+31,507.7468170354837,1069.2773420884396,9.0,3.114255243612599e+33
1,0.13036699031695034,0.3473402920790249,1069.4635460273807,172.2635919715243,888,905,890,905,5.0,3.371224145811936e+33,1.641434702755346e+33,8.357184523416163e+31,2.79025363293769e+31,1157.5074334743824,2365.16101818054,5.0,6.888498252914111e+33
2,0.6557495749306934,0.040863477042876184,939.2137394014419,207.85497034486232,1045,1046,1045,1046,3.166666666666667,4.3049787278607867e+33,2.1861393177918648e+33,8.357184523416163e+31,2.79025363293769e+31,1478.111410847118,3004.611840630135,3.166666666666667,8.750889793874428e+33
