,ampl,dur,ed,ederr,istart,istop,istart_no_sys_no_thruster,istop_no_sys_no_thruster,corrected,myenerg,myenerg_err,L_bol,L_bol_err,myed,ED_true,count_true,energ_true
0,10.376988809429072,0.18388487018819435,46811.641727771486,9346.431744201873,2285,2290,2285,2290,2.75,9.957591520382085e+33,5.685299791786943e+33,1.950113960413546e+31,6.95997016907608e+30,19961.83623824508,25690.762083293073,2.75,1.2815359850644814e+34
