,ampl,dur,ed,ederr,istart,istop,istart_no_sys_no_thruster,istop_no_sys_no_thruster,corrected,myenerg,myenerg_err,L_bol,L_bol_err,myed,ED_true,count_true,energ_true
0,0.08272287622240536,0.04086340264620958,114.26055790084858,25.43072477719317,2814,2815,2814,2815,5.5,5.611564475926109e+32,2.858823291572342e+32,8.357184523416163e+31,2.79025363293769e+31,192.67267061949894,355.25031534514375,5.5,1.0346615548757585e+33
