,ampl,dur,ed,ederr,istart,istop,istart_no_sys_no_thruster,istop_no_sys_no_thruster,corrected,myenerg,myenerg_err,L_bol,L_bol_err,myed,ED_true,count_true,energ_true
0,0.1387856943483939,0.2043208640316152,693.0922504032135,120.00498873483231,123,133,123,133,4.428571428571429,5.6552996603205134e+32,2.9644562029014095e+32,2.5945377341929524e+31,2.240303966236216e+31,819.824591358906,2045.749839914446,4.428571428571429,1.4111955772870988e+33
1,0.3383647260260936,0.08172662118158769,1041.8224448272097,231.7658803862173,2075,2076,2075,2076,7.666666666666667,5.1382399499304656e+32,2.779542560757478e+32,2.5945377341929524e+31,2.240303966236216e+31,744.8686577674664,1898.9690588009432,7.666666666666667,1.30994351552632e+33
