,ampl,dur,ed,ederr,istart,istop,istart_no_sys_no_thruster,istop_no_sys_no_thruster,corrected,myenerg,myenerg_err,L_bol,L_bol_err,myed,ED_true,count_true,energ_true
0,0.04218225140390092,0.04086420253588585,88.27478683819929,19.420131203035094,66,68,66,68,1.5,4.050786004765979e+32,2.0495887430771054e+32,8.357184523416163e+31,2.79025363293769e+31,139.0834518599281,246.27403926378005,1.5,7.17269681077229e+32
1,0.4221286533854326,0.1430227315722732,904.8582933671727,175.4169455424328,836,842,836,837,1.4615384615384615,3.129780086173844e+33,1.5869161102792326e+33,8.357184523416163e+31,2.79025363293769e+31,1074.607785835553,715.538327566117,1.4615384615384615,2.083995331161017e+33
