,ampl,dur,ed,ederr,istart,istop,istart_no_sys_no_thruster,istop_no_sys_no_thruster,corrected,myenerg,myenerg_err,L_bol,L_bol_err,myed,ED_true,count_true,energ_true
0,0.06058687545266207,0.040863498456019436,167.49170980097534,43.13742920725173,1146,1147,1146,1147,23.0,1.9985475165197912e+32,1.3411674820876413e+32,3.388909656562385e+31,2.926219821264045e+31,203.57249662923323,707.1736795792464,23.0,6.942589124135697e+32
1,0.18677403007891089,0.14302214309282135,373.290867157739,71.88079447091056,1201,1208,1201,1208,12.333333333333332,5.283007187537187e+32,3.1843278847717006e+32,3.388909656562385e+31,2.926219821264045e+31,538.1282926662299,1598.9087600864973,12.333333333333332,1.569708671123961e+33
2,1.0775454412393142,0.3473379723873222,1891.5153141516143,355.07196079205596,1894,1905,1894,1905,33.0,4.751835837098649e+33,2.8622802502870444e+33,3.388909656562385e+31,2.926219821264045e+31,4840.230602147182,3034.669605860481,33.0,2.9792489185298063e+33
3,0.04719363297387128,0.061295433020859484,177.5910934479881,40.29052831225607,3292,3295,3292,3295,23.0,1.8533609577068217e+32,1.14742184082958e+32,3.388909656562385e+31,2.926219821264045e+31,188.78376130507587,707.1736795792464,23.0,6.942589124135697e+32
