,ampl,dur,ed,ederr,istart,istop,istart_no_sys_no_thruster,istop_no_sys_no_thruster,corrected,myenerg,myenerg_err,L_bol,L_bol_err,myed,ED_true,count_true,energ_true
0,0.3816507723938863,0.08172785001079319,749.0700228419263,150.3575172687556,326,330,326,330,1.4166666666666665,2.2960604092227883e+33,1.4130134690809124e+33,6.761763726573059e+31,2.257582772077468e+31,1065.8885300139648,1307.288700143503,1.4166666666666665,2.816067293438736e+33
1,0.009617201336663885,0.040863427908334415,30.339766504851195,5.862592140391063,1137,1139,1137,1139,,1.3306447389448014e+32,7.899320050118831e+31,6.761763726573059e+31,2.257582772077468e+31,61.77184881841973,208.83576033813173,,4.4985897478044984e+32
2,0.5869140762807272,0.12258978972386105,2638.848559246563,590.6057419414623,2135,2137,2135,2137,1.4444444444444444,2.3688821909899652e+33,1.4654261381496347e+33,6.761763726573059e+31,2.257582772077468e+31,1099.6942180564183,811.3647454762444,1.4444444444444444,1.747783578741317e+33
3,0.17906619571102592,0.04086332642327761,381.76487904689867,84.37599007022338,2494,2496,2494,2496,1.5,1.279971189891817e+33,7.888870077486481e+32,6.761763726573059e+31,2.257582772077468e+31,594.1945623790574,1123.1563959799266,1.5,2.4194227271974452e+33
4,0.022311852755377424,0.04085782929178095,57.73806932559333,12.724093848152688,2987,2989,2987,2989,8.0,2.1463475809926103e+32,1.3217417722929674e+32,6.761763726573059e+31,2.257582772077468e+31,99.63880997267171,240.87580804100043,8.0,5.1887734111862825e+32
