,ampl,dur,ed,ederr,istart,istop,istart_no_sys_no_thruster,istop_no_sys_no_thruster,corrected,myenerg,myenerg_err,L_bol,L_bol_err,myed,ED_true,count_true,energ_true
0,-0.006579671679441629,0.04086339321656851,-34.690899544481375,78.90400161415106,1279,1281,1281,1281,,2.025286681504453e+31,1.1965858904206138e+32,6.761763726573059e+31,2.257582772077468e+31,9.401886096439283,55.233471879305206,,1.1897997255335073e+32
1,0.04922691134934033,0.040863582624297116,90.55939138492823,20.03875633699101,3165,3167,3165,3167,2.375,2.976756362477712e+32,1.8353063384192027e+32,6.761763726573059e+31,2.257582772077468e+31,138.18845752778353,261.5902014997295,2.375,5.634987976615824e+32
