,ampl,dur,ed,ederr,istart,istop,istart_no_sys_no_thruster,istop_no_sys_no_thruster,corrected,myenerg,myenerg_err,L_bol,L_bol_err,myed,ED_true,count_true,energ_true
0,0.033181186098395064,0.04086332243605284,96.47185700574123,144.10731788818032,1474,1476,1474,1476,,2.1127398109431693e+32,3.4977171185800435e+32,6.761763726573059e+31,2.257582772077468e+31,98.07865343362091,322.341507586666,,6.943648918046189e+32
1,0.013465266234963837,0.04086371114681242,45.936592738866956,12.184470207971644,3159,3161,3159,3161,25.0,1.1776413724078446e+32,7.683466265471465e+31,6.761763726573059e+31,2.257582772077468e+31,54.66905079140839,190.69079818914346,25.0,4.107724023631707e+32
2,3.511152306352641e-14,0.04086368250864325,-5.2227015161772,1.2535835835699185,3277,3279,3277,3279,,2.1810906708667358e+32,1.3781301941119478e+32,6.761763726573059e+31,2.257582772077468e+31,101.25167089067386,322.341507586666,,6.943648918046189e+32
