,ampl,dur,ed,ederr,istart,istop,istart_no_sys_no_thruster,istop_no_sys_no_thruster,corrected,myenerg,myenerg_err,L_bol,L_bol_err,myed,ED_true,count_true,energ_true
0,0.007740007627125495,0.10215955115563702,54.4063304121499,8.876358471999758,492,497,492,497,,3.7690568536511056e+32,1.7913616507553957e+32,8.357184523416163e+31,2.79025363293769e+31,129.41030132061994,68.65060590848286,,1.9994392568919867e+32
1,0.017543580544725743,0.4699274966551457,516.6936986003515,41.682105168198966,2082,2102,2082,2102,2.272727272727273,1.84854026475341e+33,7.487946527681882e+32,8.357184523416163e+31,2.79025363293769e+31,634.694996530242,1185.453580618226,2.272727272727273,3.452616906937408e+33
2,0.12497088546035165,0.1021580748129054,334.175490363753,64.4844049856939,2189,2194,2189,2194,2.5555555555555554,1.5158751395752746e+33,7.6172664909689e+32,8.357184523416163e+31,2.79025363293769e+31,520.4746603565884,854.0664364204747,2.5555555555555554,2.4874565029322396e+33
3,0.0568060826649738,0.1838851317152148,223.62903211025247,40.293953251975545,2594,2603,2600,2603,33.0,2.053871334654597e+32,1.7342456552340747e+32,8.357184523416163e+31,2.79025363293769e+31,70.51952746055315,192.59488499552774,33.0,5.6092989805509165e+32
