,ampl,dur,ed,ederr,istart,istop,istart_no_sys_no_thruster,istop_no_sys_no_thruster,corrected,myenerg,myenerg_err,L_bol,L_bol_err,myed,ED_true,count_true,energ_true
0,0.017671166458744066,0.0408633990373346,45.92548702750042,10.217666621766783,1237,1239,1237,1239,1.090909090909091,2.5735295480243573e+32,1.3231055283513896e+32,1.091591113123216e+32,3.141851780902868e+31,66.87564025053128,151.4660463530027,1.090909090909091,5.8287643206344136e+32
