,ampl,dur,ed,ederr,istart,istop,istart_no_sys_no_thruster,istop_no_sys_no_thruster,corrected,myenerg,myenerg_err,L_bol,L_bol_err,myed,ED_true,count_true,energ_true
0,1.0306217237829889,0.040863269932742696,1021.0673380493198,228.5453848311393,1719,1721,1719,1721,4.0,6.212949633862237e+32,3.111491699373384e+32,1.2304387258962846e+31,7.082974670228428e+30,2174.5630698947184,12748.940353342117,4.0,3.642502965170989e+33
1,0.3750375029364424,0.04086328360426705,455.0782615995669,1119.124753066127,2270,2272,2270,2272,,2.1153243735207267e+32,4.920187149428007e+32,1.2304387258962846e+31,7.082974670228428e+30,740.3739825019077,2548.063792914826,,7.280079492021471e+32
