,ampl,dur,ed,ederr,istart,istop,istart_no_sys_no_thruster,istop_no_sys_no_thruster,corrected,myenerg,myenerg_err,L_bol,L_bol_err,myed,ED_true,count_true,energ_true
0,0.3694677864066129,0.04086317453766242,793.5181122958583,382.81185106587645,2185,2187,2185,2187,6.75,2.3330435544151767e+33,1.9358909024386858e+33,6.761763726573059e+31,2.257582772077468e+31,1083.0570287634168,2549.9966635643277,6.75,5.493019408683895e+33
