,ampl,dur,ed,ederr,istart,istop,istart_no_sys_no_thruster,istop_no_sys_no_thruster,corrected,myenerg,myenerg_err,L_bol,L_bol_err,myed,ED_true,count_true,energ_true
0,0.1308864539613744,0.1430225939693628,344.9220820429006,66.48975620666435,796,802,796,802,1.1428571428571428,3.3740062728872756e+32,1.8137719327416782e+32,2.5945377341929524e+31,2.240303966236216e+31,489.11525118996576,605.8016811318505,1.1428571428571428,4.178930563485265e+32
1,0.8567247684042145,0.1021582849061815,1789.9263974788323,350.85901591354036,1665,1670,1665,1670,1.8571428571428572,1.765813532892154e+33,9.500852869522328e+32,2.5945377341929524e+31,2.240303966236216e+31,2559.824315193389,3398.459430743577,1.8571428571428572,2.3443193418289758e+33
