,ampl,dur,ed,ederr,istart,istop,istart_no_sys_no_thruster,istop_no_sys_no_thruster,corrected,myenerg,myenerg_err,L_bol,L_bol_err,myed,ED_true,count_true,energ_true
0,0.05558384996751955,0.0408634435152635,111.55402759773143,24.88632245272295,1101,1103,1101,1103,8.0,3.859197626913547e+32,2.3850754107271395e+32,6.761763726573059e+31,2.257582772077468e+31,179.15358276556253,478.1057483337459,8.0,1.0299010161565072e+33
1,0.02698636852912399,0.04086334734893171,65.97591576321375,15.95478243656413,1369,1371,1369,1371,5.0,4.628537812431866e+32,2.931366845626991e+32,6.761763726573059e+31,2.257582772077468e+31,214.8682737261706,560.1847628655805,5.0,1.2067097258741155e+33
2,0.08684320217524212,0.12258994379953947,313.44300019157004,60.32600169671199,1665,1671,1665,1671,4.142857142857142,6.875569129234772e+32,4.222004830013827e+32,6.761763726573059e+31,2.257582772077468e+31,319.1810739269774,781.7712456777555,4.142857142857142,1.6840353899351548e+33
