,ampl,dur,ed,ederr,istart,istop,istart_no_sys_no_thruster,istop_no_sys_no_thruster,corrected,myenerg,myenerg_err,L_bol,L_bol_err,myed,ED_true,count_true,energ_true
0,0.0172471091441546,0.04086350230500102,44.38800916736122,9.777259746366294,1197,1199,1197,1199,1.2,4.7899409313523613e+33,2.5823427579804425e+33,1.399780668113429e+33,3.706581214838105e+32,58.164927581348316,70.35001005357898,1.2,5.793394863346218e+33
