,ampl,dur,ed,ederr,istart,istop,istart_no_sys_no_thruster,istop_no_sys_no_thruster,corrected,myenerg,myenerg_err,L_bol,L_bol_err,myed,ED_true,count_true,energ_true
0,0.2590668447380895,0.040863589027139824,565.9690703923309,123.6224715081888,667,668,667,668,3.4285714285714284,5.241898026129797e+32,2.8245342247530806e+32,2.5945377341929524e+31,2.240303966236216e+31,759.8955254960548,1058.0855976673322,3.4285714285714284,7.298867567706912e+32
