,ampl,dur,ed,ederr,istart,istop,istart_no_sys_no_thruster,istop_no_sys_no_thruster,corrected,myenerg,myenerg_err,L_bol,L_bol_err,myed,ED_true,count_true,energ_true
0,0.09729906803499036,0.04086392745375633,154.33601821830192,34.969576895143035,227,229,227,229,15.5,2.2818169478497027e+32,1.3864967861149077e+32,3.388909656562385e+31,2.926219821264045e+31,232.42638420404094,669.4213662629855,15.5,6.571960511379097e+32
1,0.08379057394630354,0.0408637376895058,150.91742747857495,34.770590462281845,461,463,462,463,36.0,7.452784401549113e+31,6.405444712531799e+31,3.388909656562385e+31,2.926219821264045e+31,75.91422845450943,273.6107557177924,36.0,2.6861393625722855e+32
2,0.21177462174649056,0.04086354386527091,369.5144214197589,82.93563009276194,913,915,913,915,2.7272727272727275,5.74338130084699e+32,3.4798254868858014e+32,3.388909656562385e+31,2.926219821264045e+31,585.0221027234189,2188.7442782325843,2.7272727272727275,2.1487723115787924e+33
3,1.6552705442079332,0.1225903306476539,6075.923971008699,1183.4701645283526,1204,1210,1204,1210,2.0,6.765872717759936e+33,4.079533422689566e+33,3.388909656562385e+31,2.926219821264045e+31,6891.73306936666,11500.994891423936,2.0,1.129095784467645e+34
4,0.08452546460889153,0.040863434194761794,204.0604233703625,47.40048777172561,3046,3048,3046,3048,5.8,2.1956478501692856e+32,1.344366898850548e+32,3.388909656562385e+31,2.926219821264045e+31,223.6491806589197,550.2202639303124,5.8,5.401718602584943e+32
