,ampl,dur,ed,ederr,istart,istop,istart_no_sys_no_thruster,istop_no_sys_no_thruster,corrected,myenerg,myenerg_err,L_bol,L_bol_err,myed,ED_true,count_true,energ_true
0,0.5694265228990443,0.14302195204800228,2218.4781694715653,413.7955758877922,1239,1246,1239,1246,1.8333333333333335,2.675523472429029e+33,1.59755925504654e+33,3.388909656562385e+31,2.926219821264045e+31,2725.2941877556764,4788.797849660224,1.8333333333333335,4.7013423758243586e+33
