,ampl,dur,ed,ederr,istart,istop,istart_no_sys_no_thruster,istop_no_sys_no_thruster,corrected,myenerg,myenerg_err,L_bol,L_bol_err,myed,ED_true,count_true,energ_true
0,0.09074219685961918,0.061296155960008036,322.5634285879685,68.46023309724815,38,41,38,41,5.5,4.426917513222801e+32,2.6846133963858742e+32,3.388909656562385e+31,2.926219821264045e+31,450.92680713829697,1326.0496822288255,5.5,1.3018326852015968e+33
1,0.02251285589406997,0.1430218345922185,163.3839828881454,281.6596822663537,1162,1168,1162,1168,18.5,3.453660466020006e+32,6.971761949343169e+32,3.388909656562385e+31,2.926219821264045e+31,351.7906268256652,741.404831272103,18.5,7.278649173190215e+32
2,0.3076116593492426,0.04086338425258873,301.4495124795938,67.20315833783256,2848,2850,2848,2850,6.0,5.7450539623178374e+32,3.473748622363105e+32,3.388909656562385e+31,2.926219821264045e+31,585.1924803946133,1072.9080611021948,6.0,1.053314065738062e+33
3,0.009538596040425458,0.04086382313835202,25.095470684502487,45.35488744430104,3269,3271,3269,3271,25.0,5.827462140603733e+31,1.1062126473852718e+32,3.388909656562385e+31,2.926219821264045e+31,59.35865958497915,469.6469982158876,25.0,4.610700647027145e+32
