,ampl,dur,ed,ederr,istart,istop,istart_no_sys_no_thruster,istop_no_sys_no_thruster,corrected,myenerg,myenerg_err,L_bol,L_bol_err,myed,ED_true,count_true,energ_true
0,0.011944893337475207,0.04086384432594059,30.3211247054818,6.372838355163744,608,610,608,610,1.6666666666666667,2.3562935095686134e+32,1.1877454733604344e+32,1.091591113123216e+32,3.141851780902868e+31,61.23055287690093,119.60486358476903,1.6666666666666667,4.602672204254228e+32
1,0.06803160041834194,0.16345322816778207,306.61391653188286,56.615127823072655,2454,2462,2454,2462,,1.370431168599618e+33,6.941920556847182e+32,1.091591113123216e+32,3.141851780902868e+31,356.11971849998673,39.52598747987497,,1.521051556489449e+32
2,0.04949510174076949,0.04086336201726226,52.84151538903496,11.797841354748359,2657,2659,2657,2659,1.2,3.839393636312598e+32,1.97637316093655e+32,1.091591113123216e+32,3.141851780902868e+31,99.77033595721913,169.1195891301244,1.2,6.508113539483556e+32
