,ampl,dur,ed,ederr,istart,istop,istart_no_sys_no_thruster,istop_no_sys_no_thruster,corrected,myenerg,myenerg_err,L_bol,L_bol_err,myed,ED_true,count_true,energ_true
0,0.013933200971749387,0.040863684611394994,40.96743331549341,62.55004183423871,3331,3333,3331,3333,18.0,5.343504259698365e+31,8.580334087229319e+31,2.5945377341929524e+31,2.240303966236216e+31,77.46249463787933,330.78855298503174,18.0,2.2818398118960524e+32
