,ampl,dur,ed,ederr,istart,istop,istart_no_sys_no_thruster,istop_no_sys_no_thruster,corrected,myenerg,myenerg_err,L_bol,L_bol_err,myed,ED_true,count_true,energ_true
0,0.0664942038410191,0.040863976340915535,126.36502077879791,27.933623868376873,459,461,1249.0,1251.0,1.6363636363636362,1.903955060607048e+32,1.1485878862517983e+32,3.388909656562385e+31,2.926219821264045e+31,193.937287932279,377.01136402014856,1.6363636363636362,3.701261898037787e+32
1,0.08348621873330732,0.040863413247279816,115.79281083950804,25.617506991759186,1249,1251,1767.0,1769.0,,3.647359496332322e+31,7.165682073846103e+31,3.388909656562385e+31,2.926219821264045e+31,37.152085333736956,17.604475301912842,,1.7282973376482891e+31
2,-0.0023146287127124693,0.04086327982804505,-15.234776098396056,28.7716596504506,1767,1769,3043.0,3045.0,2.125,1.3545976424440555e+32,8.206276955344958e+31,3.388909656562385e+31,2.926219821264045e+31,137.97961855848575,266.7078433499575,2.125,2.618370884030626e+32
