,ampl,dur,ed,ederr,istart,istop,istart_no_sys_no_thruster,istop_no_sys_no_thruster,corrected,myenerg,myenerg_err,L_bol,L_bol_err,myed,ED_true,count_true,energ_true
0,0.2403809421942407,0.061295767132833134,694.4339735799729,143.10728559091194,455,458,455,457,2.0,1.9259345562606907e+33,1.1833849671239537e+33,6.761763726573059e+31,2.257582772077468e+31,894.0668742120266,1322.2044677773736,2.0,2.8481977672856103e+33
