,ampl,dur,ed,ederr,istart,istop,istart_no_sys_no_thruster,istop_no_sys_no_thruster,corrected,myenerg,myenerg_err,L_bol,L_bol_err,myed,ED_true,count_true,energ_true
0,-0.00044709619145171057,0.06129489692830248,-3.3227796668457543,5.419732364803448,1861,1864,1861,1864,,1.1009780168893637e+32,1.9518438716916406e+32,4.227270036854636e+32,1.5087155904928934e+32,5.549747315705428,4.388536856993397,,8.706130803802762e+31
1,0.0009325956282593984,0.04086316114262445,3.055343756601953,0.7594404574794651,1929,1931,1929,1931,41.0,2.119990190556382e+32,1.1940139315279902e+32,4.227270036854636e+32,1.5087155904928934e+32,10.68632587470129,22.308814416200157,41.0,4.4256995603373495e+32
2,0.004316884755343346,0.040863497008103884,11.463751509489287,2.554722680081836,2727,2729,2727,2729,3.7777777777777777,3.17412195630336e+32,1.7210892268044398e+32,4.227270036854636e+32,1.5087155904928934e+32,15.999933274313875,35.46168171198671,3.7777777777777777,7.03501074658608e+32
3,0.004964321550895007,0.04086356003972469,10.897597822112944,2.4256570624172133,2881,2883,2881,2883,1.9375,9.222916187212277e+32,4.9988965956254655e+32,4.227270036854636e+32,1.5087155904928934e+32,46.49035091324716,89.15127152282498,1.9375,1.7686136780785803e+33
4,0.0061996874353487715,0.0408637315267697,11.221816919886868,2.672730685154605,3375,3377,3375,3377,2.5999999999999996,5.963942762442926e+32,3.308404341379657e+32,4.227270036854636e+32,1.5087155904928934e+32,30.062703186756245,54.912149069713834,2.5999999999999996,1.0893661557313977e+33
