,ampl,dur,ed,ederr,istart,istop,istart_no_sys_no_thruster,istop_no_sys_no_thruster,corrected,myenerg,myenerg_err,L_bol,L_bol_err,myed,ED_true,count_true,energ_true
0,0.013425293856830112,0.04086344344977988,40.85890433629415,9.949855308482602,2569,2571,2569,2571,13.0,2.720394127674687e+32,1.4453319229650625e+32,1.091591113123216e+32,3.141851780902868e+31,70.69205759136997,157.6400062102798,13.0,6.066352597344672e+32
