,ampl,dur,ed,ederr,istart,istop,istart_no_sys_no_thruster,istop_no_sys_no_thruster,corrected,myenerg,myenerg_err,L_bol,L_bol_err,myed,ED_true,count_true,energ_true
0,-0.0341881734864077,0.10215821368183242,-336.5009952204253,947.9411881396654,2269,2274,2269,2274,,2.926191135745196e+32,8.455688925987504e+32,1.2304387258962846e+31,7.082974670228428e+30,1024.181355754715,19227.494468557914,,5.493492296100601e+33
