,ampl,dur,ed,ederr,istart,istop,istart_no_sys_no_thruster,istop_no_sys_no_thruster,corrected,myenerg,myenerg_err,L_bol,L_bol_err,myed,ED_true,count_true,energ_true
0,0.036864682401937035,0.040864003349270206,97.40391609316458,22.97130870483309,96,98,96,98,3.0,1.0520635813628803e+32,5.803846918968234e+31,2.5945377341929524e+31,2.240303966236216e+31,152.5131553551537,392.38767614931726,3.0,2.7067618061602114e+32
