,ampl,dur,ed,ederr,istart,istop,istart_no_sys_no_thruster,istop_no_sys_no_thruster,corrected,myenerg,myenerg_err,L_bol,L_bol_err,myed,ED_true,count_true,energ_true
0,0.0552757922396878,0.04086342628579587,136.2992105081791,30.557634384874586,1324,1326,1324,1326,5.0,1.3595451605188992e+32,7.37089426543031e+31,2.5945377341929524e+31,2.240303966236216e+31,197.0874440972091,603.6650536518574,5.0,4.164191717164727e+32
1,0.03808702940137517,0.04086325445678085,113.49121448487145,25.57981913722309,1796,1798,1796,1798,6.8,1.0868942942461095e+32,5.903299007545735e+31,2.5945377341929524e+31,2.240303966236216e+31,157.56241475277412,503.01659693044775,6.8,3.469900292989593e+32
