,ampl,dur,ed,ederr,istart,istop,istart_no_sys_no_thruster,istop_no_sys_no_thruster,corrected,myenerg,myenerg_err,L_bol,L_bol_err,myed,ED_true,count_true,energ_true
0,0.001285596766636768,0.061294936742342536,-72.70461474695223,79.5509276908004,1612,1615,1612,1615,6.0,7.337497834073845e+31,1.0053851532061357e+32,3.388909656562385e+31,2.926219821264045e+31,74.73991690200637,150.63236694771038,6.0,1.4788144167585648e+32
1,0.3090219378602471,0.12259010107663924,-1059.9917341715616,208.4849082656892,2522,2527,2522,2527,1.7777777777777777,1.1336832354682163e+33,6.826749705806807e+32,3.388909656562385e+31,2.926219821264045e+31,1154.7722769827187,1623.4567675041142,1.7777777777777777,1.5938083702838832e+33
