,ampl,dur,ed,ederr,istart,istop,istart_no_sys_no_thruster,istop_no_sys_no_thruster,corrected,myenerg,myenerg_err,L_bol,L_bol_err,myed,ED_true,count_true,energ_true
0,0.8972646192220347,0.10216040215163956,1459.8931439109558,288.11572110042874,72,77,72,77,2.111111111111111,1.5779983697386706e+33,8.50955980098936e+32,2.5945377341929524e+31,2.240303966236216e+31,2287.5567102357686,5899.911714915651,2.111111111111111,4.0698667823537514e+33
