,ampl,dur,ed,ederr,istart,istop,istart_no_sys_no_thruster,istop_no_sys_no_thruster,corrected,myenerg,myenerg_err,L_bol,L_bol_err,myed,ED_true,count_true,energ_true
0,0.007806983577513342,0.06129515385691775,31.027829020840663,7.408716343640117,1121,1123,1121,1123,5.833333333333333,1.2911094108552801e+32,7.973712980270392e+31,3.388909656562385e+31,2.926219821264045e+31,131.51269310173794,298.6498431156598,5.833333333333333,2.931957470438158e+32
1,0.010734302478732477,0.040863704867661006,33.205964059421355,7.583497373339346,3154,3156,3154,3156,7.0,7.4711079163083255e+31,4.550617964708332e+31,3.388909656562385e+31,2.926219821264045e+31,76.10087218530504,232.51952678757587,7.0,2.2827313635104043e+32
