,ampl,dur,ed,ederr,istart,istop,istart_no_sys_no_thruster,istop_no_sys_no_thruster,corrected,myenerg,myenerg_err,L_bol,L_bol_err,myed,ED_true,count_true,energ_true
0,0.028533404877424774,0.04086363070382504,80.92056974924482,18.70119937835361,768,770,768.0,770.0,5.4,4.098010966806302e+32,2.1357229045361676e+32,1.091591113123216e+32,3.141851780902868e+31,106.49075600055099,260.75385650826917,5.4,1.0034412410429267e+33
