,ampl,dur,ed,ederr,istart,istop,istart_no_sys_no_thruster,istop_no_sys_no_thruster,corrected,myenerg,myenerg_err,L_bol,L_bol_err,myed,ED_true,count_true,energ_true
0,0.06938630195667105,0.061294991108297836,332.71743110605036,73.49849008988151,2096,2099,2096,2099,7.0,2.1644345523401547e+32,1.1913315119049283e+32,2.5945377341929524e+31,2.240303966236216e+31,313.768814912771,669.28701634173,7.0,4.6168639926992576e+32
