,ampl,dur,ed,ederr,istart,istop,istart_no_sys_no_thruster,istop_no_sys_no_thruster,corrected,myenerg,myenerg_err,L_bol,L_bol_err,myed,ED_true,count_true,energ_true
0,0.0030078473811062287,0.04086378507054178,8.943751459169228,17.981156933535377,537,539,537,539,,4.896929081821727e+32,1.0048273462715856e+33,1.0815833456435376e+33,3.4866127639132136e+32,7.974038578368507,28.620736978357886,,1.7576252970821065e+33
1,0.023244645296811615,0.04086387762799859,38.53870069281949,9.101282940922015,544,546,544,546,1.2857142857142856,1.2966288021368394e+34,7.821711863572388e+33,1.0815833456435376e+33,3.4866127639132136e+32,211.13983717764012,276.22982956082944,1.2857142857142856,1.6963523217865387e+34
2,0.0012882528411889526,0.04086342436494306,3.751638405527,1.1938575017123736,2811,2813,2811,2813,,8.73031021232583e+32,5.851393966614451e+32,1.0815833456435376e+33,3.4866127639132136e+32,14.216221895603324,28.620736978357886,,1.7576252970821065e+33
3,0.0007768389322528813,0.04086339484638302,2.1654532368908748,10.217759162388576,2972,2974,2972,2974,,4.761533301066627e+32,2.0298777239411872e+33,1.0815833456435376e+33,3.4866127639132136e+32,7.753563427299371,28.620736978357886,,1.7576252970821065e+33
