,ampl,dur,ed,ederr,istart,istop,istart_no_sys_no_thruster,istop_no_sys_no_thruster,corrected,myenerg,myenerg_err,L_bol,L_bol_err,myed,ED_true,count_true,energ_true
0,0.01062599523694553,0.040864016744308174,18.758340603107207,4.069434846932791,196,198,196,198,4.666666666666667,3.466198471988803e+32,2.0788759280592325e+32,3.388909656562385e+31,2.926219821264045e+31,353.0677509153966,523.9949308097722,4.666666666666667,5.144254675748997e+32
