,ampl,dur,ed,ederr,istart,istop,istart_no_sys_no_thruster,istop_no_sys_no_thruster,corrected,myenerg,myenerg_err,L_bol,L_bol_err,myed,ED_true,count_true,energ_true
0,0.0057242532388737605,0.04086360661312938,15.390944671020991,4.057340753365748,953,955,953,955,2.7777777777777777,1.3071821424010487e+32,7.159536745665926e+31,1.091591113123216e+32,3.141851780902868e+31,33.968385078088836,76.41983903038664,2.7777777777777777,2.940812425319587e+32
1,0.027537154692224425,0.08172668690531283,86.43117445217344,17.188756787479452,1583,1587,1583,1587,1.2142857142857144,4.118888383448951e+32,2.1020359314436596e+32,1.091591113123216e+32,3.141851780902868e+31,107.03327574967378,177.75085252214612,1.2142857142857144,6.84026454832526e+32
2,0.0050434260109478105,0.040863159047148656,14.169890712882399,3.2436516554755666,1903,1905,1903,1905,3.8000000000000003,9.15181839155763e+31,4.753174396866954e+31,1.091591113123216e+32,3.141851780902868e+31,23.781880214347993,50.33983377340872,3.8000000000000003,1.937193411131083e+32
3,0.004212247952725796,0.04086317156179575,9.77885929549409,16.685191474097955,2198,2200,2198,2200,3.8000000000000003,4.978556047596841e+31,8.59105734455531e+31,1.091591113123216e+32,3.141851780902868e+31,12.937256673885372,49.339866594569244,3.8000000000000003,1.8987123577586256e+32
