,ampl,dur,ed,ederr,istart,istop,istart_no_sys_no_thruster,istop_no_sys_no_thruster,corrected,myenerg,myenerg_err,L_bol,L_bol_err,myed,ED_true,count_true,energ_true
0,0.01805240081862647,0.04086326609831304,50.532781208422136,12.405321321900349,1688,1690,1688,1690,,1.650185583923115e+32,1.0500388058526631e+32,6.761763726573059e+31,2.257582772077468e+31,76.60573211544698,58.04284827221876,,1.2503172911957387e+32
