,ampl,dur,ed,ederr,istart,istop,istart_no_sys_no_thruster,istop_no_sys_no_thruster,corrected,myenerg,myenerg_err,L_bol,L_bol_err,myed,ED_true,count_true,energ_true
0,-0.06168009211694909,0.2043191106931772,-1540.144446809339,1345.7182327727278,460,470,462,470,,1.9336175956598647e+32,2.6352583310643407e+32,3.388909656562385e+31,2.926219821264045e+31,196.9587203811653,430.1708815080349,,4.2231488101401814e+32
1,0.012278572267374638,0.04086358751374064,34.38257841364125,64.61552806397525,1002,1004,1002,1004,,7.7429502454806945e+31,1.5153544118630345e+32,3.388909656562385e+31,2.926219821264045e+31,78.86986422485843,430.1708815080349,,4.2231488101401814e+32
2,0.3656445346982172,0.04086332046426834,418.0949258626966,92.73517608738216,1470,1472,1470,1472,,7.498093696682236e+32,4.526811103390325e+32,3.388909656562385e+31,2.926219821264045e+31,763.7574994721942,1851.070039452362,,1.8172648523290078e+33
