,ampl,dur,ed,ederr,istart,istop,istart_no_sys_no_thruster,istop_no_sys_no_thruster,corrected,myenerg,myenerg_err,L_bol,L_bol_err,myed,ED_true,count_true,energ_true
0,0.005923316574991664,0.061296240128285724,21.811154704911868,4.8499453434609725,68,71,68.0,71.0,2.142857142857143,2.826285973787594e+33,1.3176989982709972e+33,1.9145203692905536e+33,4.408346062561888e+32,23.982647443194743,61.75256242726291,2.142857142857143,7.277361744444951e+33
1,0.024362851261021168,0.04086378205101937,68.91516150671238,15.57002754632978,458,460,1531.0,1534.0,1.4,8.526625032378338e+33,4.017904979924268e+33,1.9145203692905536e+33,4.408346062561888e+32,72.35327349334145,126.66795358356603,1.4,1.492745375128282e+34
2,0.012634269120956205,0.0612950410504709,29.79702768579694,6.797337752403162,1531,1534,1797.0,1799.0,1.2727272727272727,5.754774118612622e+33,2.637186441319543e+33,1.9145203692905536e+33,4.408346062561888e+32,48.83253856188886,84.82787928658871,1.2727272727272727,9.996721420422794e+33
3,0.015013375956081484,0.061294892155274276,45.29145545571002,10.239896137981383,1797,1799,1808.0,1812.0,,8.928679034586013e+32,1.6616003709086135e+33,1.9145203692905536e+33,4.408346062561888e+32,7.576493086895731,18.053848784627053,,2.1275941162764523e+33
4,-0.0007554688391957862,0.08172652147186454,-6.193758042147869,10.99185634647716,1808,1812,2098.0,2100.0,,1.80449441099015e+33,7.775698861637865e+32,1.9145203692905536e+33,4.408346062561888e+32,15.312163621572896,26.23419260317803,,3.0916240904439266e+33
