,ampl,dur,ed,ederr,istart,istop,istart_no_sys_no_thruster,istop_no_sys_no_thruster,corrected,myenerg,myenerg_err,L_bol,L_bol_err,myed,ED_true,count_true,energ_true
0,0.04255844947043235,0.08172652904613642,31.23643992906347,6.179407441998513,2081,2085,2081,2085,2.3333333333333335,1.8490055719571275e+33,9.397177768027685e+32,2.178010611369685e+32,4.012043812898151e+31,208.6293094674287,349.39844153959524,2.3333333333333335,3.0965911112345804e+33
1,0.009900818474434579,0.061294898150663364,39.542915477264096,57.61158000314532,2090,2093,2090,2093,,3.6550601064444306e+32,5.822629193813833e+32,2.178010611369685e+32,4.012043812898151e+31,41.24123137510638,93.26076202247631,,8.265361615044204e+32
