,ampl,dur,ed,ederr,istart,istop,istart_no_sys_no_thruster,istop_no_sys_no_thruster,corrected,myenerg,myenerg_err,L_bol,L_bol_err,myed,ED_true,count_true,energ_true
0,0.000623366850428377,0.061294959908991586,3.1756309039707578,0.6773390909453368,1359,1362,1359,1362,,3.6664013882694845e+32,2.1819779036507042e+32,1.0815833456435376e+33,3.4866127639132136e+32,5.970277622025211,12.248283016411765,,7.521781179759687e+32
1,0.000470626112412835,0.040863190071831916,1.3243693504971086,0.3381384682285606,1442,1444,1442,1444,,3.956788024666352e+32,2.448773785350034e+32,1.0815833456435376e+33,3.4866127639132136e+32,6.443136060973621,12.248283016411765,,7.521781179759687e+32
