,ampl,dur,ed,ederr,istart,istop,istart_no_sys_no_thruster,istop_no_sys_no_thruster,corrected,myenerg,myenerg_err,L_bol,L_bol_err,myed,ED_true,count_true,energ_true
0,0.04778541579087316,0.04086364083195804,113.36206520654754,24.763230591455674,561,563,561,563,4.0,6.1045897196279026e+32,3.118361441324596e+32,1.091591113123216e+32,3.141851780902868e+31,158.63363460517894,189.0038738479728,4.0,7.273306875517532e+32
1,0.04137805797950367,0.22474812407745048,183.24935995197384,33.73664451579951,2228,2238,2228,2238,2.0,9.265442046368631e+32,4.70683192637189e+32,1.091591113123216e+32,3.141851780902868e+31,240.77142208480691,444.6039395180218,2.0,1.7109389476216244e+33
2,0.013764968339681384,0.04086348297278164,37.636346364344895,7.998877971545514,3107,3109,3107,3109,12.0,2.3121317279036146e+32,1.1699258567476037e+32,1.091591113123216e+32,3.141851780902868e+31,60.082966510263645,152.87578702695959,12.0,5.8830144073010756e+32
3,0.04747391836918972,0.06129574396618409,152.31845652260054,36.54841217966865,3398,3401,3398,3401,1.75,7.552351405881103e+32,4.080266686636524e+32,1.091591113123216e+32,3.141851780902868e+31,196.25511432461644,379.7148158598924,1.75,1.461230568824794e+33
