,ampl,dur,ed,ederr,istart,istop,istart_no_sys_no_thruster,istop_no_sys_no_thruster,corrected,myenerg,myenerg_err,L_bol,L_bol_err,myed,ED_true,count_true,energ_true
0,0.028340024451879643,0.10215992740995716,156.38265163883287,29.909823342112595,178,183,178,183,2.75,8.576718977439733e+32,4.296447103313476e+32,8.357184523416163e+31,2.79025363293769e+31,294.48104136120253,247.77332937819065,2.75,7.216363424818186e+32
1,0.3364914655414976,0.14302386848430615,2219.5941096053352,487.84414639169273,270,272,270,272,1.2727272727272727,3.5763426465384664e+33,1.8089300179261682e+33,8.357184523416163e+31,2.79025363293769e+31,1227.9347260734323,1557.1319049733097,1.2727272727272727,4.5351248073659457e+33
