,ampl,dur,ed,ederr,istart,istop,istart_no_sys_no_thruster,istop_no_sys_no_thruster,corrected,myenerg,myenerg_err,L_bol,L_bol_err,myed,ED_true,count_true,energ_true
0,0.3036927949076837,0.04086361999361543,436.8825795120137,96.02356805487749,750,752,750,752,7.0,1.2619474674450016e+33,7.598007605038074e+32,3.388909656562385e+31,2.926219821264045e+31,1285.4225102942305,2715.1501298969,7.0,2.6655646705393933e+33
1,0.8667678253294595,0.22474971567862667,2004.0738943860752,382.8561901269191,839,849,843,849,6.0,1.923130245139335e+32,7.53189584892035e+32,3.388909656562385e+31,2.926219821264045e+31,195.890476513635,1838.325384127928,6.0,1.804752946413771e+33
