,ampl,dur,ed,ederr,istart,istop,istart_no_sys_no_thruster,istop_no_sys_no_thruster,corrected,myenerg,myenerg_err,L_bol,L_bol_err,myed,ED_true,count_true,energ_true
0,0.06736848119186796,0.0612954618918593,184.10818687360927,35.76354534253207,3142,3145,3142,3145,2.8,1.2022284395094878e+33,7.262677648084002e+32,6.761763726573059e+31,2.257582772077468e+31,558.1044379243993,1151.9482703081583,2.8,2.4814441120710627e+33
1,3.5227181436500827,0.06129573360522045,5453.241090732607,1209.516240095478,3416,3417,3416,3417,1.8571428571428572,1.6405118644720048e+34,1.0123257451903594e+34,6.761763726573059e+31,2.257582772077468e+31,7615.665392202953,1922.8561525622117,1.8571428571428572,4.1420784258469364e+33
