,ampl,dur,ed,ederr,istart,istop,istart_no_sys_no_thruster,istop_no_sys_no_thruster,corrected,myenerg,myenerg_err,L_bol,L_bol_err,myed,ED_true,count_true,energ_true
0,0.07563964830022371,0.04086375969200162,145.8018175446064,33.754421137778436,439,441,439,441,2.6666666666666665,4.871160557924567e+32,2.979456084975281e+32,3.388909656562385e+31,2.926219821264045e+31,496.1775029424139,968.2103356038396,2.6666666666666665,9.505283836126893e+32
