,ampl,dur,ed,ederr,istart,istop,istart_no_sys_no_thruster,istop_no_sys_no_thruster,corrected,myenerg,myenerg_err,L_bol,L_bol_err,myed,ED_true,count_true,energ_true
0,0.0032771459533232285,0.04086384933179943,9.833303817594183,2.7090252127960075,385,387,385,387,,2.798498638216893e+32,1.5338931199978772e+32,1.577829208301114e+32,6.357900525068292e+31,42.877419083302506,73.05666990459589,,4.7682205601850236e+32
1,0.1513861951358873,0.10215903148491634,351.83321586985414,69.52273808536148,3135,3140,3135,3140,1.4444444444444444,2.974233303094116e+33,1.4976953795808306e+33,1.577829208301114e+32,6.357900525068292e+31,455.699517043673,545.7536241754544,1.4444444444444444,3.5619932512489005e+33
