,ampl,dur,ed,ederr,istart,istop,istart_no_sys_no_thruster,istop_no_sys_no_thruster,corrected,myenerg,myenerg_err,L_bol,L_bol_err,myed,ED_true,count_true,energ_true
0,0.01835825374424586,0.04086324897798477,52.52205200951927,12.231724629608493,1421,1423,1421,1423,5.8,2.4146763703611836e+32,1.5116481295041279e+32,6.761763726573059e+31,2.257582772077468e+31,112.09530187121496,329.994403809356,5.8,7.10850210426613e+32
1,0.01909892166232016,0.04086342429945944,57.479925589188795,12.510849634262607,1516,1518,1518,1518,,4.274722379483057e+31,3.9680892800859375e+31,6.761763726573059e+31,2.257582772077468e+31,19.844327853844742,161.3381338068655,,3.475430038889519e+32
2,0.2393920868250963,0.06129490082821576,645.0663593295421,144.65645182488106,2088,2090,2088,2090,4.875,1.0599094881854838e+33,6.560555015209239e+32,6.761763726573059e+31,2.257582772077468e+31,492.0364297785595,748.2251809774086,4.875,1.6117728700985982e+33
3,0.05104943254951708,0.04086327989352867,117.8117003092708,27.362348425008353,2245,2247,2245,2247,4.0,7.211806232778761e+32,4.5110477658563955e+32,6.761763726573059e+31,2.257582772077468e+31,334.79003920476686,903.3360254024537,4.0,1.9459014950879252e+33
4,0.029286208315175293,0.04086366970295785,80.83206017482931,18.131718296314247,3110,3112,3110,3112,,2.7752374365337375e+32,1.7179400732302534e+32,6.761763726573059e+31,2.257582772077468e+31,128.8334461839346,159.26254931518264,,3.4307192905968495e+32
5,0.06410280720073815,0.04086352558078943,109.73402348646532,26.04057692658597,3210,3212,3210,3212,29.0,3.598261600670415e+32,2.26558485659645e+32,6.761763726573059e+31,2.257582772077468e+31,167.0402813766795,415.12265352096875,29.0,8.942273632576923e+32
