,ampl,dur,ed,ederr,istart,istop,istart_no_sys_no_thruster,istop_no_sys_no_thruster,corrected,myenerg,myenerg_err,L_bol,L_bol_err,myed,ED_true,count_true,energ_true
0,8.097530705510634,0.08172655128146289,16414.82124373933,3241.523841835708,1353,1357,1353,1357,,1.585776098081842e+34,8.495503400537983e+33,2.5945377341929524e+31,2.240303966236216e+31,22988.3175018702,967.6717668503719,,6.675176460978954e+32
1,0.3729486626080699,0.24518001564865696,4009.767529618325,6171.814509952211,1368,1380,1368,1380,8.333333333333334,6.125626396710672e+32,1.125838066432427e+33,2.5945377341929524e+31,2.240303966236216e+31,888.0058456913027,4271.040314113917,8.333333333333334,2.946241560964523e+33
