,ampl,dur,ed,ederr,istart,istop,istart_no_sys_no_thruster,istop_no_sys_no_thruster,corrected,myenerg,myenerg_err,L_bol,L_bol_err,myed,ED_true,count_true,energ_true
0,0.007106409262154429,0.04086337656917749,20.67440189254736,4.469272919109148,1672,1674,1672,1674,18.0,1.4147698711760355e+32,7.2007459840190565e+31,1.091591113123216e+32,3.141851780902868e+31,36.76415567666276,86.77411243248812,18.0,3.339268850541163e+32
