,ampl,dur,ed,ederr,istart,istop,istart_no_sys_no_thruster,istop_no_sys_no_thruster,corrected,myenerg,myenerg_err,L_bol,L_bol_err,myed,ED_true,count_true,energ_true
0,0.1034051370027072,0.0408634216801147,306.0750294958939,67.90216495058668,2778,2780,2778,2780,3.8333333333333335,2.524307775983345e+32,1.4384145063257537e+32,1.950113960413546e+31,6.95997016907608e+30,506.0442410794398,1715.2683217982246,3.8333333333333335,8.5562976734547e+32
