,ampl,dur,ed,ederr,istart,istop,istart_no_sys_no_thruster,istop_no_sys_no_thruster,corrected,myenerg,myenerg_err,L_bol,L_bol_err,myed,ED_true,count_true,energ_true
0,-0.02410471747844899,0.06129611777578248,-222.62741249710098,479.33209246931466,56,59,56,59,,1.810333473261095e+32,3.9774402375767134e+32,1.091591113123216e+32,3.141851780902868e+31,47.043256287554364,55.05871275247148,,2.1187868050884967e+32
1,0.05008267400228533,0.04086337731860112,121.39900412143412,27.267797969037233,2188,2190,2188,2190,4.333333333333333,6.019185083537705e+32,3.105054819191931e+32,1.091591113123216e+32,3.141851780902868e+31,156.4143130033422,409.3133465991337,4.333333333333333,1.5751325713330085e+33
