,ampl,dur,ed,ederr,istart,istop,istart_no_sys_no_thruster,istop_no_sys_no_thruster,corrected,myenerg,myenerg_err,L_bol,L_bol_err,myed,ED_true,count_true,energ_true
0,0.005185102901994199,0.04086327112599975,0.2755806836924908,0.06985948889761509,2191,2193,2191,2193,1.8888888888888888,4.3989647722716174e+32,2.2031254257464256e+32,2.897743840299961e+32,8.673992300987034e+31,37.18973201067658,78.34826433474603,1.8888888888888888,9.267376669405111e+32
1,7.347587327406891e-13,0.04086332354927436,-25.061217083918038,5.574648875669558,2477,2479,2477,2479,1.2,4.5970077896735105e+33,2.1857367388000398e+33,2.897743840299961e+32,8.673992300987034e+31,388.6402746996002,530.8239922739648,1.2,6.27881922251924e+33
