,ampl,dur,ed,ederr,istart,istop,istart_no_sys_no_thruster,istop_no_sys_no_thruster,corrected,myenerg,myenerg_err,L_bol,L_bol_err,myed,ED_true,count_true,energ_true
0,0.0760186862434114,0.0612955648030038,282.6994723318652,55.93541691792321,673,676,673,676,1.875,3.0704109951300492e+32,1.8237605062906472e+32,3.388909656562385e+31,2.926219821264045e+31,312.7527500796766,572.9030914412281,1.875,5.6244044238044564e+32
1,0.1827533236462023,0.04086350078432588,285.39165164513304,63.02066882351301,1039,1041,1039,1041,2.0,4.5659729472645894e+32,2.7529443651863675e+32,3.388909656562385e+31,2.926219821264045e+31,465.0910247231973,884.7619970498017,2.0,8.686040212669136e+32
