,ampl,dur,ed,ederr,istart,istop,istart_no_sys_no_thruster,istop_no_sys_no_thruster,corrected,myenerg,myenerg_err,L_bol,L_bol_err,myed,ED_true,count_true,energ_true
0,0.3797664863132125,0.0408638833250734,410.0564330480518,90.33360244731692,325,327,325,327,4.666666666666667,5.131552879749402e+32,2.76577740482267e+32,2.5945377341929524e+31,2.240303966236216e+31,743.8992618189116,2129.5745854631946,4.666666666666667,1.4690194166821233e+33
