,ampl,dur,ed,ederr,istart,istop,istart_no_sys_no_thruster,istop_no_sys_no_thruster,corrected,myenerg,myenerg_err,L_bol,L_bol_err,myed,ED_true,count_true,energ_true
0,0.09473075639940606,0.2451847723859828,973.8612069324004,155.1222533812961,94,106,94,106,2.875,9.691461852655727e+32,5.5790140719799935e+32,3.388909656562385e+31,2.926219821264045e+31,987.1744699709086,2161.3682629555037,2.875,2.121896251084302e+33
1,0.34268907586839065,0.061295954794331926,692.8227929379183,145.89128322563062,455,458,455,457,3.444444444444444,1.0017517434481443e+33,6.060764190465638e+32,3.388909656562385e+31,2.926219821264045e+31,1020.3865643962356,1667.1139398159473,3.444444444444444,1.6366682530022255e+33
