,ampl,dur,ed,ederr,istart,istop,istart_no_sys_no_thruster,istop_no_sys_no_thruster,corrected,myenerg,myenerg_err,L_bol,L_bol_err,myed,ED_true,count_true,energ_true
0,0.2789177401292651,0.06129489232989727,591.1430394442905,131.27063182398376,2060,2061,2060,2061,9.333333333333334,1.803736798326392e+33,9.163545882230655e+32,8.357184523416163e+31,2.79025363293769e+31,619.3117579226522,1845.0546165450774,9.333333333333334,5.373695661692879e+33
1,0.4631055985211811,0.16345377147808904,1156.5333823988146,219.370973612372,2797,2805,2797,2805,4.0,3.7192474414160117e+33,1.8788842877971122e+33,8.357184523416163e+31,2.79025363293769e+31,1277.00098663501,2597.526440626088,4.0,7.565259282818599e+33
