,ampl,dur,ed,ederr,istart,istop,istart_no_sys_no_thruster,istop_no_sys_no_thruster,corrected,myenerg,myenerg_err,L_bol,L_bol_err,myed,ED_true,count_true,energ_true
0,-0.006245073033053107,0.06129547981981887,-66.72697468522176,90.5432321178121,754,757,754,757,4.75,1.4504870740521936e+32,2.3367367302610263e+32,6.761763726573059e+31,2.257582772077468e+31,67.33522902775397,198.95381886757298,4.75,4.285720072056045e+32
1,0.027836183606795312,0.04086353827005952,59.414919420257576,13.388682089246654,3060,3062,3060,3062,4.75,2.973909813033262e+32,1.8434208784035527e+32,6.761763726573059e+31,2.257582772077468e+31,138.05631360026447,306.1271807056065,4.75,6.594371550240103e+32
