,ampl,dur,ed,ederr,istart,istop,istart_no_sys_no_thruster,istop_no_sys_no_thruster,corrected,myenerg,myenerg_err,L_bol,L_bol_err,myed,ED_true,count_true,energ_true
0,0.07142151105192544,0.04086316196480766,213.24011933414943,50.097897276080786,2060,2062,2060,2062,14.0,3.906908496943006e+32,2.400603243902791e+32,3.388909656562385e+31,2.926219821264045e+31,397.95857253853626,666.060828671123,14.0,6.53896885401086e+32
1,0.2718685272842429,0.4086338030829211,2516.89922760434,385.8942699098941,2591,2610,2591,2592,14.0,1.3367337415292897e+32,2.321067608287937e+32,3.388909656562385e+31,2.926219821264045e+31,136.15999761943058,657.1185741425649,14.0,6.451179388950228e+32
