,ampl,dur,ed,ederr,istart,istop,istart_no_sys_no_thruster,istop_no_sys_no_thruster,corrected,myenerg,myenerg_err,L_bol,L_bol_err,myed,ED_true,count_true,energ_true
0,0.019047298787108057,0.16345497917791366,178.46921293726257,27.088237196275557,656,663,656,663,2.25,2.3674609660045457e+32,1.3366781569408943e+32,3.388909656562385e+31,2.926219821264045e+31,241.15010303135267,454.7426830223476,2.25,4.464379397306812e+32
1,0.031481520293333044,0.06129540275287581,67.16499746598642,13.592163284998325,886,889,886,886,9.0,1.4050337234428954e+32,9.126912478319415e+31,3.388909656562385e+31,2.926219821264045e+31,143.11704903950198,238.73437960674164,9.0,2.343744903516752e+32
2,0.03144387964994581,0.06129497443180298,134.30404121706235,26.82228372585401,2491,2494,2491,2494,4.666666666666667,1.7357020196490752e+32,1.0337539690235703e+32,3.388909656562385e+31,2.926219821264045e+31,176.79899558238282,283.516652621599,4.666666666666667,2.783389266089757e+32
3,0.014540329059874325,0.061295065148442525,71.90960809942052,15.217661406378774,2714,2717,2714,2717,,9.101164073702662e+31,5.514359509929498e+31,3.388909656562385e+31,2.926219821264045e+31,92.70466062984829,38.76491469251046,,3.805697000804629e+31
