,ampl,dur,ed,ederr,istart,istop,istart_no_sys_no_thruster,istop_no_sys_no_thruster,corrected,myenerg,myenerg_err,L_bol,L_bol_err,myed,ED_true,count_true,energ_true
0,0.11886170753086354,0.040863977737899404,357.0490177859299,81.85769746171863,138,140,138,140,15.0,7.103146462131962e+32,3.880418087935377e+32,2.5945377341929524e+31,2.240303966236216e+31,1029.7127465301737,4089.605033117459,15.0,2.821084192692774e+33
1,1.252860543485116,0.18388629963737912,7132.0421468240675,1269.6627105693174,852,861,852,861,3.2,5.332469546230124e+33,2.8154959073007325e+33,2.5945377341929524e+31,2.240303966236216e+31,7730.252911875155,34038.8394042764,3.2,2.3480612676137143e+34
2,2.2812959894153777,0.08172646350431023,6253.351949803523,1247.1612458483905,1680,1684,1680,1684,7.0,5.436020042365395e+33,2.921793970345523e+33,2.5945377341929524e+31,2.240303966236216e+31,7880.365634945782,35869.82725547302,7.0,2.47436615139086e+34
