,ampl,dur,ed,ederr,istart,istop,istart_no_sys_no_thruster,istop_no_sys_no_thruster,corrected,myenerg,myenerg_err,L_bol,L_bol_err,myed,ED_true,count_true,energ_true
0,0.060334714533448186,0.040863751783035696,158.6377952284505,34.82484644841854,615,617,615,617,1.9500000000000002,8.010252360428648e+32,4.098883905085957e+32,1.091591113123216e+32,3.141851780902868e+31,208.15411098863558,400.4586284391613,1.9500000000000002,1.5410575647405507e+33
1,0.15866905661829858,0.08172664709127275,447.19607384465536,99.82792648871657,2230,2232,2230,2232,1.6,1.2208055346687747e+33,6.283865311411169e+32,1.091591113123216e+32,3.141851780902868e+31,317.238058583945,517.9519854738787,1.6,1.993199218850574e+33
2,0.053575714986425015,0.04086342956725275,75.22773233849438,16.80773156915715,2526,2528,2526,2528,2.3125,4.970099157808505e+32,2.5590512771423176e+32,1.091591113123216e+32,3.141851780902868e+31,129.15280632477285,294.8729066360171,2.3125,1.1347392492942735e+33
