,ampl,dur,ed,ederr,istart,istop,istart_no_sys_no_thruster,istop_no_sys_no_thruster,corrected,myenerg,myenerg_err,L_bol,L_bol_err,myed,ED_true,count_true,energ_true
0,0.017883867733546305,0.0408640744863078,52.171982727373816,13.770434673594966,154,156,154,156,,7.396772758494346e+31,4.250280508950876e+31,2.5945377341929524e+31,2.240303966236216e+31,107.22784942157486,54.589048181505824,,3.7656521759901503e+31
1,0.17800555877131094,0.040863278576580335,190.3587202921251,114.22514007272623,2232,2234,2232,2234,15.666666666666668,2.571403977774857e+32,2.1832367584874796e+32,2.5945377341929524e+31,2.240303966236216e+31,372.76543099724285,1241.053459777757,15.666666666666668,8.56101327466542e+32
2,0.15344677134096066,0.04086365911643952,253.82417667335739,58.12670499812001,3231,3233,3231,3233,22.0,4.366272672225104e+32,2.384356117897522e+32,2.5945377341929524e+31,2.240303966236216e+31,632.959864953581,456.3141786606719,22.0,3.1477384879388056e+32
