,ampl,dur,ed,ederr,istart,istop,istart_no_sys_no_thruster,istop_no_sys_no_thruster,corrected,myenerg,myenerg_err,L_bol,L_bol_err,myed,ED_true,count_true,energ_true
0,0.033391891128414286,0.06129555781808449,127.3863406685263,28.221358022850897,783,786,783,786,1.909090909090909,2.136269629946626e+32,1.1770092378256978e+32,2.5945377341929524e+31,2.240303966236216e+31,309.6858666379096,694.7117533401262,1.909090909090909,4.792248468874139e+32
