,ampl,dur,ed,ederr,istart,istop,istart_no_sys_no_thruster,istop_no_sys_no_thruster,corrected,myenerg,myenerg_err,L_bol,L_bol_err,myed,ED_true,count_true,energ_true
0,0.008548705798913049,0.04086381172965048,19.445344362883496,3.9750570505538665,703,705,703,705,6.0,3.5576368505583326e+32,1.7548283114134376e+32,8.357184523416163e+31,2.79025363293769e+31,122.15121042127771,181.18902490199875,6.0,5.2771049069833646e+32
1,0.034285094460273516,0.040863383786927436,80.78049695960495,16.995590230872754,1834,1836,1834,1836,1.2857142857142856,3.470520383029087e+32,1.7287750983201524e+32,8.357184523416163e+31,2.79025363293769e+31,119.16007265108814,235.00676216048592,1.2857142857142856,6.844538947334951e+32
