,ampl,dur,ed,ederr,istart,istop,istart_no_sys_no_thruster,istop_no_sys_no_thruster,corrected,myenerg,myenerg_err,L_bol,L_bol_err,myed,ED_true,count_true,energ_true
0,0.09598589162703844,0.08172713044768898,341.88756980604376,70.18988970372565,899,903,899,903,10.8,1.0641885778589117e+33,5.427081885494112e+32,8.357184523416163e+31,2.79025363293769e+31,365.38839786743097,948.7894213578231,10.8,2.763335866424238e+33
