,ampl,dur,ed,ederr,istart,istop,istart_no_sys_no_thruster,istop_no_sys_no_thruster,corrected,myenerg,myenerg_err,L_bol,L_bol_err,myed,ED_true,count_true,energ_true
0,0.3546254788236872,0.12258990998088848,941.0121585752736,207.72507249792255,2022,2024,2022,2024,5.166666666666667,2.0214726201105376e+33,1.24545369440476e+33,6.761763726573059e+31,2.257582772077468e+31,938.4180271818058,781.8564217967565,5.166666666666667,1.6842188702045665e+33
1,0.11966719648226468,0.12258996663149445,762.7825325389772,167.6013506457984,2249,2251,2249,2251,6.333333333333334,1.0771751425542942e+33,6.627610578549303e+32,6.761763726573059e+31,2.257582772077468e+31,500.05157732475584,1417.9769630607773,6.333333333333334,3.054503988359045e+33
