,ampl,dur,ed,ederr,istart,istop,istart_no_sys_no_thruster,istop_no_sys_no_thruster,corrected,myenerg,myenerg_err,L_bol,L_bol_err,myed,ED_true,count_true,energ_true
0,-0.02195993234762984,0.04086371965240687,-97.51537847450199,253.33444431120185,420,422,420,422,,8.950442232415528e+31,2.27680999340217e+32,3.388909656562385e+31,2.926219821264045e+31,91.16940458645901,54.51556086387627,,5.351996982903722e+31
1,0.1152290206744391,0.04086335980537115,338.9546647360553,73.6779969306644,1653,1655,1653,1655,2.25,4.9595901873693404e+32,2.9762819626857073e+32,3.388909656562385e+31,2.926219821264045e+31,505.1849647581922,856.6953551205538,2.25,8.410499466971499e+32
